User,Pesan,Jam,Tanggal,Status
Maimunah,"Asing juga tinggal dikit sih kayaknya keluar juga ngak ngefek amat
Yg serem skrg ritel byk eui
Membalas : Photo
Kalau liat berdasarkan makin muda taun kyknya kgk efek ke IHSG alias ijo besok
Kalau copet mau IHSG merah atau ijo yg penting sore cuan dan kosong porto
",7:25:52 PM,Sunday March 28 2021,Positif
Maimunah,"Membalas : Ia om  
Sentimen ijo kuat soalnya dimana mana Dilini masa ijo, tapi hasil akhir yg menang yg guyur ttp follow theoney",7:22:44 PM,Sunday March 28 2021,Positif
Jimmy,"Membalas : Mohon pencerahan om, aturan CL 2% (atau berapapun) ini ..terhadap total modal atau terhadap modal per trade ya?
Idealnya sih dari modal per trade yah. Kan cuan juga targetnya modal per trade. Tapi kalo mau dari overall modal juga boleh aja. Tapi ngincer TP cuannya pastinya dari overall modal juga  ",3:02:55 PM,Sunday March 28 2021,Positif
IHSG MORNING STAR OTW 6500,Haka antm 1jjta lot,2:54:23 PM,Sunday March 28 2021,Positif
Kaanz ,"Membalas : mau tanya, volume dikatakan tinggi itu kalau diatas volume rata"" candle harian atau gmn ya?
Kalo menurut saya volume dikatakan tinggi apabila transaksi hari ini lebih besar dari transaksi hari sebelumnya, baik tekanan jual atau beli, mungkin ada yang ditambah lagi dari teman  correct bila salah",2:48:51 PM,Sunday March 28 2021,Positif
Eko Bawono,"Membalas : Info dari Rm Alfius, Komisi Kepemudaan Keuskupan Makassar:  Mgr dan Para Romo serta teman2 sekalian... kami aman. Tidak ada kor
Syukurlah tdk ada korban jiwa dr umat.
#CENT. stlh sinyal wiseman1 valid ungu justru naik utk sementara orange. Struktur harga dan volume oke. Hmmmm
Ini adalah foto
#ANTM. Sinyal wiseman1 valid. Formasi candle sinyal buy. Hmmmm
Ini adalah foto",11:36:16 AM,Sunday March 28 2021,Positif
Bu Nana,"Membalas : Kalo sudah kenal betul sahamnya sih ada kemungkinan. Cuman memang risky yah. Kecuali capital all-in nya tidak terlalu besar, kat
Ya pak Jimmy kenal pola dr awal ditarik dan biasanya memang sudah uptren dan posisinya 
1. Mantul dr ma 5 or ma 20 
2. Mantul dr support candle",11:33:09 PM,Saturday March 27 2021,Positif
ryanless,"AGRO mantul di 1035
Ini adalah foto",10:53:58 PM,Saturday March 27 2021,Positif
ryanless,"Membalas : Ne ap mksdny?
Kalo jebol mungkin mantulnya di fibo 0.5 om",10:34:53 PM,Saturday March 27 2021,Positif
Avianto,"Yah itu yg sy maksud.. banyak jg retail yg "" gambling""  beli saham di hari LK krn prediksi di LK nya profit. Lalu saat LK keluar dan benar profit, maka  saham naik hr itu, kemudian TP di sore hari. 

Tetap ini masuk kriteria yg di sampaikan WB tadi
Menurut pendapat sy loh. Yg beda pendapat yah monggo
",8:09:46 PM,Saturday March 27 2021,Positif
Avianto,"Yup berarti benar day trading = zero sum game. 

yg cuan dapat uang dari yg boncos. 

Beda bila cuan di karenakan harga saham naik di sebabkan krn keberhasil perusahaan mencetak laba. Ini bukan zero sum game.
Saat org pegang saham bbrp waktu lalu harga naik saat LK keluar profit besar... maka banyak org tertarik saham tsb shg saham naik harganya",8:04:58 PM,Saturday March 27 2021,Positif
Kaanz ,"CENT memang menarik dari chartnya, apalgi kan mau RI juga bisa cuan njedog tuh ",7:28:14 PM,Saturday March 27 2021,Positif
Aho Lie,"Membalas : Iya jg, kadang sdh CL, harga malah naik lagi, kejadiannya di TINS dulu
Saya sekrg di cent  padahal udah komit mau sampai target e...iseng pdhl beli dpt di 226 itu harga plg tinggi lgs haka naik terus sampai 300 e..turun jual dulu 272.  Naik lagi fomo beli 280 trus turun gsk tahan maksd mau cl trus masuk lg malah lebh tinggi tp srkrg udh plus dikit ",7:26:43 PM,Saturday March 27 2021,Positif
Chai Lie,"Membalas : Tp ingat says pernah udah cl masuk kslah cepet malah dpt avg lebh tinggi jadi gak ada yg 100%bener
Iya jg, kadang sdh CL, harga malah naik lagi, kejadiannya di TINS dulu  ",7:23:43 PM,Saturday March 27 2021,Positif
Charles Prop,"Membalas : Krn waktu itu says persis pegsng bbtn begitu berits krluar naik 600%nsik tinggi says cuan lumyn saya udah bilg ama saudara sampa
Betul pasti pullback krn bbtn baru break ath 2020 jan kemarin. Tapi masih akan naik lagi mengikuti kinerjanya. Ini berlaku buat saham2 lain jg yg punya kinerja positif",6:38:18 PM,Saturday March 27 2021,Positif
Kaanz ,CENT nya potensi SSP dong ,6:35:16 PM,Saturday March 27 2021,Positif
Aho Lie,"Membalas : Deviden bagi pun jg ga akan besar. Dan ga ada artinya. Toh bbtn selama ini nyari duit dari kupon obligasi, yg harus dibayar bung
Krn waktu itu says persis pegsng bbtn begitu berits krluar naik 600%nsik tinggi says cuan lumyn saya udah bilg ama saudara sampai target 2000 kits tinggsl bener 2100 lebh lgs amblas bgt gak bagi deviden krn kbr bagus dan gak ngaruh banget ke saham sori ini pribadi bisa beda2 analisa gak kelar2     ",6:30:16 PM,Saturday March 27 2021,Positif
Aho Lie,"Membalas : Contoh yang barusan kejadian adalah BBTN. Dirut ditarik org luar. Investor ngerasa kebijakan bbtn ini uda bagus, tapi berhub org
Klo nurut saya begitu bilg untung nsik 600%lrbh tp deviden gak bagi  ",6:24:39 PM,Saturday March 27 2021,Positif
Fakhri Arsyan,"#JPFA,  potensi bikin HnS
Ini adalah foto",3:48:09 PM,Saturday March 27 2021,Positif
Eko Bawono,"Membalas : Wah terimakasih insightnya Pak... Jadi garis ungu itu batas CL kalau entry skrg di 1005 ya?
Grs ungu sinyal buy dr candle",2:38:49 PM,Saturday March 27 2021,Positif
Billy,"Membalas : Jadi saat break volume tinggi baru masuk buat optimal entry ya? Kalau mau spekulasi cicil2 waktu sudah mulai mendekati MA50W nya
Iya ini waktu posisi nya market baru mau turn bull kang.. Skrg kan beda lg.. Skrg cari pivot entry ketika Saham2 yg lg otw uptrend.. Bisa flat base.. Bisa cnh atau rounding",2:24:46 PM,Saturday March 27 2021,Positif
qodri,"Membalas : Photo
wkwkwkwkwkkwk hasil cuan MPPA d balikin lg k perusahaannya ya pakde",2:04:15 PM,Saturday March 27 2021,Positif
Hendro Masori,Lanjutkan. Pamit dulu waktunya belanja ke MPPA....  ,1:46:05 PM,Saturday March 27 2021,Positif
DEN,ANTM minggu depan ARA wajib pantau beritanya baru di buat media    ,1:44:41 PM,Saturday March 27 2021,Positif
Tommy Daniel,"Membalas : berkat guru-guru disini pak benhan   semenjak para guru disini sharing pengalaman, saya berpendapat tidak perlu waktu lama untu
Kalo udah cuan 10% gak ada salahnya take profit.

Kalo dipraktekkan 10x aja modal udah grow 100%",1:28:40 PM,Saturday March 27 2021,Positif
Fajar Oktavaria,"Membalas : Mantap, set stoploss di berapa skrg DOID
engga cutloss jadinya pak, malahan jadi profit  ",12:44:58 PM,Saturday March 27 2021,Positif
Benhan,"Membalas : Photo
Kalau lewat 1040, saya beli. Sama kayak analisa @sitotom tadi
",12:32:22 PM,Saturday March 27 2021,Positif
Bu Nana,"Saya hbs CL bbrp saham , makanya cari ganti , posisi triangle eh blm bo malah avrg down tapi malah saham tsb naik lagi dgn akumulasi asing hehe kadang kedistract antara akum asing vs support resis",12:17:31 PM,Saturday March 27 2021,Positif
Benhan,"Membalas : Saya lagi ragu pak Rakhmad, krn uda tinggi tapi masi uptren dan topik pagi ini Adalah avrg down
Kalau benar avg Anda 1020, ga perlu ragu Bu. Saya rasa Senin ini ga akan sempat avg down karena harganya dah naik duluan ",12:14:40 PM,Saturday March 27 2021,Positif
Rui :rocket: :speedboat::dancer: ,"Membalas : ini pada case saat terlanjur dalam https://www.tradingview.com/x/bvz254Wp/
Mantap ini!!     

Kalau saya sendiri waktu CENT turun k bawah 250 saya CL krn beli avg up jdnya dpt di 262
Kamis setelah bottom lalu membentuk hammer hijau dg volume bagus baru saya masuk lg, di 250 juga",12:02:02 PM,Saturday March 27 2021,Positif
Bu Nana,Smra masi uptren,11:38:22 AM,Saturday March 27 2021,Positif
Benhan,"Membalas : 1020
Kalau avg nya segitu, harga closing kemarin 1005, kenapa avg down? Mending tunggu dia konfirm naik baru avg up",11:35:36 AM,Saturday March 27 2021,Positif
Bu Nana,"Pagi TT , apa ini saat yg tepat buat avrg down smra ? Di 1000 sd 950?
Ini adalah foto",11:27:30 AM,Saturday March 27 2021,Positif
Benhan,"Tentunya average down saat belum capai toleransi cutloss ya masih OK. Misalnya SAME pas koreksi sebelum RI dan kemarin2 CENT pas koreksi dikit saya avg down masih OK, karena cuma turun sedikit belum reversal trend",11:07:35 AM,Saturday March 27 2021,Positif
Alfian,ISAT :rocket:,10:08:01 AM,Saturday March 27 2021,Positif
Angga Bhara,Yukss mumpung hari libur qt wisata ke taman AGRO agar fress hari senin,9:48:34 AM,Saturday March 27 2021,Positif
Tommy Daniel,"Membalas : Membaca pengalaman suhu2 di sini dan berkaca dari pengalaman pribadi, rule nomor 1 trading itu memang PASANG STOP LOSS! Bahkan G
Setuju kakak... pasang stop loss ditiap posisi. Upgrade to trailing stop buat take profit.

Karena take profit itu juga sama penting nya dengan stop loss. Supaya bisa lihat account kita grow atau tidak.",9:13:13 AM,Saturday March 27 2021,Positif
Andrian,akra pak bisa dilirik,7:46:12 AM,Saturday March 27 2021,Positif
Daniel Bong,"Temen disini waktu covid bulan Maret ada yg potensi loss sampai 70% tapi habis skg sdh berbalik profit hampir 100%..klau ada angkat jempol nya   
Maret 20 ya bukan yg skg",7:20:07 AM,Saturday March 27 2021,Positif
Rui :rocket: :speedboat::dancer: ,"Membalas : CENT nya dipantau bu Saya liat bagus tunggu konfirm Koreksi kalau salah
CENT kebetulan kemarin sudah masuk kak begitu dia ngebentuk mjolnir hijau dengan volume bagus, thank you remindernya   

Eko Bawono Aminnn pak, kalau itu sampai terwujud        cup nya cantik banget soalnya  ",10:29:11 PM,Friday March 26 2021,Positif
Eko Bawono,"Kl sy mau beli same, buy jk tutup di atas angka2 di atas. Kl lancar, sapa tau akan  
Ini adalah foto
Ini adalah foto",10:26:57 PM,Friday March 26 2021,Positif
Yugo Ginanjar,"Membalas : Photo
CENT nya dipantau bu 

Saya liat bagus tunggu konfirm
Koreksi kalau salah",10:26:16 PM,Friday March 26 2021,Positif
Rui :rocket: :speedboat::dancer: ,"Ijin berbagi analisa juga, hari ini SAME menunjukkan buyer kembali memasuki arena namun tertahan dibawah fibo 0.5 atau area sell signal dari Pak Guru Eko
Apakah besok akan berlanjut kenaikannya, atau akan kembali turun untuk mendekati MA20nya, karena selama ini MA20 selalu dicolek dulu sebelum ngegas  

Saya akan menunggu di area MA20 tersebut
Ini adalah foto",10:23:59 PM,Friday March 26 2021,Positif
Rick Andre,"Membalas : Photo
Kl diliat dr history gris hitam sblmnya ad potensi break keatas pak.. dlm weakly lbh cantik candle nya..",10:23:19 PM,Friday March 26 2021,Positif
Fajar Oktavaria,"Membalas : Photo
jika lanjut naik dengan volume menurut saya >458, jika buy on weakness 416 *untuk perjalanan ke 500 harus melewati resistnya di 474 (by body)
",10:00:37 PM,Friday March 26 2021,Positif
Shimano Aditya,"Kalau saya, yakin akan retest ke garis support hijau dulu. Klo berhasil bertahan di atas support, mungkin saya cicil beli, klo dia break garis hitam baru saya avg up",9:58:31 PM,Friday March 26 2021,Positif
Kaanz ,"TT nya udah jebol resistance, menuju ATH nih ",9:30:15 PM,Friday March 26 2021,Positif
Kaanz ,Terimakasih juga pak @JuthaBram  view nya tentang indeks semoga juni bisa cuan njedog  ,9:29:14 PM,Friday March 26 2021,Positif
Shimano Aditya,TT Ara lagi banyak dari grupnya pak jutha hahha,8:51:22 PM,Friday March 26 2021,Positif
Muhammag kuncoro,"Membalas : Kagak tau padahal dah mute kan?
Asix juga dengar masak2 di grub saham mungkin ini kodenya saham icbp ya minggu depan.",8:45:01 PM,Friday March 26 2021,Positif
Dave @propertyimpianmurahsurabaya,Lg goreng Ikan mungkin  ,8:36:38 PM,Friday March 26 2021,Positif
Jutha Bram,"Membalas : Yang haka antm tins inco mcas mukanya beseri2 pasti   
Saya Haka ESSA saja kemarin  
",5:34:23 PM,Friday March 26 2021,Positif
Mic,"Membalas : ANTM TINS INCO MCAS HAKA
Yang haka antm tins inco mcas mukanya beseri2 pasti   
",5:26:14 PM,Friday March 26 2021,Positif
Satimin Sejati,"Membalas : Yup, swing low confirmed. Semoga 1 april akan jadi last chance to buy before start to retest 6550 lagi di april-Mei...
Semoga bisa yiha2 lagi setelah musim tanam kmrn. Aamiin",5:25:53 PM,Friday March 26 2021,Positif
Jutha Bram,"Membalas : Nah sekarang sudah resmi suhu @JuthaBram. Terima kasih bantuan forecast-nya...
Yup, swing low confirmed. Semoga 1 april akan jadi last chance to buy before start to retest 6550 lagi di april-Mei...",5:21:24 PM,Friday March 26 2021,Positif
Paw Paw,cakep ya antm,4:46:50 PM,Friday March 26 2021,Positif
Johny,"Membalas : Mau tp ritail gak ngikut  
lumayan yang serok tadi cuan 3%  ",3:25:01 PM,Friday March 26 2021,Positif
Jafar Sim,"Membalas : Jadi pola htf nya pak ?
Harusnya jadi ya, konfirmasinya senin kalau harga naik tinggi dengan  volume tinggi juga,",3:08:16 PM,Friday March 26 2021,Positif
Mic,Ihsg hijau gini ramai ya giliran merah diam semua   ,2:57:52 PM,Friday March 26 2021,Positif
Hx,Kija mulai gerak,2:16:24 PM,Friday March 26 2021,Positif
Humam,"Membalas : Pastikan lamar jabatan level Management ya Pak...karena itu MSOP bukan ESOP
AGRO MESOP pak, employee dapet juga.. ",2:08:28 PM,Friday March 26 2021,Positif
rigeladitya,"Membalas : saya ga nyadar pak sudah dari maret sudah pasang gtc baru nyadar siang tadi heran kok tiba tiba cash nambah tapi kalo tembu
yes, ihns besar banget... masing2 shoulder 3 bulan bikin base-nya.",1:58:08 PM,Friday March 26 2021,Positif
Fajar Oktavaria,"Membalas : wahaha.. lama bat. say abaru seminggu juga udah mulai gerah nih.
saya ga nyadar pak sudah dari maret sudah pasang gtc baru nyadar siang tadi heran kok tiba tiba cash nambah   
tapi kalo tembus >630 memungkinkan buat ihns itu",1:57:23 PM,Friday March 26 2021,Positif
Erich,ihsg 7000 :rocket::rocket::rocket::rocket::rocket: ,1:48:46 PM,Friday March 26 2021,Positif
as s,"Membalas : Yeay IHSG tembus 6180
   ",1:44:23 PM,Friday March 26 2021,Positif
Andru,Yeay IHSG tembus 6180,1:43:38 PM,Friday March 26 2021,Positif
Erich,"Membalas : Jgn salah yg tumpah piringnya byk  
sold barusan kena tins",1:42:15 PM,Friday March 26 2021,Positif
den,masa2 kejayaan antm is back  ,1:41:10 PM,Friday March 26 2021,Positif
Erich,kenyang dah dari tins antm inco hari ini :airplane::airplane::airplane::airplane:,1:41:01 PM,Friday March 26 2021,Positif
Aho Lie,"Membalas : ampun antm remnya blong  
Semoga ara kasian yg nyangkut byk inget klo udh untung buru2 Tp",1:40:57 PM,Friday March 26 2021,Positif
as s,ampun antm remnya blong  ,1:40:06 PM,Friday March 26 2021,Positif
Rakhmad Nirmawan Nofendi,"Membalas : Sadis ya om, yg related sama pat.wal. :police_car:
iya private equity yah gt kerjaan nya beli perusahaan yg babak belur di benerin ud cantik baru jual   . investasinya yg nyangkut kyknya di DOID waktu akuisisi BUMA di harga 1145 gak salah",1:38:40 PM,Friday March 26 2021,Positif
Charles Prop,Banking uda rally. Sip ihsg ketahab,1:38:19 PM,Friday March 26 2021,Positif
Septianto Francisco,DGNS serok arb ngab :rocket::rocket:,1:30:48 PM,Friday March 26 2021,Positif
Rakhmad Nirmawan Nofendi,"Membalas : Keinget saham MASA om, siapa tau ada cerita yg sama kd go private gitu , dpt durian runtuh kalo sahamnya bener
northstar untung byk abis placement masa ke michelin sejak itu saham""nya northstar pada aktif",1:30:01 PM,Friday March 26 2021,Positif
Aliong,"Membalas : Harus liat produk ny jg si pak kenapa bs mau go private. Sngt minim sekarang prusahaan mau go private apalagi lg pandemi gini BU
Yak betul, cerita kaya saham MASA pasti dijaga ketat juga ga bole bocor alus",1:28:33 PM,Friday March 26 2021,Positif
Aho Lie,Saya sih yakin cent bakal ke 300 lebh ..ya...masalh lebhnya nih kira2 dilebihin 100 200 atau 2000       ,1:16:03 PM,Friday March 26 2021,Positif
Efraim Arya,Udh 5 kali lipat itu gais kalo beli di maret tahun lalu xixixi,1:11:16 PM,Friday March 26 2021,Positif
Erich,"Membalas : Enak kan beli AGRO Rp285 perak harga pasar 11xx   auto chuan gede benar
sm kayak bjtm ini mesop2 ya",1:10:12 PM,Friday March 26 2021,Positif
RBTAN59,"Membalas : Ini sih bukan saya pastinya    Tapi lumayan kan ANTM digoreng dari 700-an ke 2300-2400. 3x lipat dalam waktu setengah tahun
cent mgkn bisa jg 3x lipet yah Om   ",1:08:32 PM,Friday March 26 2021,Positif
Soebianto,Enak kan beli AGRO Rp285 perak harga pasar 11xx   auto chuan gede benar,1:06:43 PM,Friday March 26 2021,Positif
Soebianto,"Membalas : Asing yang beli RI Arto sih pinter, beli nya di harga disc 70%an dari harga pasar, smart....
Ini spt karyawan AGRO dikasih beli harga disc 70%an dari harga pasar ya pasti mau kan chuan lsg, apalagi di dokumen nya gak ada kata2 lock up",1:05:41 PM,Friday March 26 2021,Positif
Soebianto,"Asing yang beli RI Arto sih pinter, beli nya di harga disc 70%an dari harga pasar, smart....",1:04:25 PM,Friday March 26 2021,Positif
Benhan,"Membalas : kmaren"" jg beli antm pada bilangnya sama karna masa depan 
Ini sih bukan saya pastinya   
Tapi lumayan kan ANTM digoreng dari 700-an ke 2300-2400. 3x lipat dalam waktu setengah tahun",1:01:40 PM,Friday March 26 2021,Positif
Taufiq,Nah ini. Ihsg drtd naik terus. Koreksi bentaran. Ntar kl dibawa turun ya lumayan jg.,12:53:46 PM,Friday March 26 2021,Positif
Andru,"Membalas : dari segi mana om saingan bbca? harga saham? atau bisnisnya?
Bisnisnya dong, akuisisi oleh gojek dan kita tau customer / pengguna gojek brp banyak di seluruh Indonesia",12:41:46 PM,Friday March 26 2021,Positif
Andi FX,"Membalas : uda takut. MG aja uda jarang nongol di antm 
Hari ini nongol..makanya naik  ",12:38:14 PM,Friday March 26 2021,Positif
Charles Prop,"Membalas : kmaren"" jg beli antm pada bilangnya sama karna masa depan 
antm sudah masuk msci harga sudah dijaga. ga akan sevolatile dulu lagi",12:31:35 PM,Friday March 26 2021,Positif
Andi FX,"Membalas : Beli ARTO karena masa depan lah. Itu PBV ARTO belum update karena equity nya skrg sekitar 8T setelah right issue. PBV skrg sekit
Saya beli arto karna digoreng...berharap digoreng terus dan terus...dan terus.. ",12:31:14 PM,Friday March 26 2021,Positif
krm nugraha,"Membalas : Beli ARTO karena masa depan lah. Itu PBV ARTO belum update karena equity nya skrg sekitar 8T setelah right issue. PBV skrg sekit
kmaren"" jg beli antm pada bilangnya sama karna masa depan ",12:30:05 PM,Friday March 26 2021,Positif
Charles Prop,"Membalas : Yang seperti ARTO ini jarang2 mungkin setahun cuma ada 3-4 emiten yg growthnya secepat ini. All leading to momennya Gojek IPO. I
kalau ditarik ke belakang chartnya 3-5tahun lalu, anda pasti ngerti kok kenapa ini saham dari 100perak jadi 5000 dibanting ke 100 lagi dengan sangat cepat
Membalas : Setuju, saingan nya BBCA
dari segi mana om saingan bbca? harga saham? atau bisnisnya?",12:23:19 PM,Friday March 26 2021,Positif
Bapakne Naila,"Coba digital bank pake PEG om, PE/EPS growth.
Membalas : Telat taunya klo tau dr dulu org kemarin waktu blm nsik harga 226 saya beli trus jyal tp sempet fomo waktu 280 tp gpp udh avg do
Siap om   ",12:07:02 PM,Friday March 26 2021,Positif
Aho Lie,"Membalas : Waktu 180 ga dilirik om  
Telat taunya klo tau dr dulu org kemarin waktu blm nsik harga 226 saya beli trus jyal tp sempet fomo waktu 280 tp gpp udh avg down jd udh lumyn pas harga 240",12:05:55 PM,Friday March 26 2021,Positif
Vincent,"Saya mantau aja pak,all the best hehehe. Saya jg punya pandangan oke kok ke arto.",11:50:06 AM,Friday March 26 2021,Positif
Benhan,"Yang seperti ARTO ini jarang2 mungkin setahun cuma ada 3-4 emiten yg growthnya secepat ini. All leading to momennya Gojek IPO. Ini blueprintnya sudah jelas dan eksekusi Right Issuenya sempurna. Sayang kalau terlewatkan. 
Di dalamnya ada North Star pula. Banyak boxes ticked!  ",11:44:52 AM,Friday March 26 2021,Positif
Benhan,"Beli ARTO karena masa depan lah. Itu PBV ARTO belum update karena equity nya skrg sekitar 8T setelah right issue. PBV skrg sekitar 16x. Sudah masuk kategori Bank Buku III.
Terus bakal right issue terus sampai equitynya capai 30T masuk Bank Buku IV. Perkiraan 2022 lah tercapai.",11:40:54 AM,Friday March 26 2021,Positif
R,"haka bvic MG mulai masuk, AVG 177. masih harus di kerek naik ke 180-185",11:33:11 AM,Friday March 26 2021,Positif
Maimunah,"Waduh piye toh masih AVG, yg baru msk pagi aja ini udah cuan salah kamar ya",11:32:18 AM,Friday March 26 2021,Positif
Aho Lie,"Membalas : Hehehe ya udah hari ini ada buto ijo jd cerah smg yg nyangkut kmrn bisa keluar
Saya avg down terus pak biar gak ketinggian",11:31:28 AM,Friday March 26 2021,Positif
Benhan,Pas banget ya ANTM dikerek ke atas hari ini karena ada presscon battery holding. Begitulah cara market maker bekerja,11:31:21 AM,Friday March 26 2021,Positif
Aho Lie,Klo cent sampai april kyknya prospektus keluar tp harga udsh diatas 300     ,11:30:27 AM,Friday March 26 2021,Positif
Aho Lie,"Membalas : Ga ngedoain kok pak, cuma nawar ala ibu ibu aja   
Mudah2an dibalik sma malaikat jadi Ara gak usah byk2 5x aja   ",11:24:42 AM,Friday March 26 2021,Positif
Novian Yudha 087,Antm TP selanjutnya 2800,11:21:40 AM,Friday March 26 2021,Positif
Rolando,"Membalas : Suhu master Aho adalah spesialist CENT pak suhu master intel khong guan @Rovipr
sampai2 semua saham yg ijo dilihatnya ticker CENT  

peace ya, salam cuan",11:11:49 AM,Friday March 26 2021,Positif
Aho Lie,"Membalas : Yang nyambung direply itu camp pak   
Kirain orgnya nanys kenaps Cent nsik    maklum efforia",11:09:23 AM,Friday March 26 2021,Positif
Mic,"Membalas : ANTM TINS INCO MCAS HAKA
Ya haka congrats udh cuan ya",11:06:50 AM,Friday March 26 2021,Positif
Efraim Arya,"Membalas : kenapa naik tinggi om? ada isu apa?
Dia itu dulu isunya mau ikut distribusi salah satu vaksin kalo gk salah, makanya naik kenceng",11:04:01 AM,Friday March 26 2021,Positif
Aho Lie,"Membalas : kenapa naik tinggi om? ada isu apa?
Waduh gak tau bakal Ri tp jadwsl brlum keluar klo prediksi sih bisa diatas 300  
Membalas : kenapa naik tinggi om? ada isu apa?
Catet hr ini klo tutupnaik bisa diatas 7 % senin selasa siap2 Ara    ",11:01:49 AM,Friday March 26 2021,Positif
Aho Lie,"Membalas : AK nyerok Cent
Prospek",11:00:10 AM,Friday March 26 2021,Positif
Johny,AK nyerok Cent,10:58:28 AM,Friday March 26 2021,Positif
Aho Lie,"Membalas : Photo
Ini yg saham salah satu diprediksi pak HS akan nsik tinggi   ",10:58:07 AM,Friday March 26 2021,Positif
Yoga Dharmawan,"Membalas : @RuiAuxilia Mb klo BBYB itu cumdate nya kapan to...kq di rti ma stockbit beda
Di rti belom update kayaknya, cumdate bbyb uda tgl 24 kemaren",10:52:19 AM,Friday March 26 2021,Positif
Aho Lie,"Membalas : merasa berdosa jual d 3400 dulu
Waduh beruntung d ong hr ini udh terbg mash 2300 an mau pakai jet pribadi ke 3400   
Membalas : bahagia nyerok smalem sore om wkwk
Nyeroknya hrs jelas dulu    ",10:46:16 AM,Friday March 26 2021,Positif
Aho Lie,"Mana suara Brms    
Membalas : banyak yg bahagia yah kalau antam naik
Ia byk yg nyangkut",10:41:03 AM,Friday March 26 2021,Positif
Faizal S Rahman,"Membalas : https://www.tradingview.com/x/4w4bOHjN/ Biar teknikal yg mnjawab hha
mantepp,, dah jebol resist kah ?? otw 2600 kah ???",10:37:48 AM,Friday March 26 2021,Positif
Septio Hanifa,PKPK ara gak nih,10:29:11 AM,Friday March 26 2021,Positif
muriz,Antm nyangkut 8% terbayar lunas dgn hati yg tenang..gak minus lagi....trmksh pak sopir,10:28:02 AM,Friday March 26 2021,Positif
Deny Hermawan,ANTM :rocket:,10:26:17 AM,Friday March 26 2021,Positif
Fadli,antm kalo bertahan di atas 2350 sesi satu strong,10:20:17 AM,Friday March 26 2021,Positif
Erich,harga nikel timah biasa aja..antm tins ijo tebel  ,10:19:28 AM,Friday March 26 2021,Positif
Jafar Sim,"Membalas : Target 300 hbs itu gby my love   
36/264 = 13,6% cuan kotozz kotoozz!",10:12:47 AM,Friday March 26 2021,Positif
Aho Lie,"Membalas : Naaah kalau bapak Aho ini spesialist CENT, mohon banyak banyak kasih masukan tentang CENT yaa
Target 300 hbs itu gby my love   
",10:11:55 AM,Friday March 26 2021,Positif
rahmad,IHSG semoga menuju 6200 dan bertahan disana,10:11:30 AM,Friday March 26 2021,Positif
Ardiyan Bagas,MIKA masih bisa bikin higher high gak ya? Masih sangkut d 2900,10:09:46 AM,Friday March 26 2021,Positif
Aho Lie,"Membalas : ARA kan CENT :rocket:
Udah 2x tik tok mas   ",10:05:25 AM,Friday March 26 2021,Positif
Ardiyan Bagas,ARA kan CENT :rocket:,10:04:34 AM,Friday March 26 2021,Positif
R,"bvic mantap. yok masuk, sblm ketnggalan",10:02:21 AM,Friday March 26 2021,Positif
Jafar Sim,"Membalas : bisa juga 6-7-8-9  
Tulisan suhu master Billy     agak mencurigakan kalau ada tulisan wiim nya spti orang kalau baru pertama kali ketemu cici guru @RuiAuxilia grogi salfok    agro aja agro ajaaa skrg 1055",10:01:20 AM,Friday March 26 2021,Positif
Virgaust,"Membalas : jgn disebut2    nanti rame, khusus orang sabar wkwkw
koh Billy muncul di komen WIIM ini udah menjadi selling point tertentu. nilai Plus  ",9:52:47 AM,Friday March 26 2021,Positif
Kaanz ,CENT nya kek nya juga potensi HTF?,9:50:58 AM,Friday March 26 2021,Positif
Rui :rocket: :speedboat::dancer: ,"Membalas : WIIM nya masih ada 
@wealth88 nih kak ada calon HTF lagi kalau tertarik    tp kalau mau entry saran saya ya memang nunggu hTFnya confirm dulu",9:49:34 AM,Friday March 26 2021,Positif
R,ARA kan BVIC,9:48:58 AM,Friday March 26 2021,Positif
Rui :rocket: :speedboat::dancer: ,"Membalas : it's ok lah gak HTF juga. asal base nya kuat, apapun bisa terjadi kyk waktu itu IMAS gagal confirm pattern, tpi volume masih
Iya, ga HTF bukan berarti ga naik ... saya komen kak @wealth88 karena dari kemarin semangat sekali biar HTF di DMMX   ",9:46:30 AM,Friday March 26 2021,Positif
JK Vm,Haka WMUU,9:32:53 AM,Friday March 26 2021,Positif
Rui :rocket: :speedboat::dancer: ,"Membalas : Photo
Tapi kayanya kudu ARA ini biar jebol resisten 496nya biar HTF kak  ",9:28:48 AM,Friday March 26 2021,Positif
Jafar Sim,"Membalas : Volumenya juga mesti besar bukannya pak ?
Nope, tudei masih masa konsolidasi volume harus rendah, senin baru meroket dengan volume besar, saya pasang buy 408 all in ga dapat  nih stress saya  ",9:28:22 AM,Friday March 26 2021,Positif
Jafar Sim,"Membalas : pak, biarkan saja senyap  
Oh iya ya    woke deh agro aja ayok ayok agro skrg 1060 feeling saya hari ini agro closing di 1030 
1030-1134-1208-1290 siapa mau serokk 1060 1060 ayok ayok",9:26:16 AM,Friday March 26 2021,Positif
Bu Nana,Same uda 450,9:15:32 AM,Friday March 26 2021,Positif
as s,antm dorong ihsg  ,9:15:24 AM,Friday March 26 2021,Positif
Vivian,Mantoelll nih same,9:11:15 AM,Friday March 26 2021,Positif
Kirana L,"Membalas : Jd ingat film Capt Phillips :ship:
Kaya insight sahamnya bakal naik ya pak",8:57:27 AM,Friday March 26 2021,Positif
rigeladitya,"Membalas : Should be wise at the current condition of the market? I mean Mark meenermini just wrote a single notice that it may be only a s
cek lagi twitternya minervini bu... dia bilang dia stupid, sering CL tapi habis itu sahamnya terbang. sekelas minervini yang gain portonya sudah 57% YTD aja ngalamin kok  ",8:53:27 AM,Friday March 26 2021,Positif
Benhan,"Membalas : berita 2 hari lalu 
Ketika berita positif dikeluarkan untuk salah satu emiten, itu pertanda akumulasi sudah cukup dan insider siap TP. Ngundang retail buat beli",8:24:58 AM,Friday March 26 2021,Positif
Jafar Sim,"Reminder aja ya, hari ini ijo bukan berarti ihsg meroket to the moon, hari ini ijo berarti mgkn senin merah lagi   supaya hati hati aja jgn terlalu euforia   bagaimana pendapat pak @JuthaBram  ",6:34:53 AM,Friday March 26 2021,Positif
Gue Keren,"Membalas : Photo
Msh ada peluang ijo kok om, coba backtest ke crash 2008. 2 hari yg lalu yaitu kemaren dan lusa lalu pas ultah bottom IHSG, candlenya sama persis kyk 2009 pas ultah bottom thn 2008. Klo history repeat itself, besok berarti ijo.",2:31:21 AM,Friday March 26 2021,Positif
Charles Prop,"Membalas : [BREAKING] BBRI memutuskan untuk membagikan Rp12 triliun atau sekitar 65% dari laba bersih tahun 2020. Dengan demikian, dividen
Di newsnya bukannya 160an ya?",1:08:57 AM,Friday March 26 2021,Positif
IHSG MORNING STAR OTW 6500,"Membalas : Ada yg main binary option binomo di grup ini? Mau tahu mrk benar atau nggak cara kerjanya terutama chart, sistem deposit / with
Binomo illegal",9:55:42 PM,Sunday March 28 2021,Negatif
Dharma Djiauw  ,"Membalas : Ada yg main binary option binomo di grup ini? Mau tahu mrk benar atau nggak cara kerjanya terutama chart, sistem deposit / with
Traffic data di chart bisa dimainkan pak
 kalo profit 80% trader, 20% buat pihak sana, loss ya 100% trader 
Blm trmasuk permainan slippage dan requote",9:38:58 PM,Sunday March 28 2021,Negatif
Taupik Rahmat,"Membalas : Ada yg main binary option binomo di grup ini? Mau tahu mrk benar atau nggak cara kerjanya terutama chart, sistem deposit / with
Kalo mau cepet miskin bisa main itu om  ",9:37:21 PM,Sunday March 28 2021,Negatif
Melvin E. S.,"Ok mksh..
Ada yg main binary option binomo di grup ini? Mau tahu mrk benar atau nggak cara kerjanya terutama chart,  sistem deposit / withdraw dan web nya. Kabarnya sering di blokir situsnya sama kominfo. Mksh..",9:32:29 PM,Sunday March 28 2021,Negatif
Toni Lie,"Membalas : Fix besok merah dullu ihsg kak
Bukan di jkt, klo di jkt kemungkinan besar merah...",7:24:23 PM,Sunday March 28 2021,Negatif
Muhammag kuncoro,"Membalas : https://amp.kompas.com/nasional/read/2021/03/28/10385551/ledakan-di-depan-gereja-katedral-makassar-polisi-sebut-bom-bunuh-diri
Fix besok merah dullu ihsg kak",7:10:54 PM,Sunday March 28 2021,Negatif
Bapakne Naila,"Membalas : Intinya sih risiko loss = risiko cuan Om. Sebelum siap cuan 2%, maka harus siap loss 2% juga
cari yg RPTnya minim 2 kali dong om, cuan dikit amat hehe
",3:21:14 PM,Sunday March 28 2021,Negatif
INDF 3000,"Membalas : Idealnya sih dari modal per trade yah. Kan cuan juga targetnya modal per trade. Tapi kalo mau dari overall modal juga boleh aja.
Kayaknya Ngeri klo 2%dari total om..loss 5x aja udah down banget tuh mental..apalagi kata buku itu loss 10x dulu sebelum bener",3:10:12 PM,Sunday March 28 2021,Negatif
Steven,"Membalas : Mohon pendapat dari teman2 yang sudah senior di sini. Pertanyaan dari pemula. Mengenai saham DOID. Apa perlu diavg down ketik
Tergantung plannya bapak, kalo uda kecemplung porsi gede dan jebol support bagusan SL tapi kalo masih dikit bisa avg down di support selanjutnya",5:39:07 AM,Sunday March 28 2021,Negatif
Jimmy,"Membalas : Iya betul pak. Nah itu tadi pak Jimmy bilang kalau salah satu kunci trading itu  hindari keramaian . Tapi kenapa ada jg yg bilan
Saya bukan Suhu ya Pak. Masih belajar juga, sedikit di atas niubi lah.

Mungkin pake contoh aja ya yang gampang, ANTM. 

Sampai Kamis minggu lalu. Pasar masih pesimis dengan ANTM. Ada yang bilang harga bandar di 1700. Ada yang bilang mau ke 1000, dsb. Keramaian jelas berada di sisi pesimis.

Nah Jumat lalu, secara chart terlihat kalo tutupan Kamis bisa jadi titik reversal. 

Dan kalo yang mengamati aliran akumulasi, terlihat big player konsisten masuk bertahap di 4-5 hari terakhir.

Dan kita tahu akhir bulan ada rencana pengumuman IBH, tapi kita ga tau akhir bulannya kapan, bisa tanggal 25, 26, dsb sampai tgl 30.

Disini terlihat, ""keramaian"" berada di sisi ""pesimis"", sementara market sudah menunjukkan ada ""pembalikan arah"".

Jadi kita mau tes ikut ""market"" atau ikut ""keramaian""?  

Semoga bisa dipahami ya. Memang tipis bedanya, tapi ya itulah kurang lebih benang merahnya. Mirip kaya liat divergen trend. Kadang selip mata  ",1:30:08 AM,Sunday March 28 2021,Negatif
Bu Nana,"Ikut rules nya pak Billy berarti antm magnetnya ke bawah?
Ini adalah foto",11:50:56 PM,Saturday March 27 2021,Negatif
Ronny,"Membalas : betul, mau gimanapun retail tetaplah retail. selalu ada istilah cuan jual ini yg bikin retail ga akan pernah bisa ngalahin banda
Memang betul hedgefundnya rugi gede2an. Namum selalu dalam peperangan pasti banyak retail kena sembelih   ",9:22:41 PM,Saturday March 27 2021,Negatif
IHSG MORNING STAR OTW 6500,"Membalas : Photo
Iy senin tkt jebol krn rilis lap keu kelek",8:48:56 PM,Saturday March 27 2021,Negatif
Hatsuko,"Membalas : Sependek amatan saya avg down itu boleh dg pertimbangan2: 1. Sahamnya memang liquid 2. Mengenali S&R dg cermat 3. Penggunaan dan
Lebih tepat sebenarnya konsep avg down adalah beli mencicil di satu emiten yg sama. Setelah selesai (mencicil sistem piramida, cicil 2,3,4 kali, dengan alokasi misal 20% total porto) tapi harganya lalu tetap turun 6% dari avg, cutloss. Kalau yg pembelian sekaligus (juga alokasi 20% porto) dan harganya turun juga 6% cutloss. Jadi konsepnya tetap disiplin cutloss saja dari alokasi 20% porto kalau harga turun 6%. Incar lagi saham yg sama setelah trend nya jadi bullish atau cari saham lain.  ",8:13:26 PM,Saturday March 27 2021,Negatif
Charles Prop,"Membalas : Mungkin WB belom pernah menikmati cuan dari scalping Karena buat apa dia sudah kaya raya, hehe
Kalau lihat perjalanan WB. Dia loss bnyk tu di awal. Bahkan berkshire nya itu adalah salah satu kegagalan dia",7:23:09 PM,Saturday March 27 2021,Negatif
Avianto,"Makanya sy koq merasa, banyak teman2 sy yg masih baru di market belum sadar kalo day trading itu zero sum game. 

Jadi kalo dia boncos, pasti ada org lain yg cuan. 

Beda kalo dia beli saham hari ini melihat prospek bagus , akan bagi deviden gede. Eh ternyata 2 minggu kemudian, gak bagi deviden (spt kasus BBTN), wajar kalo dia out dr saham itu krn kebijakan manajemen tdk sesuai yg di harapkan. 

Tapi kalo day trading, dia masuk pagi, sore dia jual... (krn apa dia jual), pasti krn udh cuan kecil (TP) atau krn rugi kecil (CL).",7:17:08 PM,Saturday March 27 2021,Negatif
Fajar Oktavaria,"Tapi yang arb masih 7% aja sudah banyak yang sensi, ga kebayang kalo arb sudah 25% lagi akan seperti apa   ",6:34:17 PM,Saturday March 27 2021,Negatif
Billy,"Membalas : Tim nawar harga ala emak emak saat itu akan senang hu  
Beli di ara lalu dibanting ke arb pake margin pula.. Duh saya pernah bgt dlu kaya gini. Haka saham ga jelas di running trade, selesai market senggol bacok   ",6:33:58 PM,Saturday March 27 2021,Negatif
Taufiq,"Kl balil arb normal, biasanya masnya pasang ts brp persen mas?",6:33:05 PM,Saturday March 27 2021,Negatif
Billy,Ideal nya emang balik lg ke arb normal  .. Tp ya... Siap2 aja yg ga biasa arb 6% goyang nya mantap,6:29:49 PM,Saturday March 27 2021,Negatif
Puspita Wardani,"Membalas : Ci Rui maksdnya ARB simetris apa ya? Noted tadi bahas tapi tidak mengerti mksdnya? 
ARB simetris itu turun 25%",6:22:22 PM,Saturday March 27 2021,Negatif
Denny Wang,"Pak @JuthaBram 

Berarti.  Ini ihsg sdh swing low ya?

Nda turun ke 5800 atau 6000 lg?


Senin pasti org2 pada haka kyk nya..

Apa kita sdh. Mulai masuk fase Party sampe juni?",6:12:21 PM,Saturday March 27 2021,Negatif
Charles Prop,"Contoh yang barusan kejadian adalah BBTN. Dirut ditarik org luar. Investor ngerasa kebijakan bbtn ini uda bagus, tapi berhub org luar masuk maka bakal ada rubah kebijakan lagi dan belum tentu sinergis. Makanya itu saham lsng drop sampe lumayan dalam",6:07:04 PM,Saturday March 27 2021,Negatif
Rui :rocket: :speedboat::dancer: ,"Membalas : Mumpung belum ilang, segera cari opsi pengganti nya
Nah ini sangat setuju hu Ferry ...  Saya sih lebih serem nanti kl ARnya dibuat simetris lagi, ga bisa nyantai2 lagi ah ARB cuma 7%   CL harud super ketat dan money management juga",5:53:13 PM,Saturday March 27 2021,Negatif
Fajar Oktavaria,"Membalas : Ini nih yg namanya cut your loss and protect your profit  
berkat guru-guru disini pak benhan  
semenjak para guru disini sharing pengalaman, saya berpendapat tidak perlu waktu lama untuk bisa ""cut your loss and protect your profit"" atau sederhanakan saja menjaga modal
cukup akui kesalahan dan belajar dari kesalahan   
*notes jika ada yang bertanya saat itu kesalahan terbesar saya dimana, itu saat asri dan dkft htf (disini saya tidak mempersiapkan TS ataupun SL)",12:59:50 PM,Saturday March 27 2021,Negatif
Benhan,"Membalas : engga cutloss jadinya pak, malahan jadi profit  
Benar, maksudnya dah pasang stoploss buat Senin? Kemungkinan bisa turun lagi nih",12:48:26 PM,Saturday March 27 2021,Negatif
DenmasBams,"Membalas : Saya lagi mau coba ini di next trade: never average down. Kalau loss artinya kita salah masuk, ya cepat keluar. Cari opportunit
Minervini itu juga ga pernah average down ternyata...just cut if you make wrong decision.",12:34:05 PM,Saturday March 27 2021,Negatif
Bu Nana,"Membalas : Kalau benar avg Anda 1020, ga perlu ragu Bu. Saya rasa Senin ini ga akan sempat avg down karena harganya dah naik duluan
Tadi pagi saya diskusi ama tmn via pm di bantah ama dia, jelek itu smra , makanya saya cari second opinion",12:15:42 PM,Saturday March 27 2021,Negatif
Bu Nana,"Saya lagi ragu pak Rakhmad, krn uda tinggi tapi masi uptren dan topik pagi ini   Adalah avrg down",12:12:00 PM,Saturday March 27 2021,Negatif
Hatsuko,"Membalas : Average down saya selama ini cuma berhasil untuk keluar di break even modal. Dan itu butuh berminggu2 nunggu reversalnya... Di
Avg down di saham sebenarnya sama saja membeli lagi saham (tapi code sahamnya sama) di harga yang lebih rendah berharap akan naik ke harga breakevennya atau lebih. Sama saja dengan cutloss saham tadi terus membeli saham lain yang diharapkan akan naik juga (cuma kode saham nya pasti berbeda). Karena sudah salah posisi harusnya jangan avg down. Pindah ke lain saham.",11:56:54 AM,Saturday March 27 2021,Negatif
Supriyanto,"Kalo turun, kita average down 2x di bottom",11:34:58 AM,Saturday March 27 2021,Negatif
Hendro Masori,Sudah paham sebenernya resiko loss di saham itu ada. Tapi pada saat itu terjadi susah sekali untuk mengambil keputusan cut loss...,10:46:31 AM,Saturday March 27 2021,Negatif
Billy,Saya ga akan putus assa lg ampe pinjem KTA .. Itu same aja balik lg ke lubang hitam.. Mending natural aja.. Wish me luck....  ,9:43:49 AM,Saturday March 27 2021,Negatif
AAN,"Membalas : Cut lost dulu aja pak senen. Beli yang ASIIk biar bisa join ngobrol disini
Saya ijin KBAG keuangan dulu pak kalau mau cutloss....  ",9:33:07 AM,Saturday March 27 2021,Negatif
Ronny,"Membalas : Sahamku LPPF bingung dirangkai jadi kata apa ya   
Cut lost dulu aja pak senen. Beli yang ASIIk biar bisa join ngobrol disini",9:31:05 AM,Saturday March 27 2021,Negatif
Billy,"Membalas : Masih mending sih pinjem bank buat trading ketimbang margin. Kalau margin kan ada margin call dan harus force sell kalau pinjem
Loh saya pinjem ke bank nya terus dipake trading pake margin.. Kurang apa   ",7:27:52 AM,Saturday March 27 2021,Negatif
Jaidie,"Membalas : Saham mana yg arb berhari2
IKAN mungkin wkwk",7:12:40 AM,Saturday March 27 2021,Negatif
Charles Prop,"Membalas : anak forex TA nya kuat nih  
Loss di forex pahit pak. Lossnya sampe ambles2 ga bersisa krn leveragenya lebih dashyat puluhan sampe ratusan kali lipat dr margin ihsg",1:11:54 AM,Saturday March 27 2021,Negatif
hery,"Membalas : Back Test kenaikanorpenurunan Ex date SS.pptx
wah, BRPT kemarin tidak menyenangkan yah",1:11:45 AM,Saturday March 27 2021,Negatif
Eko Bawono,"#SAME. Sy ga pnya, dan ga pnya intensi apa pun. Grs hitam mnrt sy sinyal jual by candle. Hebatnya GPL lgsung naik lg. Sinyal sell terbaru muncul Rabu. Kamis muncul hammer. When to buy?
Ini adalah foto
",9:53:24 PM,Friday March 26 2021,Negatif
Benhan,"Membalas : Td pas pak HM bahas passion, sy trtarik hehe.. krn gini, ini kan arb msh 7%, dsaat arb 7% market koreksi trader2 yg bru join di
Pasang stoploss 5% aja dijamin aman dari ARB mau berapa persenpun. Asal bukan di saham yg ga liquid",9:45:22 PM,Friday March 26 2021,Negatif
Eko Bawono,"#CMNP ascending base. Struktur harga - volume kurang bagus. Hr ini ditarik gila2an. Sy pnya tapi saya khawatir .
Ini adalah foto
Ini adalah foto",7:07:24 PM,Friday March 26 2021,Negatif
Denny Wang,"Membalas : Yup, swing low confirmed. Semoga 1 april akan jadi last chance to buy before start to retest 6550 lagi di april-Mei...
Untuk ihsg?  6050an itu sdh bottom nya pak jutha?  @JuthaBram 

Btw. Wskt cm turun sedikit meskipun lap keu jelek.. dijagain bandar?",6:51:53 PM,Friday March 26 2021,Negatif
Dave @propertyimpianmurahsurabaya,Waduh CLRA arb da berhari hari,4:34:48 PM,Friday March 26 2021,Negatif
Jimi Yang,Essa ngamuk,2:32:02 PM,Friday March 26 2021,Negatif
as s,bmri kemungkinan bid palsu dr tadi ga kuat2 nanjak  ,1:51:05 PM,Friday March 26 2021,Negatif
Aho Lie,"Membalas : Langsung drop LPPF karena ga boleh mudik
Ini mksdnya pak kadg udh kita analisa dgn berbagai mcm ilmu e kena prank lgs koit   ",1:43:46 PM,Friday March 26 2021,Negatif
Benhan,Langsung drop LPPF karena ga boleh mudik,1:42:49 PM,Friday March 26 2021,Negatif
hery,"Membalas : Keinget saham MASA om, siapa tau ada cerita yg sama kd go private gitu , dpt durian runtuh kalo sahamnya bener
masa dah beberapa kali gagal go private nya. harganya kurang seru  ",1:35:34 PM,Friday March 26 2021,Negatif
Charles Prop,"Membalas : Keinget saham MASA om, siapa tau ada cerita yg sama kd go private gitu , dpt durian runtuh kalo sahamnya bener
Harus liat produk ny jg si pak kenapa bs mau go private. Sngt minim sekarang prusahaan mau go private apalagi lg pandemi gini BU semua",1:26:38 PM,Friday March 26 2021,Negatif
Aliong,"Membalas : Ya kalau kita uda tau mending menjauh saja pak.
Keinget saham MASA om, siapa tau ada cerita yg sama kd go private gitu  , dpt durian runtuh kalo sahamnya bener",1:24:16 PM,Friday March 26 2021,Negatif
Charles Prop,"Membalas : BBKP akan gitu2 aja selama masih ada Bosowa di dalamnya. Jangan disamakan lah
bosowa sudah tersangka tuh. dan mereka uda mulai lepas sahamnya pelan2. kemarin uda ilang 1% porsi bosowa",1:04:47 PM,Friday March 26 2021,Negatif
Aho Lie,Ccsi kejam mau right issue bert 2 hr yglalu mau masuk kemrn lgs Ara sekrg lgs Arb sungguh....   ,1:03:57 PM,Friday March 26 2021,Negatif
Charles Prop,"Membalas : Bakal lbh miris kalau lihat nya BDMN   Harga sisa 1/3
betul bdmn apalagi ya.. Jepang masuk di angka 9000an dibanting sampe 1000an kemarin corona wkwkwk",1:03:44 PM,Friday March 26 2021,Negatif
Soebianto,"Membalas : harus lihat supirnya sih pak siapa gampangnya, kalau cuma liat siapa yg invest, tak kasih contoh saja. KB BUKOPIN pengendalinya
Bakal lbh miris kalau lihat nya BDMN  

Harga sisa 1/3",1:03:21 PM,Friday March 26 2021,Negatif
Benhan,"Membalas : harus lihat supirnya sih pak siapa gampangnya, kalau cuma liat siapa yg invest, tak kasih contoh saja. KB BUKOPIN pengendalinya
BBKP akan gitu2 aja selama masih ada Bosowa di dalamnya. Jangan disamakan lah",1:03:10 PM,Friday March 26 2021,Negatif
Charles Prop,"Membalas : Kalo udah masuk msci kenapa jadi kalem y ? Bandar yg ugal2an dulu pada ke mana? Takut ada satpamnya gitu sekrg y?
uda takut. MG aja uda jarang nongol di antm ",12:33:55 PM,Friday March 26 2021,Negatif
Vincent,"Membalas : Yang seperti ARTO ini jarang2 mungkin setahun cuma ada 3-4 emiten yg growthnya secepat ini. All leading to momennya Gojek IPO. I
Tp pergerankannya udh curam pak. Sesuatu yg naik cepet turunnya cepet juga  ",11:46:03 AM,Friday March 26 2021,Negatif
Aho Lie,"Membalas : Kalo misal sekarang arb pun belum masuk ke harga yang saya pengen
     jgn lagi dong arb jantung saya takut gak kuat  ",11:22:20 AM,Friday March 26 2021,Negatif
Fajar Oktavaria,Kalo misal sekarang arb pun belum masuk ke harga yang saya pengen   ,11:21:01 AM,Friday March 26 2021,Negatif
S farisi,"Membalas : Ia byk yg nyangkut
merasa berdosa jual d 3400 dulu",10:43:38 AM,Friday March 26 2021,Negatif
Virgaust,"Membalas : Tapi kayanya kudu ARA ini biar jebol resisten 496nya biar HTF kak  
it's ok lah gak HTF juga.
asal base nya kuat, apapun bisa terjadi  
kyk waktu itu IMAS gagal confirm pattern, tpi volume masih kecil. cuma delay 1 minggu sebelum :rocket::rocket::rocket:",9:45:12 AM,Friday March 26 2021,Negatif
Eddie,"Baru 10 menit open, BBCA udh dijual asing 50M, awalan yg buruk bagi IHSG   ",9:10:44 AM,Friday March 26 2021,Negatif
Mini Me,"Ada apa dengan IHSG sih, sedih. Rasanya kayak di ghosting  ",9:10:17 AM,Friday March 26 2021,Negatif
Virgaust,"Membalas : tapiii...bursa lain merah ihsg pasti merah   
seengganya, IHSG tampil apa adanya koh. merah ya merah   tidak membuat tersenyum diawal untuk disakiti kemudian  ",9:10:09 AM,Friday March 26 2021,Negatif
Fajar Oktavaria,"Membalas : tapiii...bursa lain merah ihsg pasti merah   
begitu ihsg merah, aplikasi Protrader saya langsung bug ga bisa liat indeks   ",9:08:45 AM,Friday March 26 2021,Negatif
Billy,"Membalas : bursa lain bole ijo...ihsg harus merahhhhhh
tapiii...bursa lain merah ihsg pasti merah   ",9:05:57 AM,Friday March 26 2021,Negatif
Rolando,"Membalas : Arb pak
bukan ARB, belum tentu itu.

@C4lcio belum tentu juga pak.

harga sahamnya dibagi pak, jika SS dengan rasio 1:3 misalnya, harga sahamnya jadinya dibagi 3,
tapi lot yang dimiliki juga dikali 3,
semua terjadi ketika exdate, tidak ada proses lagi setelahnya.
hitungan2 bapak diatas itu ndak valid.",8:46:56 AM,Friday March 26 2021,Negatif
Fajri Yusuf,"Membalas : tahu ndak apa yang terjadi di exdate ketika SS?
Arb pak",8:44:28 AM,Friday March 26 2021,Negatif
Erich,"Membalas : https://www.cnbcindonesia.com/market/20210326073918-17-232977/catat-erick-umumkan-indonesia-battery-corporation-sore-ini
sell on news?? makin ancur dunk si TIA itu  ",8:38:57 AM,Friday March 26 2021,Negatif
Bapakne Naila,"Membalas : Karena masih distribusi. Ini sama dengan SAME juga
Kalo saya sih ngira masih reakum lagi, bikin flag. Belum ada selling climaxnya, volume turun kmaren juga rendah",8:38:57 AM,Friday March 26 2021,Negatif
Erich,"Membalas : dah seperti ada truk melintang di jalan tol. gak bisa ke mana2. mau muterin tanjung harapan? berapa ribu km tuh.
lagian ga ikutan tren digital2 sih kayak ihsg   stuck kan..coba kapal digital, ga akan stuck lama gitu     ",8:16:00 AM,Friday March 26 2021,Negatif
Lord [IHSG] - REBOUND IS REAL,"Membalas : https://www.cnbcindonesia.com/market/20210324141434-17-232525/diskon-gede-karyawan-bisa-beli-saham-bank-agro-murah-meriah
Lanjutkan turunnya  ",7:55:59 AM,Friday March 26 2021,Negatif
rigeladitya,"INCO area demand, ada yang lagi ngumpul in banyak banget.
Ini adalah foto",10:48:22 PM,Monday March 29 2021,Positif
Melvin E. S.,"Membalas : Photo
Tentu ada alasan naik tinggi. Yg sy ingat inkp tkim brpt dan tpia naik multibagger krn fundamentalnya bagus. Lompatan laba ratusan persen didukung penjualan yg juga naik dst..",9:54:45 PM,Monday March 29 2021,Positif
Sales ERAA,"Membalas : Sales eraa ini beneran hehe
ERAA road to 3000
semoga semesta mendukung  ",9:15:08 PM,Monday March 29 2021,Positif
Kaanz ,"Seperti nya CENT jg potensi membentuk cup and handle juga pak guru Eko Bawono , jika pola SSP gagal minggu ini, kalo dilihat dari volume jg mendukung, bagaimana dengan pendapat pak guru  time frame 4h
Ini adalah foto",9:06:59 PM,Monday March 29 2021,Positif
ando,Hrum knp kuat sendiri ya?,8:44:45 PM,Monday March 29 2021,Positif
Rui :rocket: :speedboat::dancer: ,"Membalas : Ada yang bisa jelaskan kenapa bank mayapada arb berjilid2 pasca 3 hari cum date RI? Padahal pas sentimen bank mini terbang, may
Market tidak ada yang tahu pak, tidak semua RI bakalan sukses dan bagus, harusnya tetap berjaga2 ... saya lihat dari awal Maret sampai RI itu MAYA sempet digoreng kencang lho ... dari 3000an k 7000... itu juga diterbangkan kak",7:52:02 PM,Monday March 29 2021,Positif
Rui :rocket: :speedboat::dancer: ,"Membalas : Biasa ada tuh yg beli? Kirain kondisi gini arb ngetem aja ahaha
Ya ngetem berhari2 waktu itu saya, untungnya ada yang ngegoreng lagi jadinya bisa keluar",7:49:04 PM,Monday March 29 2021,Positif
Del,"Membalas : Itu volume gede waktu ngangkat bandar atau retail ya?  Apa bukan bandar yg angkat ARA berjilid2 gitu? Kalo gitu bandar + retail
Good question, yg keluarin duit gede buat naikin harga dgn volum setinggi itu masih pada di dalem, suhu2 apa ada yg bs kasih pemcerahan?",7:22:05 PM,Monday March 29 2021,Positif
Ikke,"takut ke 5.800 beneran gak sih tuh? kemrn udh gila2an, masa hr ini juga",7:15:26 PM,Monday March 29 2021,Positif
Fajar Oktavaria,"Membalas : mungkin member sini ada yg nyangkut di BNBA om, makanya dibahas
Kalo diliat pas naiknya itu banyak yang ngomongin sih disini, mungkin iya ada yang nyangkut",7:09:36 PM,Monday March 29 2021,Positif
Fajar Oktavaria,"Membalas : Pak kl misal kita terjebak di saham ARB berhari2 gmn cara keluar terbaik? Mksdnya kita bs mendahului antrian bandar untuk keluar
jauh sebelum opening pasang jualnya dari malam, sisanya berdoa aja semoga ada yang beli  ",7:04:15 PM,Monday March 29 2021,Positif
Liem Peter,TT langsung ARa,4:04:02 PM,Monday March 29 2021,Positif
Jay Jay,"Membalas : Photo
buset jantungnya kuat? dari arb jd ara",3:06:08 PM,Monday March 29 2021,Positif
Billy,"Congrats yg punya era... ARA hari ini
Ini adalah foto",2:58:11 PM,Monday March 29 2021,Positif
Rendi Setiawan,Ikan sesi 2 ara   ,2:50:54 PM,Monday March 29 2021,Positif
Liem Peter,"candle volume W2 Cent  lebih tinggi dari candle pertama, candle Volume W3 nya harus lebih tinggi ya untuk SSP nya??",2:36:58 PM,Monday March 29 2021,Positif
Septianto Francisco,ERAA jgn ketinggalan kereta :rocket::rocket:,2:36:53 PM,Monday March 29 2021,Positif
Kaanz ,"Membalas : saya baru sadar hari ini volumenya lumayan besar juga ya
Tanda"" pak, harganya turun tapi volume beli naik ",2:26:12 PM,Monday March 29 2021,Positif
den,"Membalas : Deviden BBCA Final: Rp 530 / lembar Adjustment: Dikurang deviden interim Rp 98 di 22 Desember 2020 Sisa: Rp 432 / lembar Cum d
wow naik 2x dr thn lalu ya",2:18:37 PM,Monday March 29 2021,Positif
Chezy,"Deviden BBCA
Final: Rp 530 / lembar 
Adjustment: Dikurang deviden interim Rp 98 di 22 Desember 2020
Sisa: Rp 432 / lembar

Cum date: 5 April 2021
Ex Date: 6 April 2021
Rec Date: 7 April 2021
Payment Date: 28 April 2021",2:17:29 PM,Monday March 29 2021,Positif
Kaanz ,"Membalas : Betul pak , pas di fibonacci 0,618 
Perusahaan clover beli diharga 262 pak, jadi kalo jebol di 260 udah ga menarik lagi ",2:15:36 PM,Monday March 29 2021,Positif
Puspita Wardani,"Membalas : CENT ke 250 aja lbh menarik
170 lg boleh tak  ",2:14:11 PM,Monday March 29 2021,Positif
WA,CENT ke 250 aja lbh menarik,2:13:12 PM,Monday March 29 2021,Positif
Tama,"Membalas : beli di 302 ya?
buy if break 300 nya pas market jalan  ",2:12:42 PM,Monday March 29 2021,Positif
Aho Lie,"Membalas : CENT kira kira masih bisa naik ga ya
Semua bisa naik atau turun says yg didlm ngarepin naik sebaliknya ",2:09:34 PM,Monday March 29 2021,Positif
Muhammag kuncoro,Poly yuk gaes entry 72 jual besok 80,2:07:03 PM,Monday March 29 2021,Positif
Faliq H,"Membalas : CENT kira kira masih bisa naik ga ya
beli di 302 ya?",2:06:39 PM,Monday March 29 2021,Positif
Tommy Hermes,CENT kira kira masih bisa naik ga ya,2:06:26 PM,Monday March 29 2021,Positif
Puspita Wardani,"Membalas : *CENT* *Clover Universal Tambah Kepemilikan di Centratama (CENT) Jadi 47,95 Persen* *_Entitas anak dari Northstar Advisors Pte
Ayo haka2 lg  ",1:57:26 PM,Monday March 29 2021,Positif
Septio Hanifa,BKSL Gassss,1:55:50 PM,Monday March 29 2021,Positif
Aho Lie,"Membalas : pasti happy dong minggu lalu aja pembahasan saham lain dikiranya cent  
Kli untung pasti hepi  ",1:51:47 PM,Monday March 29 2021,Positif
Johny,"Membalas : CENT break 300 minggu ini confirm SSP
Wah CENT yang haka member the traders disini ini  ",1:36:53 PM,Monday March 29 2021,Positif
Fajar Oktavaria,"Membalas : Kata pakde HM kalo break 300 confirm ssp apa nunggu break ya buat avg up
""CENT break 300 minggu ini confirm SSP"", minggu ininya jangan lupa dibaca juga ya pak
missleading nanti jadinya  ",12:45:28 PM,Monday March 29 2021,Positif
Kaanz ,"Membalas : Makin ramai = biaya yg harus dikeluarkan bandar makin besar maka bisa merusak pola,
Betul  mngkanya jangan diomongin terus 

Ardiyan kalo break bisa cicil jngan all in, tunggu candle konfirm hari jum'at karna hitungan weekly, berhubung jum'at tanggal merah jadi hari kamis ",12:41:15 PM,Monday March 29 2021,Positif
Hendro Masori,"Membalas : Cent masi boleh avg up gak ya?
Boleh asal tau aturan avg up",12:41:08 PM,Monday March 29 2021,Positif
Fajar Oktavaria,"Membalas : Kata pakde HM kalo break 300 confirm ssp apa nunggu break ya buat avg up
Minggu ini bukan hari ini, SSP weekly bukan daily
jadi confirmnya ya nanti kamis
jika mau avg up ya lebih baik saat confirm *jika alasannya pola, jika RI lain urusan",12:40:32 PM,Monday March 29 2021,Positif
Jafar Sim,"Cent jadi rame, bukan saya yg rame in yaa   Aho    ",12:37:24 PM,Monday March 29 2021,Positif
Novra,"Membalas : CENT break 300 minggu ini confirm SSP
Sy udh curi start duluan pak    ",12:13:48 PM,Monday March 29 2021,Positif
Rui :rocket: :speedboat::dancer: ,"Membalas : SAME gmana ci? Masih boleh masuk?
Saya masi nawar ala emak2 di 420an kak   ",12:03:26 PM,Monday March 29 2021,Positif
Kaanz ,"Membalas : CENT break 300 minggu ini confirm SSP
Mantap pak de masih fullcash nunggu SSP , udah nunggu dari kemarin ",11:51:27 AM,Monday March 29 2021,Positif
Hendro Masori,CENT break 300 minggu ini confirm SSP,11:49:17 AM,Monday March 29 2021,Positif
M Rodi,"Membalas : Gd luck
siyap haka LUCK.  ",11:48:57 AM,Monday March 29 2021,Positif
Bu Nana,Wah cent ada repo,11:41:14 AM,Monday March 29 2021,Positif
Ferri Sutanto,"Meneer #ASRI sepertinya ini valid buy y pak  
Ini adalah foto",11:38:02 AM,Monday March 29 2021,Positif
Nyangkuter Teh Pucuk,serem antm dipagerin 559K lot   ,11:29:42 AM,Monday March 29 2021,Positif
Aho Lie,"Membalas : Hr ini CENT nya ngegas trs  
Saya gasss...in    ",11:25:57 AM,Monday March 29 2021,Positif
Puspita Wardani,Hr ini CENT nya ngegas trs  ,11:23:33 AM,Monday March 29 2021,Positif
Dane Fernando,"Ga da plan trading, ya beli PLAN aja ",10:45:22 AM,Monday March 29 2021,Positif
Johny,"Membalas : https://www.cnbcindonesia.com/market/20210316115228-17-230456/lunasi-repo-trimegah-sekuritas-lepas-saham-cent-rp-398-m
Cent ini rumournya dibeli Digital colony",10:43:07 AM,Monday March 29 2021,Positif
Jafar Sim,"Bbri deviden rp. 98.9 eeuuyyy
Ini adalah foto",10:12:37 AM,Monday March 29 2021,Positif
Johny,"Membalas : CENT RI kapan ya? Udah ada tanggal nya kah?
Belom ada tanggalnya, lagi dikerek tu, paling sebentar lagi keluar tanggal RI nya  ",9:56:45 AM,Monday March 29 2021,Positif
Liem Peter,WIIM ciamik tenan,9:55:29 AM,Monday March 29 2021,Positif
Johny,"Caution! 
CENT is the buyer for ISAT 4k tower, heard buying at around USD740mn. This is a very good pricing as we are expecting at around USD570-600mn tower sales value.

+ Positive for ISAT as it strengthens the balance sheet and ample of capital for future spectrum acquisition/capex

+ CENT announced their plan for RI, targeting to issue 34bn shares",9:47:59 AM,Monday March 29 2021,Positif
Mamba Mentallity,"Membalas : CENT nya jgn lupa  
BO kayaknya",9:35:41 AM,Monday March 29 2021,Positif
Go Jiu,"Berusaha mengakhiri fase downtrend, hr ini BRPT mencoba menembus level psikologis 1.000.

Recommendation: Spec BUY
Target Price I: 1.120
Target Price II: 1.225
Stop Loss: < 930

Disclaimer


Credit: @quantumresearch_idx
Ini adalah foto",9:34:47 AM,Monday March 29 2021,Positif
Puspita Wardani,ASSA terbang lg yuk  ,9:32:34 AM,Monday March 29 2021,Positif
Mic,Wood jpfa main haka,9:25:50 AM,Monday March 29 2021,Positif
Puspita Wardani,"Membalas : Essa ada isu apa
Harga amonia naik trs makanya ESSA ngegas tiap hr",9:14:39 AM,Monday March 29 2021,Positif
Jafar Sim,"Dmmx naik tapi tidak dengan volume besar, berarti pola htf nya gagal ya?     ",9:10:43 AM,Monday March 29 2021,Positif
Eds,"Membalas : BBTN rebound ga si hrusnya gais?
Kemungkinan iya",8:21:57 AM,Monday March 29 2021,Positif
M,"Membalas : https://ekonomi.bisnis.com/read/20210327/257/1373282/cukai-batal-naik-produsen-rokok-kretek-tangan-bernapas-lega#.YF63BZSm09Q.wh
Hmsp bagus ya pak billy karna cukai dibatalkan?",6:55:41 AM,Monday March 29 2021,Positif
Al Blenk,"Membalas : besok ijo tebel
Bukan masalh ijonya.,tpi trnsaksinya ,.ihsg ijo tpi emiten bluechip dll pda kebakar   ",11:32:44 PM,Monday March 29 2021,Negatif
Faliq H,"Membalas : IHSG ijo kok transaksi miskin sekali ya.,,apakah bandar lgi rombongan ziarah religi ???
bandarnya dikrangkeng, ga bisa goreng POSA, MYRX, TRAM, JGLE",11:30:43 PM,Monday March 29 2021,Negatif
Al Blenk,"IHSG ijo kok transaksi miskin sekali ya.,,apakah bandar lgi rombongan ziarah religi ???  ",11:26:12 PM,Monday March 29 2021,Negatif
Mbah Bedjo,"Membalas : ERAA road to 3000 semoga semesta mendukung  
Sayangnya semesta gak mendukung   ",9:39:54 PM,Monday March 29 2021,Negatif
shendy,"Membalas : Bnba dikunci ARB yg kunci bandar?
dibalik aja... liat harga kaya gitu ritel berani masuk kah?",8:19:54 PM,Monday March 29 2021,Negatif
cuaners,"Membalas : Photo
Bnba dikunci ARB yg kunci bandar?",8:18:53 PM,Monday March 29 2021,Negatif
shendy,"Membalas : pernah coba tapi gagal,krna di setiap jam buka langgsung d ARB, jadinya nyangkut terus
pasangnya harga arb juga... nanti ketika ga dikunci langsung lepas sendiri...
sementara ketika masih dikunci sih ya pasti belon bisa wong ga ada yang buyernya",8:09:36 PM,Monday March 29 2021,Negatif
Nixon Maia,"Membalas : yes
pernah coba tapi  gagal,krna di setiap jam buka langgsung d ARB, jadinya nyangkut terus",8:06:45 PM,Monday March 29 2021,Negatif
Hendro Masori,Gak terlalu meyakinkan buat saya sih,8:05:55 PM,Monday March 29 2021,Negatif
Fauzan Tarmizi,"Membalas : Market tidak ada yang tahu pak, tidak semua RI bakalan sukses dan bagus, harusnya tetap berjaga2 ... saya lihat dari awal Maret
Kacau, memang sedikit sekali maya ini total lot harian perdagangannya,

Liat arto RI kemaren, saat ex date, kencengnya bukan main",7:57:22 PM,Monday March 29 2021,Negatif
Fauzan Tarmizi,"Ada yang bisa jelaskan kenapa bank mayapada arb berjilid2 pasca 3 hari cum date RI?

Padahal pas sentimen bank mini terbang, mayapada saya liat kalem2 aja ga ikutan terbang, tetap kisaran 7000'an, lalu tujuan RI juga untuk ekspansi bisnis, tapi kenapa ARB berjilid2 ga berkesudahan ya, sudah FL hampir 53% saya   ",7:48:46 PM,Monday March 29 2021,Negatif
Noval Najib,"Membalas : Begitu tutup bursa, lsg masukkan order sell di harga ARB besok harinya dan berdoa bin berharap ada yang berbaik hati mau jemput
Biasa ada tuh yg beli? Kirain kondisi gini arb ngetem aja ahaha",7:47:51 PM,Monday March 29 2021,Negatif
Vincent,"Membalas : mungkin member sini ada yg nyangkut di BNBA om, makanya dibahas
Saya nyangkut pak, avg 2550 dr untung jd buntung (small portion) thanks buat bei    kalo gada acara suspend suspenan mungkin masih sempet exit sblm dibantai",7:13:12 PM,Monday March 29 2021,Negatif
An Aan,"Membalas : Olt apa yg bisa order sehari sebelumnya pak?
Sesama korban ARB, mau ikut antri  ",7:12:37 PM,Monday March 29 2021,Negatif
Kambing Trader,"Membalas : Photo
Cuman sebatas ARA 3X pak... apa kabar yg ambil dari bawah terus jual di pucuk?",7:03:57 PM,Monday March 29 2021,Negatif
Herni,Pak kl misal kita terjebak di saham ARB berhari2 gmn cara keluar terbaik? Mksdnya kita bs mendahului antrian bandar untuk keluar?,7:01:44 PM,Monday March 29 2021,Negatif
Hendro Masori,"Membalas : ARB berjilid2 bgni apa nggak di suspend y? Maaf, newbie bertanya.
BEI mah cuek aja",7:00:57 PM,Monday March 29 2021,Negatif
Nixon Maia,"Membalas : Photo
Salah Langkah, Bandarnya sadis, mau d ARB kan brp kali supaya dia puas ",6:54:29 PM,Monday March 29 2021,Negatif
Panji Wirawan,Sy kena di BBSI itu...hr trkhir sblum drop udah pasang sell di jam 15.05...ga bisa pasang...besoknya smpai hr ini ada kira2 40an % loss...untung MM nya msh aman...kalau ga amsiong itu...,6:54:00 PM,Monday March 29 2021,Negatif
Fadli,"Membalas : Supirnya mengerikan ini pak guru, sekali dihantem ga dikasih ampun
Pernah dari +10% tiba2 arb wkwk",6:33:25 PM,Monday March 29 2021,Negatif
ARAKAN IHSG 30MAR - 01 APRIL THE LAST SEROK,"Membalas : Photo
Domestik yg mst di tindak.. mreka yg td kompak mengarb kan saham hingga ihsg lemah.. tktny ad broker domestik yg jd akun asing",5:23:35 PM,Monday March 29 2021,Negatif
Novagus VP,"Rombongan KCL,, Korban Cut Loss  ",4:07:46 PM,Monday March 29 2021,Negatif
ARAKAN IHSG 30MAR - 01 APRIL THE LAST SEROK,"Membalas : Pakde @hmasori ada 3 sektor yg bisa dijadiin pantauan utk next week. 1. Banking 2. Properti dan konstruksi BUMN yg rata2 besok d
Sangkut brp wskt sy jg sangkut santuy itu bandar sdh habis distribusi.. tgl menunggu wkt diangkat jgn dibahas trs pak biar diam2 dinaikin saham kalau trs dibahas diarb kan bandar nnt.. bandar bertebaran di grup mana2 hati2",2:58:16 PM,Monday March 29 2021,Negatif
apieth,Sayang amat cent nya ga close d 300 ya pak,2:52:31 PM,Monday March 29 2021,Negatif
Muhammag kuncoro,Ngapain beli antam 3 bulan sekali cuma orofit  11% beli ikan sehari bisa dapat 25% makasih bandar ngehayal terus    ,2:52:21 PM,Monday March 29 2021,Negatif
Yudha,Antm arb,2:41:18 PM,Monday March 29 2021,Negatif
as s,akhirnya antim arb wkwk,2:39:19 PM,Monday March 29 2021,Negatif
Kaanz ,"Membalas : Dpt harga 278 hr ini udh bagus menurut saya 
Hahaha cicil dulu 1 lot pak  rugi pun ga seberapa kalo turun di 268 ",2:17:50 PM,Monday March 29 2021,Negatif
Puspita Wardani,IHSG merah saatnya gorengan cryspy  ,2:17:22 PM,Monday March 29 2021,Negatif
rahmad,ikan tuh yg bosen liat ihsg lesu ,2:13:04 PM,Monday March 29 2021,Negatif
Dharma,Sepi amat ihsg cuma 6T  ,2:04:46 PM,Monday March 29 2021,Negatif
Aho Lie,"Membalas : Sdh diem yuk biar senyap dulu,biar turun dulu, nanti beli lg  
Gak bkln kash turun dibawah 278 klo pegamatan saya",2:02:07 PM,Monday March 29 2021,Negatif
Puspita Wardani,"Membalas : Betul disitu ada area suportnya , cmiww
Sdh diem yuk biar senyap dulu,biar turun dulu, nanti beli lg  ",2:01:23 PM,Monday March 29 2021,Negatif
Yudha,"Antm kemarin terbangin indeks, skrg jd beban indeks  ",2:01:12 PM,Monday March 29 2021,Negatif
Puspita Wardani,"Membalas : 224 lagi plis
ARB brp kali ini  ",1:55:35 PM,Monday March 29 2021,Negatif
Aal,"Membalas : Photo
Hampir aja nyesel jual di 298",1:44:13 PM,Monday March 29 2021,Negatif
Hendra,Hk closing aja biar aman  ,1:43:34 PM,Monday March 29 2021,Negatif
rahmad,ihsg mulai nyungsep ,1:42:24 PM,Monday March 29 2021,Negatif
Erich,gmana brani jalanin swf kl masi sering bom sana sini?    ,1:39:38 PM,Monday March 29 2021,Negatif
Faliq H,"Membalas : Dalem banget wskt nya , untung sempet keluar dari kmrn kmrn
Saya baru keluar td di atas, skrng liat ambles dalam rasanya ingin jadi ironmen wkwkwk",1:38:04 PM,Monday March 29 2021,Negatif
Alzie Al Fachri,"Dalem banget wskt nya , untung sempet keluar dari kmrn kmrn  ",1:37:14 PM,Monday March 29 2021,Negatif
Jay Jay,wskt rugi 9T. lg dibenahi kok. tadi uda ada berita restrukturisasi. apa nanti ada berita jualan tol? restrukturisasi himbara?,1:36:58 PM,Monday March 29 2021,Negatif
Tommy Hermes,"Membalas : .... Ya mmg saya salah sih. Beli di pucuk Ga cutloss Rugi 9t wskt And swf ga ngaruh tnyt..
Cutloss wskt 9t ?",1:34:24 PM,Monday March 29 2021,Negatif
Denny Wang,"....  Ya mmg saya salah sih. Beli di pucuk

Ga cutloss

Rugi 9t wskt
And swf ga ngaruh tnyt..",1:31:54 PM,Monday March 29 2021,Negatif
Denny Wang,"Pakde @hmasori ada 3 sektor yg bisa dijadiin pantauan utk next week.
1. Banking
2. Properti dan konstruksi BUMN yg rata2 besok dapag dukungan momentum pembalik
3. Coal mining yg masih bullish...


Pak @JuthaBram 


Konstruksi  wskt break 1300 pak jutha..

Turun trus ga ada abise..

Apa ak jual saja kah

Loss gila2an.. 30% an",1:17:10 PM,Monday March 29 2021,Negatif
Muhammad Fajar,"Ihsg ijoo, kok sepi yaaa, lemah lesuu",11:19:16 AM,Monday March 29 2021,Negatif
Johny,"Membalas : Pantau KPAL
TP?",11:11:03 AM,Monday March 29 2021,Negatif
Al Blenk,"Membalas : ANTM saham pertama yg saya latihan untuk trading.. itu saham cocoknya 200 poin TP sekali 200 poin TP sekali.. jgn krn mau TP byk
Wkwk bner om.,ANTM dan TINS satu family.,xlo abis rally 150-200 point loyo dah
Emg pas buat celap celup  ",10:13:26 AM,Monday March 29 2021,Negatif
Fajar Oktavaria,"permintaan saya mudah, jangan mampir ke cent ataupun wiim ya udah gitu aja",10:13:23 AM,Monday March 29 2021,Negatif
ARAKAN IHSG 30MAR - 01 APRIL THE LAST SEROK,"Membalas : Ga punya pasangan om, sendirian dari dulu 
sudah TP gjtl ckkckckck",9:48:31 AM,Monday March 29 2021,Negatif
Kaanz ,"Membalas : Dmmx naik tapi tidak dengan volume besar, berarti pola htf nya gagal ya?     
Minggu ini harus breakout kalo tidak bisa berarti pola HTF gaga  ",9:11:36 AM,Monday March 29 2021,Negatif
Eriant Yosua,Ada yg tau kenapa bbca downtrend ? Kira2 suport terdekat dmn ya?,7:33:05 AM,Monday March 29 2021,Negatif
Rocky Thohir,"Membalas : Wah sabotase ?
Pure bencana",2:28:40 AM,Monday March 29 2021,Negatif
Bu Nana,"Membalas : Lha kan kemarin sudah janji sama bu Nana  
Trimakasi Meneer saya baru sampe rmh, besok pagi baru bisa baca lbh detail, 

slamat malam dan beristirahat",11:30:18 PM,Sunday March 28 2021,Negatif
Kelon Mas :baby_bottle::baby_bottle::baby_bottle:,"Membalas : Byk yg tetep didlm ada yg krluar masuk semuanya punya kelebihan dan kekurangan tergtg psikologi org cocoknya jgn ikut2 an tar ma
Biasanya saya tetap didalam mengandalkan TS untuk TP-nya

Tapi CENT ini sering bikin jarum suntik, jadi sangat cocok buat keluar masuk (Jual atas ambil lagi bawah)",8:14:52 PM,Tuesday March 30 2021,Positif
Benhan,"Membalas : BBYB : RUPS Pelaksanaan Right Issue di tgl 31 Mar, dimana jadwal pelaksanaan sebelumnya sempat ditunda...
Ah baru baca ini.. pantas BBYB hari ini volumenya besar",8:10:41 PM,Tuesday March 30 2021,Positif
Aho Lie,"Membalas : Kawal bareng2 yuk  
Saya selalu bareng cent Sampai semesta bilg cukup  ",8:08:24 PM,Tuesday March 30 2021,Positif
Benhan,"Membalas : I see, jadi digital colony bisa dibilang pemilik CENT ya om? Thankyou infonya
Digital Colony mau akuisisi CENT. Sepertinya right issue nanti standby buyernya mereka",8:02:54 PM,Tuesday March 30 2021,Positif
Rey,"Membalas : Itu ada jawabannya di atas
I see, jadi digital colony bisa dibilang pemilik CENT ya om? Thankyou infonya",8:00:42 PM,Tuesday March 30 2021,Positif
Aho Lie,Hidup pak benhan juga hidupkan Cent  ,8:00:20 PM,Tuesday March 30 2021,Positif
mrs A,"Membalas : Haka CENT
Jam 2 keluar news ini  .",7:49:12 PM,Tuesday March 30 2021,Positif
Tommy Hermes,"Membalas : Photo
Haka CENT",7:46:06 PM,Tuesday March 30 2021,Positif
Benanta,"Membalas : Photo
Ini tgl tnggu ada yg narik aja, ke goceng juga enteng,, model2an kaya isat",7:13:39 PM,Tuesday March 30 2021,Positif
Ahmad Rifai,Guys ad yg msh pegang eraa berarti bsok saham kita udh pecah nominal+jadi banyak ya,4:15:47 PM,Tuesday March 30 2021,Positif
A,"Wskt, Ptpp nya lagi diskon ya boend ",3:56:06 PM,Tuesday March 30 2021,Positif
Redy Yeee,"Membalas : kan patriotik kak, MERAH DARAHKUUUU!!!      
dapet ini pasti same di ma 20 kan mba rui    ",3:26:55 PM,Tuesday March 30 2021,Positif
Ratih Estiani,"Membalas :   
Qjd inget pas ihsg merah2 trus tiba2 ditarik ijo mas..wkwkwkwk",3:23:21 PM,Tuesday March 30 2021,Positif
Carlo Micelli,Tetap bersyukur ACES ijo... ,2:46:51 PM,Tuesday March 30 2021,Positif
Dharma,"Ini pgas napa om, kok broker saham bandar pada pungutin?
Ini adalah foto",2:39:02 PM,Tuesday March 30 2021,Positif
41056 (Rizki Putra Perdana),yok essa ribon yokk,2:33:09 PM,Tuesday March 30 2021,Positif
Tejo Arum,Cent ngamuk,2:31:47 PM,Tuesday March 30 2021,Positif
Yudha,"Membalas : PTPP itu lq45 pak
Fundamental ptpp oke lah, bagi dividen juga. Tunggu beberapa bulan lg juga naik pak",2:24:56 PM,Tuesday March 30 2021,Positif
Gue Keren,"BACA ambroll nih, ada yg mau hajar gk?",2:19:09 PM,Tuesday March 30 2021,Positif
Lee Khong Huan,"Same biasa kuat di ma20, akankah kini juga akan mantul di sana?",2:19:05 PM,Tuesday March 30 2021,Positif
Tejo Arum,Awassss siapp2 cent mau terbang    ,2:10:15 PM,Tuesday March 30 2021,Positif
Jafar Sim,"Membalas : Asik, buat serok ini. Hu Billy mau tunggu di 5700 ?
Emiten nya hu Billy aman ga terpengaruh badai   ",2:05:06 PM,Tuesday March 30 2021,Positif
Rocky Thohir,DNAR & BGTG get ready?,1:57:20 PM,Tuesday March 30 2021,Positif
Carlo Micelli,Semoga ERAA ijo besok SS,1:48:31 PM,Tuesday March 30 2021,Positif
Raditbima,Baca ara guys. Selanjutnya apa ya? Bbyb?,1:47:56 PM,Tuesday March 30 2021,Positif
Puspita Wardani,BBHI bangkit dr kubur,1:40:10 PM,Tuesday March 30 2021,Positif
Tommy Hermes,"Membalas : Yuhu BBYB
BBYB masih bisa naik ga ya",1:39:29 PM,Tuesday March 30 2021,Positif
Tommy Hermes,"Membalas : ya jangan pak..
Kadung nyemplung
Membalas : fomo baca boleh ga ya
Klo menurut suhu Hauw justru pas lagi di mark up gini yang bisa cuan banyak dan cepat, jangan tunggu pas koreksi karena itu sudah moment distribusi.",1:26:46 PM,Tuesday March 30 2021,Positif
Tomatto Tomatto,"Membalas : BBYB : RUPS Pelaksanaan Right Issue di tgl 31 Mar, dimana jadwal pelaksanaan sebelumnya sempat ditunda...
Area buy",1:18:14 PM,Tuesday March 30 2021,Positif
Puspita Wardani,"Membalas : BbYB belakang nya Alibaba loh  
BBYB : RUPS Pelaksanaan Right Issue di tgl 31 Mar, dimana jadwal pelaksanaan sebelumnya sempat ditunda...",1:13:06 PM,Tuesday March 30 2021,Positif
RBTAN59,sentimen bandar sdg mau beramain di baca,12:42:13 PM,Tuesday March 30 2021,Positif
"Apt, Yulianto Wijaya S Farm, RTA (FRED)","Membalas : ANTM kira kira bisa ke 3.500 ngga pak?
1300-1500 dg syarat break dan bertahan dibawah 2150",12:41:02 PM,Tuesday March 30 2021,Positif
Dita Rissa,BACA dan ARTO the real bank digital... Yg lain cm ikut 2.. belakang mereka raksasa2 unicorn,12:36:02 PM,Tuesday March 30 2021,Positif
Dita Rissa,BACA ok punya,12:33:59 PM,Tuesday March 30 2021,Positif
GoesWan,"Baca bagus buat masuk, tp jngn bnyk2. Bagus lg tunggu candle biru buat memastikan. Prosentase saham, 50% bnyk diatas harga skrg.",12:30:19 PM,Tuesday March 30 2021,Positif
Mamba Mentallity,"Membalas : ada ide emiten apa yang menarik bang?
Kbag. Wkwkwkwk",12:24:46 PM,Tuesday March 30 2021,Positif
rigeladitya,"LPPF weekly, harga di atas MA5 9 weeks, di atas MA10 8 weeks, di atas EMA30 4 weeks, dan sedang berusaha jebol MA60. Masuk setup-nya Ko Billy ga nih?
Ini adalah foto",11:33:12 AM,Tuesday March 30 2021,Positif
Rocky Thohir,Next BNBA watch ya!,11:32:55 AM,Tuesday March 30 2021,Positif
Raditbima,Arakan BACA,11:29:14 AM,Tuesday March 30 2021,Positif
rigeladitya,Nikel nikelan semuanya stay di base masing-masing. Strong.  LPPF yang paling cantik.,11:28:43 AM,Tuesday March 30 2021,Positif
Puspita Wardani,BACA gass trs,11:25:11 AM,Tuesday March 30 2021,Positif
Chai Lie,"PTPP teknikalnya lg di area deman, pengen serok tapi ragu",11:15:22 AM,Tuesday March 30 2021,Positif
Fajar Suryo,Akhirnya WIIM nyolek 955,11:10:43 AM,Tuesday March 30 2021,Positif
Puspita Wardani,"Membalas : Lgi diguyur RF
Klu buat FT aman lah kak, harganya sllu dijaga  ",10:45:15 AM,Tuesday March 30 2021,Positif
Hendra,"Membalas : CENT naik lg yuk   udah full lg muatan  
Kyk ada yg jaga dibanting trus dinaikin wkwk",10:43:43 AM,Tuesday March 30 2021,Positif
Puspita Wardani,CENT naik lg yuk   udah full lg muatan  ,10:42:43 AM,Tuesday March 30 2021,Positif
Faliq H,serok bawah CENT kenyang,10:42:18 AM,Tuesday March 30 2021,Positif
RBTAN59,tpia sdh start mau rups mgkn menuju RI jg ,10:28:07 AM,Tuesday March 30 2021,Positif
Dimas Ari Nugroho,"Membalas : Tp kl gara2 ini wskt jadi 500 lg boleh lah  
Gw di Adhi karya aja gan   lebih lincah gerakannya kalo lagi bullish",10:24:34 AM,Tuesday March 30 2021,Positif
Jay Jay,Tp kl gara2 ini wskt jadi 500 lg boleh lah  ,10:22:32 AM,Tuesday March 30 2021,Positif
Novine 90210,"eraa...hari ini cumdate ss tapi masih gitu2 aja...
masih rame sido kayanya",9:45:28 AM,Tuesday March 30 2021,Positif
Louis Adam,AGRO DOID rebound,9:20:52 AM,Tuesday March 30 2021,Positif
Puspita Wardani,ASSA n CENT bkn pagi pagi happy  ,9:16:01 AM,Tuesday March 30 2021,Positif
Liem Peter,"wah ini YP masang pager CENT di 292, abg dia 293",9:15:45 AM,Tuesday March 30 2021,Positif
Liem Peter,cent kenceng juga ya,9:10:52 AM,Tuesday March 30 2021,Positif
Jafar Sim,"Membalas : candaaaa apusss... 
Yang agro yang agro (harusnya) hari ini rebound ijo,,, yang agro yang agro",9:00:00 AM,Tuesday March 30 2021,Positif
Handy HD,ENRG mau CUM RI ya?,8:57:54 AM,Tuesday March 30 2021,Positif
rigeladitya,"INCO area demand, ada yang lagi ngumpul in banyak banget.
Ini adalah foto",10:48:22 PM,Monday March 29 2021,Positif
rahmad,jadi asing keluar sebulan ini untuk jaga2 masalah bpjs ini ya? dilihat dari ngerinya asing keluar dari BBRI yang mana BPJS sudah untung,10:12:14 PM,Tuesday March 30 2021,Negatif
Jimmy,"Membalas : Ini peraturan nya.. Lengkap perihal batasan kepemilikan emiten dll bpjs.. Kalau mau baca silahkan.. Intinya ga semudah itu jual
Thanks sharingnya Om. Yang ngeri ini efek ""fear""nya aja sih. Kadang aslinya gak ada apa2, efek gosipnya mbikin runtuh duluan. Macam Archegos ini...  ",10:01:45 PM,Tuesday March 30 2021,Negatif
Aho Lie,"Membalas : Hati  guys jagan sampai terjadi lagi.
Inget bunuh diri masuk neraka   
Membalas : Biasanya saya tetap didalam mengandalkan TS untuk TP-nya Tapi CENT ini sering bikin jarum suntik, jadi sangat cocok buat keluar
Tp prsktek susah pak hrs brner 2 udh klik baru bisa kadang pas jual hrg mlh lebh tinggi tunggu gak turun masuk malah turun  ",8:15:10 PM,Tuesday March 30 2021,Negatif
Daniel Bong,Saya Cl WSKT kena loss 8%,7:59:15 PM,Tuesday March 30 2021,Negatif
Tony Iskandar,"Ini adalah foto
Sentimen negatif utk ANTM",6:46:39 PM,Tuesday March 30 2021,Negatif
Muhammag kuncoro,"Membalas : Fix besok WSKT ARB lagi
Kontruksi iya kyk nya karna ada kendala kerjaan yang masih bayak tender
Kontruksi itu biasa nya  moncernya Akhir tahun karna pendapatan mereka bulan2 itu baru terkumpul dan kejar target biasa nya",6:31:11 PM,Tuesday March 30 2021,Negatif
Severinus Utomo,"Membalas : Besok fik ihsg ijo di atas 2%
Fix besok WSKT ARB lagi",6:30:04 PM,Tuesday March 30 2021,Negatif
Ronny,"Membalas : https://market.bisnis.com/read/20210330/7/1374514/historia-bisnis-geger-saham-palsu-hmsp-inco-smgr-inkp-inru
Kampret ini cnbc    
Fear disebarr terus. 
Besok tau2 semua berita bagus muncul",4:28:22 PM,Tuesday March 30 2021,Negatif
Iqbal,BNBA apa kabar ya? Masih arb kah?,3:25:25 PM,Tuesday March 30 2021,Negatif
Elon Mas,"Membalas : Bursa efek BUMN WSKT WIKA PTPP ADHI      
dibohongin SWF ",3:25:03 PM,Tuesday March 30 2021,Negatif
Tejo Arum,"Membalas : kak, gimna nih prospeknya antm ke depan?
ANTAM berANTEM     ",3:13:11 PM,Tuesday March 30 2021,Negatif
Faliq H,"Membalas : Fundamental ptpp oke lah, bagi dividen juga. Tunggu beberapa bulan lg juga naik pak
rugi mau bagi dividen apa? wkwk",2:25:10 PM,Tuesday March 30 2021,Negatif
Kirana L,"Membalas : Baca kalau closing merah sih sptinya parah tuh bandar kasar mainnya
Agak sulit tp mungkin saja pak...
Andaikata dimerahin ARTO sasaran berikutnya  ",2:25:05 PM,Tuesday March 30 2021,Negatif
Jafar Sim,Baca kalau closing merah sih sptinya parah tuh bandar kasar mainnya,2:24:13 PM,Tuesday March 30 2021,Negatif
Mas Bro,"Lihat BBCA tuh, kesian amat mati2an nahan indeks sendirian woyyy     tolongin napa    ",2:22:03 PM,Tuesday March 30 2021,Negatif
45$$3 Chandera Husin,Hari BBRI.... besok BMRI.... yg dibuang Asing... giring opini IHSG dibawah 6000,2:15:59 PM,Tuesday March 30 2021,Negatif
Lee Khong Huan,"Wahaha..ngamati agrs ngeri, hati  yg ginian..angka bidnya palsu, tadi ribuan begitu dianjlokin hilang semua",2:13:52 PM,Tuesday March 30 2021,Negatif
Daniel Bong,Wskt kembali ke asal mari kita berdoa spy g tiap hr ARB,2:10:04 PM,Tuesday March 30 2021,Negatif
Tommy Hermes,CTRA arb di support,2:09:45 PM,Tuesday March 30 2021,Negatif
Benhan,SAME runtuh ya supportnya,2:08:57 PM,Tuesday March 30 2021,Negatif
Johny,"Membalas : https://www.cnbcindonesia.com/market/20210330133606-17-233985/duh-bp-jamsostek-bakal-kurangi-investasi-saham-reksa-dana besok me
pgas makin ambles",2:07:59 PM,Tuesday March 30 2021,Negatif
Kirana L,"Mungkin ibu bapak tidak mengenal saya tapi uang yang nyangkut di saham2 minibank lebih baik digunakan utk kepentingan lain ya sedekah misalnya atau zakat..

Risk sangat besar dibandingkan dengan expected return.. deviasi dari saham2 minibank yg berkisar antara 27-36% sangat jelas memperlihatkan bahwa itu semua permainan sekelompok orang / institusi pemegang dana besar...

Salam profit kita semua  ",2:07:58 PM,Tuesday March 30 2021,Negatif
            ,Same terjun bebas,2:07:32 PM,Tuesday March 30 2021,Negatif
Sumitro Saadah,"Membalas : ini BBRI div 2% kurang yah kok dibanting?
BBRI mau tutup gep di 3700",1:58:37 PM,Tuesday March 30 2021,Negatif
Andre Salim,ini BBRI div 2% kurang yah kok dibanting?,1:58:05 PM,Tuesday March 30 2021,Negatif
Benhan,RI nya simpang siur soalnyaz HMETD BBYB juga ga nongol hari ini,1:53:03 PM,Tuesday March 30 2021,Negatif
Taufiq,saya kemarin 27 persen baru cl. coz udah ngk kuat psikis saya lihat nih wskt. nyangkut d 1900. nih saham kl turun arb. ngeri lama2 kl dipegang,1:45:26 PM,Tuesday March 30 2021,Negatif
Murr,"Offer tebel d BBRI dah ilang, akankah reversal?",1:44:25 PM,Tuesday March 30 2021,Negatif
Eru Yagami,"Membalas : Butuh keberanian ini
Baca lapkeu Q4 tinggal nunggu bangkrut aja",1:44:20 PM,Tuesday March 30 2021,Negatif
Muhammag kuncoro,"Membalas : kalau ga nyampe mau terus menunggu bang?
Gak mesti lah mas kita cuma ngarep Doang kalo di kasih bagus.
Ada info menarik Gaes coba Pantao saham Bsim kayak nya minggu ini saagat menarik kali Minimal 1 ARA dech tapi ini bukan ajak beli atao jual...",12:59:04 PM,Tuesday March 30 2021,Negatif
Dita Rissa,"Membalas : Dan kemungkinan ARB nya lebih dr ARTO juga.....
Lah ya smw itu ARB wajar, masalahnya masuknya ya jgn dipucuk... Masuk nya sekarang pas msh murah klo masuk ntar pas 10 rb ya telat wkwkwk",12:38:59 PM,Tuesday March 30 2021,Negatif
Kaanz',"Membalas : ANTM kira kira bisa ke 3.500 ngga pak?
Ke 2700 aja belum mampu pak  , masih tektokan",12:37:49 PM,Tuesday March 30 2021,Negatif
Jim,"Membalas : Aset lbh dr ARTO, Profitnya msh ok, reputasi ok, kesiapan infra lbh ok dan ini OVO + Grab yg size-nya lbh besar menurut data unt
Dan kemungkinan ARB nya lebih dr ARTO juga.....",12:36:37 PM,Tuesday March 30 2021,Negatif
GoesWan,"Kondisi IHSG skrg, kurang bagus nahan barang lama. Main On Day Trading aja.",12:34:25 PM,Tuesday March 30 2021,Negatif
Fadli,"Membalas : BACA masih bisa masuk ga yah
kalo turun siap ga pak",12:31:23 PM,Tuesday March 30 2021,Negatif
widhi,"ramaikan BSIM dong yok, sedih bgt sepi ",12:21:26 PM,Tuesday March 30 2021,Negatif
Calvin irawan,"Membalas : ERAA yang mau stocksplit juga tak bergeming.
Market nya gk kondusif pak  ",11:38:08 AM,Tuesday March 30 2021,Negatif
rigeladitya,ERAA yang mau stocksplit juga tak bergeming.,11:37:18 AM,Tuesday March 30 2021,Negatif
Yudha,"PTPP perusahaan bagus dibanding wskt, tapi ikutan arb  ",10:49:23 AM,Tuesday March 30 2021,Negatif
Humam,Cent ayo turun lagi,10:36:31 AM,Tuesday March 30 2021,Negatif
Faliq H,ayo CENT turunin lagiii,10:34:38 AM,Tuesday March 30 2021,Negatif
Puspita Wardani,"Membalas : Swf gagal? Sekelas opung luhut masa ngeprank   *saya gapunya barang
Kan kpn hr abis di prank soal TESLA   bkn gk mgkn SWF jg prank  ",10:16:50 AM,Tuesday March 30 2021,Negatif
Rocky Thohir,Gila bbri ambrol,10:15:20 AM,Tuesday March 30 2021,Negatif
Yudha,Swf gagal? Sekelas opung luhut masa ngeprank   *saya gapunya barang,10:14:51 AM,Tuesday March 30 2021,Negatif
Vincent HH,"Wskt besok arb lg
Ni pasti udah mentok dia arb",10:10:24 AM,Tuesday March 30 2021,Negatif
Lee Khong Huan,WSKT dikasih ke ma200 nggak ya? Masih kurang turun 14%an lagi...alias 2x ARB   ,9:47:59 AM,Tuesday March 30 2021,Negatif
Dharma Djiauw  ,"Membalas : Iyaa...ud 2 mg hidup segan mati tak mau   nyangkut di 205
Kalo masih dalam plan ya blm nyangkut itu, definisi nyangkut kalo udh lewat batas SL tp ga di SL turun trs",9:37:40 AM,Tuesday March 30 2021,Negatif
Luky,"Membalas : Wskt : was was mikirin harta
abs CL barusan, masuk gara2 kena php kmarin di 1300an... wkwkwkwk",9:37:19 AM,Tuesday March 30 2021,Negatif
Aliong,Wskt : was was mikirin harta,9:36:39 AM,Tuesday March 30 2021,Negatif
Dharma Djiauw  ,"Membalas : Para suhu...psab gimn ya? Ud lama dighosting sm bandar  
Dari chart lg support ya, breakdown 190 siap kabur",9:35:02 AM,Tuesday March 30 2021,Negatif
RBTAN59,"Membalas : CNBC Indonesia https://www.cnbcindonesia.com/market/20210329220801-17-233813/duh-3-tahun-saham-matahari-ramayana-cs-gak-pernah-c
nah berita sentimen negative ini bisa kebalikan dr wskt kita saksikan sebentar lg  ",8:54:50 AM,Tuesday March 30 2021,Negatif
Daniel Bong,"Membalas : Photo
Ini cuma analisa pribadi tapi waktulah yang membuktikan
Bebas saja semua orang bisa berasumsi tapi kalau ruginya begitu ini sangat berbahaya
Hanya org yg kelebihan uang yg mau serok",8:05:54 AM,Tuesday March 30 2021,Negatif
Daniel Bong,"WSKT kmr byk yg rekomen buy termasuk para analis hs ,elen may dll.  Pertanyaannya koq bisa ga tau begitu parahnya keuangan WSKT saya yakin byk bgt korban berjatuhan",7:56:23 AM,Tuesday March 30 2021,Negatif
Jay Jay,"Membalas : Sy sbnrnya mau trading di WSKT ini. Kdg bingung jg mau CL tau2 malah dibawa naek. Belakangan ini pola EM trade juga begitu. Yg s
Kuat tahan lama ga? Jeleknya pemerintah ga ada duit. Mo bantu paling dikit. Berharap jualan tol ke luar atau ina. Proyek ga akan banyak dulu, pendanaan susah, kecuali dpt surat jaminan dari pemerintah. 

Perbaikan akan ada, tapi lambat",7:48:32 AM,Tuesday March 30 2021,Negatif
Hauw,"Membalas : Pagi hu. Wskt sy nyangkut 15%. Baiknya CL saja apa gimana ya? Klo semalam ntn live EM suruh invest aja katanya. Jd bingung...
Jangan invest di WSKT
1200 itu dia ada gap, hari ini mungkin ada pantulan",7:42:04 AM,Tuesday March 30 2021,Negatif
CHR27,"Membalas : Bapak niatnya bgmn, trading atau investasi? Kalau trading harusnya dr awal sudah pasang stoploss, ga akan lg ada kata nyangkut s
Sy sbnrnya mau trading di WSKT ini. Kdg bingung jg mau CL tau2 malah dibawa naek. Belakangan ini pola EM trade juga begitu. Yg swing kena level stoploss, lalu klo gak mau stoploss ya jadi investing aja. Cm yg jd mslh dgn ada berita begini jd bingung apakah layak wskt ini di invest?",7:41:43 AM,Tuesday March 30 2021,Negatif
Yudha,"Membalas : Pagi hu. Wskt sy nyangkut 15%. Baiknya CL saja apa gimana ya? Klo semalam ntn live EM suruh invest aja katanya. Jd bingung...
Bapak niatnya bgmn, trading atau investasi? Kalau trading harusnya dr awal sudah pasang stoploss, ga akan lg ada kata nyangkut selama stoploss belum terpenuhi, sekalipun sudah terkena SL yasudah, risk trading sebelumnya harus sudah ditentukan seberapa dalam yang bisa diterima jika posisi yang diambil salah..",7:37:31 AM,Tuesday March 30 2021,Negatif
Ary,"Membalas : Photo
Biasanya kalo pas kemaren saya perhatikan arb dari bank bvic dan bgtg sama inpc pada nyesel jual arb tapi ya emang pait banget bisa sampe lossnya di 40%,karena ketika lot order di akum bandar itu bisa naik lagi dari arb sampe 10%, banyak yang average pas bandar akum jadi lossnya bisa ketutup.
Membalas : Biasanya kalo pas kemaren saya perhatikan arb dari bank bvic dan bgtg sama inpc pada nyesel jual arb tapi ya emang pait banget b
3 bank tersebut diakum sehari sama MG
",10:58:03 PM,Monday March 29 2021,Negatif
