,User,Pesan,Jam,Tanggal,Status,Saham
0,Maimunah,"Membalas : Ia om  
Sentimen ijo kuat soalnya dimana mana Dilini masa ijo, tapi hasil akhir yg menang yg guyur ttp follow theoney",7:22:44 PM,Sunday March 28 2021,Positif,MASA
1,IHSG MORNING STAR OTW 6500,Haka antm 1jjta lot,2:54:23 PM,Sunday March 28 2021,Positif,ANTM
2,Bu Nana,"Membalas : Kalo sudah kenal betul sahamnya sih ada kemungkinan. Cuman memang risky yah. Kecuali capital all-in nya tidak terlalu besar, kat
Ya pak Jimmy kenal pola dr awal ditarik dan biasanya memang sudah uptren dan posisinya 
1. Mantul dr ma 5 or ma 20 
2. Mantul dr support candle",11:33:09 PM,Saturday March 27 2021,Positif,POLA
3,ryanless,"AGRO mantul di 1035
Ini adalah foto",10:53:58 PM,Saturday March 27 2021,Positif,AGRO
4,Avianto,"Yup berarti benar day trading = zero sum game. 

yg cuan dapat uang dari yg boncos. 

Beda bila cuan di karenakan harga saham naik di sebabkan krn keberhasil perusahaan mencetak laba. Ini bukan zero sum game.
Saat org pegang saham bbrp waktu lalu harga naik saat LK keluar profit besar... maka banyak org tertarik saham tsb shg saham naik harganya",8:04:58 PM,Saturday March 27 2021,Positif,UANG
5,Kaanz ,"CENT memang menarik dari chartnya, apalgi kan mau RI juga bisa cuan njedog tuh ",7:28:14 PM,Saturday March 27 2021,Positif,CENT
6,Aho Lie,"Membalas : Iya jg, kadang sdh CL, harga malah naik lagi, kejadiannya di TINS dulu
Saya sekrg di cent  padahal udah komit mau sampai target e...iseng pdhl beli dpt di 226 itu harga plg tinggi lgs haka naik terus sampai 300 e..turun jual dulu 272.  Naik lagi fomo beli 280 trus turun gsk tahan maksd mau cl trus masuk lg malah lebh tinggi tp srkrg udh plus dikit ",7:26:43 PM,Saturday March 27 2021,Positif,"CENT,TINS,TRUS"
7,Chai Lie,"Membalas : Tp ingat says pernah udah cl masuk kslah cepet malah dpt avg lebh tinggi jadi gak ada yg 100%bener
Iya jg, kadang sdh CL, harga malah naik lagi, kejadiannya di TINS dulu  ",7:23:43 PM,Saturday March 27 2021,Positif,TINS
8,Charles Prop,"Membalas : Krn waktu itu says persis pegsng bbtn begitu berits krluar naik 600%nsik tinggi says cuan lumyn saya udah bilg ama saudara sampa
Betul pasti pullback krn bbtn baru break ath 2020 jan kemarin. Tapi masih akan naik lagi mengikuti kinerjanya. Ini berlaku buat saham2 lain jg yg punya kinerja positif",6:38:18 PM,Saturday March 27 2021,Positif,BBTN
9,Kaanz ,CENT nya potensi SSP dong ,6:35:16 PM,Saturday March 27 2021,Positif,CENT
10,Aho Lie,"Membalas : Deviden bagi pun jg ga akan besar. Dan ga ada artinya. Toh bbtn selama ini nyari duit dari kupon obligasi, yg harus dibayar bung
Krn waktu itu says persis pegsng bbtn begitu berits krluar naik 600%nsik tinggi says cuan lumyn saya udah bilg ama saudara sampai target 2000 kits tinggsl bener 2100 lebh lgs amblas bgt gak bagi deviden krn kbr bagus dan gak ngaruh banget ke saham sori ini pribadi bisa beda2 analisa gak kelar2     ",6:30:16 PM,Saturday March 27 2021,Positif,BBTN
11,Aho Lie,"Membalas : Contoh yang barusan kejadian adalah BBTN. Dirut ditarik org luar. Investor ngerasa kebijakan bbtn ini uda bagus, tapi berhub org
Klo nurut saya begitu bilg untung nsik 600%lrbh tp deviden gak bagi  ",6:24:39 PM,Saturday March 27 2021,Positif,BBTN
12,Billy,"Membalas : Jadi saat break volume tinggi baru masuk buat optimal entry ya? Kalau mau spekulasi cicil2 waktu sudah mulai mendekati MA50W nya
Iya ini waktu posisi nya market baru mau turn bull kang.. Skrg kan beda lg.. Skrg cari pivot entry ketika Saham2 yg lg otw uptrend.. Bisa flat base.. Bisa cnh atau rounding",2:24:46 PM,Saturday March 27 2021,Positif,BULL
13,qodri,"Membalas : Photo
wkwkwkwkwkkwk hasil cuan MPPA d balikin lg k perusahaannya ya pakde",2:04:15 PM,Saturday March 27 2021,Positif,MPPA
14,DEN,ANTM minggu depan ARA wajib pantau beritanya baru di buat media    ,1:44:41 PM,Saturday March 27 2021,Positif,ANTM
15,Fajar Oktavaria,"Membalas : Mantap, set stoploss di berapa skrg DOID
engga cutloss jadinya pak, malahan jadi profit  ",12:44:58 PM,Saturday March 27 2021,Positif,DOID
16,Rui :rocket: :speedboat::dancer: ,"Membalas : ini pada case saat terlanjur dalam https://www.tradingview.com/x/bvz254Wp/
Mantap ini!!     

Kalau saya sendiri waktu CENT turun k bawah 250 saya CL krn beli avg up jdnya dpt di 262
Kamis setelah bottom lalu membentuk hammer hijau dg volume bagus baru saya masuk lg, di 250 juga",12:02:02 PM,Saturday March 27 2021,Positif,CENT
17,Bu Nana,Smra masi uptren,11:38:22 AM,Saturday March 27 2021,Positif,SMRA
18,Bu Nana,"Pagi TT , apa ini saat yg tepat buat avrg down smra ? Di 1000 sd 950?
Ini adalah foto",11:27:30 AM,Saturday March 27 2021,Positif,SMRA
19,Benhan,"Tentunya average down saat belum capai toleransi cutloss ya masih OK. Misalnya SAME pas koreksi sebelum RI dan kemarin2 CENT pas koreksi dikit saya avg down masih OK, karena cuma turun sedikit belum reversal trend",11:07:35 AM,Saturday March 27 2021,Positif,"CENT,SAME"
20,Alfian,ISAT :rocket:,10:08:01 AM,Saturday March 27 2021,Positif,ISAT
21,Angga Bhara,Yukss mumpung hari libur qt wisata ke taman AGRO agar fress hari senin,9:48:34 AM,Saturday March 27 2021,Positif,"AGAR,AGRO"
22,Tommy Daniel,"Membalas : Membaca pengalaman suhu2 di sini dan berkaca dari pengalaman pribadi, rule nomor 1 trading itu memang PASANG STOP LOSS! Bahkan G
Setuju kakak... pasang stop loss ditiap posisi. Upgrade to trailing stop buat take profit.

Karena take profit itu juga sama penting nya dengan stop loss. Supaya bisa lihat account kita grow atau tidak.",9:13:13 AM,Saturday March 27 2021,Positif,SINI
23,Andrian,akra pak bisa dilirik,7:46:12 AM,Saturday March 27 2021,Positif,AKRA
24,Rui :rocket: :speedboat::dancer: ,"Membalas : CENT nya dipantau bu Saya liat bagus tunggu konfirm Koreksi kalau salah
CENT kebetulan kemarin sudah masuk kak begitu dia ngebentuk mjolnir hijau dengan volume bagus, thank you remindernya   

Eko Bawono Aminnn pak, kalau itu sampai terwujud        cup nya cantik banget soalnya  ",10:29:11 PM,Friday March 26 2021,Positif,CENT
25,Yugo Ginanjar,"Membalas : Photo
CENT nya dipantau bu 

Saya liat bagus tunggu konfirm
Koreksi kalau salah",10:26:16 PM,Friday March 26 2021,Positif,CENT
26,Rui :rocket: :speedboat::dancer: ,"Ijin berbagi analisa juga, hari ini SAME menunjukkan buyer kembali memasuki arena namun tertahan dibawah fibo 0.5 atau area sell signal dari Pak Guru Eko
Apakah besok akan berlanjut kenaikannya, atau akan kembali turun untuk mendekati MA20nya, karena selama ini MA20 selalu dicolek dulu sebelum ngegas  

Saya akan menunggu di area MA20 tersebut
Ini adalah foto",10:23:59 PM,Friday March 26 2021,Positif,SAME
27,Muhammag kuncoro,"Membalas : Kagak tau padahal dah mute kan?
Asix juga dengar masak2 di grub saham mungkin ini kodenya saham icbp ya minggu depan.",8:45:01 PM,Friday March 26 2021,Positif,ICBP
28,Dave @propertyimpianmurahsurabaya,Lg goreng Ikan mungkin  ,8:36:38 PM,Friday March 26 2021,Positif,IKAN
29,Jutha Bram,"Membalas : Yang haka antm tins inco mcas mukanya beseri2 pasti   
Saya Haka ESSA saja kemarin  
",5:34:23 PM,Friday March 26 2021,Positif,"ANTM,ESSA,INCO,MCAS,TINS"
30,Mic,"Membalas : ANTM TINS INCO MCAS HAKA
Yang haka antm tins inco mcas mukanya beseri2 pasti   
",5:26:14 PM,Friday March 26 2021,Positif,"ANTM,INCO,MCAS,TINS"
31,Paw Paw,cakep ya antm,4:46:50 PM,Friday March 26 2021,Positif,ANTM
32,Jafar Sim,"Membalas : Jadi pola htf nya pak ?
Harusnya jadi ya, konfirmasinya senin kalau harga naik tinggi dengan  volume tinggi juga,",3:08:16 PM,Friday March 26 2021,Positif,POLA
33,Hx,Kija mulai gerak,2:16:24 PM,Friday March 26 2021,Positif,KIJA
34,Humam,"Membalas : Pastikan lamar jabatan level Management ya Pak...karena itu MSOP bukan ESOP
AGRO MESOP pak, employee dapet juga.. ",2:08:28 PM,Friday March 26 2021,Positif,AGRO
35,rigeladitya,"Membalas : saya ga nyadar pak sudah dari maret sudah pasang gtc baru nyadar siang tadi heran kok tiba tiba cash nambah tapi kalo tembu
yes, ihns besar banget... masing2 shoulder 3 bulan bikin base-nya.",1:58:08 PM,Friday March 26 2021,Positif,CASH
36,Fajar Oktavaria,"Membalas : wahaha.. lama bat. say abaru seminggu juga udah mulai gerah nih.
saya ga nyadar pak sudah dari maret sudah pasang gtc baru nyadar siang tadi heran kok tiba tiba cash nambah   
tapi kalo tembus >630 memungkinkan buat ihns itu",1:57:23 PM,Friday March 26 2021,Positif,CASH
37,Erich,"Membalas : Jgn salah yg tumpah piringnya byk  
sold barusan kena tins",1:42:15 PM,Friday March 26 2021,Positif,TINS
38,den,masa2 kejayaan antm is back  ,1:41:10 PM,Friday March 26 2021,Positif,ANTM
39,Erich,kenyang dah dari tins antm inco hari ini :airplane::airplane::airplane::airplane:,1:41:01 PM,Friday March 26 2021,Positif,"ANTM,INCO,TINS"
40,Aho Lie,"Membalas : ampun antm remnya blong  
Semoga ara kasian yg nyangkut byk inget klo udh untung buru2 Tp",1:40:57 PM,Friday March 26 2021,Positif,ANTM
41,as s,ampun antm remnya blong  ,1:40:06 PM,Friday March 26 2021,Positif,ANTM
42,Rakhmad Nirmawan Nofendi,"Membalas : Sadis ya om, yg related sama pat.wal. :police_car:
iya private equity yah gt kerjaan nya beli perusahaan yg babak belur di benerin ud cantik baru jual   . investasinya yg nyangkut kyknya di DOID waktu akuisisi BUMA di harga 1145 gak salah",1:38:40 PM,Friday March 26 2021,Positif,DOID
43,Septianto Francisco,DGNS serok arb ngab :rocket::rocket:,1:30:48 PM,Friday March 26 2021,Positif,DGNS
44,Rakhmad Nirmawan Nofendi,"Membalas : Keinget saham MASA om, siapa tau ada cerita yg sama kd go private gitu , dpt durian runtuh kalo sahamnya bener
northstar untung byk abis placement masa ke michelin sejak itu saham""nya northstar pada aktif",1:30:01 PM,Friday March 26 2021,Positif,MASA
45,Aliong,"Membalas : Harus liat produk ny jg si pak kenapa bs mau go private. Sngt minim sekarang prusahaan mau go private apalagi lg pandemi gini BU
Yak betul, cerita kaya saham MASA pasti dijaga ketat juga ga bole bocor alus",1:28:33 PM,Friday March 26 2021,Positif,MASA
46,Aho Lie,Saya sih yakin cent bakal ke 300 lebh ..ya...masalh lebhnya nih kira2 dilebihin 100 200 atau 2000       ,1:16:03 PM,Friday March 26 2021,Positif,CENT
47,Erich,"Membalas : Enak kan beli AGRO Rp285 perak harga pasar 11xx   auto chuan gede benar
sm kayak bjtm ini mesop2 ya",1:10:12 PM,Friday March 26 2021,Positif,"AGRO,AUTO,BJTM"
48,RBTAN59,"Membalas : Ini sih bukan saya pastinya    Tapi lumayan kan ANTM digoreng dari 700-an ke 2300-2400. 3x lipat dalam waktu setengah tahun
cent mgkn bisa jg 3x lipet yah Om   ",1:08:32 PM,Friday March 26 2021,Positif,"ANTM,CENT"
49,Soebianto,Enak kan beli AGRO Rp285 perak harga pasar 11xx   auto chuan gede benar,1:06:43 PM,Friday March 26 2021,Positif,"AGRO,AUTO"
50,Soebianto,"Membalas : Asing yang beli RI Arto sih pinter, beli nya di harga disc 70%an dari harga pasar, smart....
Ini spt karyawan AGRO dikasih beli harga disc 70%an dari harga pasar ya pasti mau kan chuan lsg, apalagi di dokumen nya gak ada kata2 lock up",1:05:41 PM,Friday March 26 2021,Positif,"AGRO,ARTO"
51,Soebianto,"Asing yang beli RI Arto sih pinter, beli nya di harga disc 70%an dari harga pasar, smart....",1:04:25 PM,Friday March 26 2021,Positif,ARTO
52,Benhan,"Membalas : kmaren"" jg beli antm pada bilangnya sama karna masa depan 
Ini sih bukan saya pastinya   
Tapi lumayan kan ANTM digoreng dari 700-an ke 2300-2400. 3x lipat dalam waktu setengah tahun",1:01:40 PM,Friday March 26 2021,Positif,"ANTM,MASA"
53,Andi FX,"Membalas : uda takut. MG aja uda jarang nongol di antm 
Hari ini nongol..makanya naik  ",12:38:14 PM,Friday March 26 2021,Positif,ANTM
54,Charles Prop,"Membalas : kmaren"" jg beli antm pada bilangnya sama karna masa depan 
antm sudah masuk msci harga sudah dijaga. ga akan sevolatile dulu lagi",12:31:35 PM,Friday March 26 2021,Positif,"ANTM,MASA"
55,Andi FX,"Membalas : Beli ARTO karena masa depan lah. Itu PBV ARTO belum update karena equity nya skrg sekitar 8T setelah right issue. PBV skrg sekit
Saya beli arto karna digoreng...berharap digoreng terus dan terus...dan terus.. ",12:31:14 PM,Friday March 26 2021,Positif,"ARTO,MASA"
56,krm nugraha,"Membalas : Beli ARTO karena masa depan lah. Itu PBV ARTO belum update karena equity nya skrg sekitar 8T setelah right issue. PBV skrg sekit
kmaren"" jg beli antm pada bilangnya sama karna masa depan ",12:30:05 PM,Friday March 26 2021,Positif,"ANTM,ARTO,MASA"
57,Charles Prop,"Membalas : Yang seperti ARTO ini jarang2 mungkin setahun cuma ada 3-4 emiten yg growthnya secepat ini. All leading to momennya Gojek IPO. I
kalau ditarik ke belakang chartnya 3-5tahun lalu, anda pasti ngerti kok kenapa ini saham dari 100perak jadi 5000 dibanting ke 100 lagi dengan sangat cepat
Membalas : Setuju, saingan nya BBCA
dari segi mana om saingan bbca? harga saham? atau bisnisnya?",12:23:19 PM,Friday March 26 2021,Positif,"ARTO,BBCA"
58,Bapakne Naila,"Coba digital bank pake PEG om, PE/EPS growth.
Membalas : Telat taunya klo tau dr dulu org kemarin waktu blm nsik harga 226 saya beli trus jyal tp sempet fomo waktu 280 tp gpp udh avg do
Siap om   ",12:07:02 PM,Friday March 26 2021,Positif,"BANK,TRUS"
59,Aho Lie,"Membalas : Waktu 180 ga dilirik om  
Telat taunya klo tau dr dulu org kemarin waktu blm nsik harga 226 saya beli trus jyal tp sempet fomo waktu 280 tp gpp udh avg down jd udh lumyn pas harga 240",12:05:55 PM,Friday March 26 2021,Positif,TRUS
60,Vincent,"Saya mantau aja pak,all the best hehehe. Saya jg punya pandangan oke kok ke arto.",11:50:06 AM,Friday March 26 2021,Positif,BEST
61,Benhan,"Yang seperti ARTO ini jarang2 mungkin setahun cuma ada 3-4 emiten yg growthnya secepat ini. All leading to momennya Gojek IPO. Ini blueprintnya sudah jelas dan eksekusi Right Issuenya sempurna. Sayang kalau terlewatkan. 
Di dalamnya ada North Star pula. Banyak boxes ticked!  ",11:44:52 AM,Friday March 26 2021,Positif,"ARTO,STAR"
62,Benhan,"Beli ARTO karena masa depan lah. Itu PBV ARTO belum update karena equity nya skrg sekitar 8T setelah right issue. PBV skrg sekitar 16x. Sudah masuk kategori Bank Buku III.
Terus bakal right issue terus sampai equitynya capai 30T masuk Bank Buku IV. Perkiraan 2022 lah tercapai.",11:40:54 AM,Friday March 26 2021,Positif,"ARTO,BANK,MASA"
63,R,"haka bvic MG mulai masuk, AVG 177. masih harus di kerek naik ke 180-185",11:33:11 AM,Friday March 26 2021,Positif,BVIC
64,Benhan,Pas banget ya ANTM dikerek ke atas hari ini karena ada presscon battery holding. Begitulah cara market maker bekerja,11:31:21 AM,Friday March 26 2021,Positif,ANTM
65,Aho Lie,Klo cent sampai april kyknya prospektus keluar tp harga udsh diatas 300     ,11:30:27 AM,Friday March 26 2021,Positif,CENT
66,Novian Yudha 087,Antm TP selanjutnya 2800,11:21:40 AM,Friday March 26 2021,Positif,ANTM
67,Rolando,"Membalas : Suhu master Aho adalah spesialist CENT pak suhu master intel khong guan @Rovipr
sampai2 semua saham yg ijo dilihatnya ticker CENT  

peace ya, salam cuan",11:11:49 AM,Friday March 26 2021,Positif,CENT
68,Aho Lie,"Membalas : Yang nyambung direply itu camp pak   
Kirain orgnya nanys kenaps Cent nsik    maklum efforia",11:09:23 AM,Friday March 26 2021,Positif,"CAMP,CENT"
69,Mic,"Membalas : ANTM TINS INCO MCAS HAKA
Ya haka congrats udh cuan ya",11:06:50 AM,Friday March 26 2021,Positif,"ANTM,INCO,MCAS,TINS"
70,Efraim Arya,"Membalas : kenapa naik tinggi om? ada isu apa?
Dia itu dulu isunya mau ikut distribusi salah satu vaksin kalo gk salah, makanya naik kenceng",11:04:01 AM,Friday March 26 2021,Positif,SATU
71,Aho Lie,"Membalas : AK nyerok Cent
Prospek",11:00:10 AM,Friday March 26 2021,Positif,CENT
72,Johny,AK nyerok Cent,10:58:28 AM,Friday March 26 2021,Positif,CENT
73,Aho Lie,"Membalas : Photo
Ini yg saham salah satu diprediksi pak HS akan nsik tinggi   ",10:58:07 AM,Friday March 26 2021,Positif,SATU
74,Yoga Dharmawan,"Membalas : @RuiAuxilia Mb klo BBYB itu cumdate nya kapan to...kq di rti ma stockbit beda
Di rti belom update kayaknya, cumdate bbyb uda tgl 24 kemaren",10:52:19 AM,Friday March 26 2021,Positif,BBYB
75,Aho Lie,"Mana suara Brms    
Membalas : banyak yg bahagia yah kalau antam naik
Ia byk yg nyangkut",10:41:03 AM,Friday March 26 2021,Positif,BRMS
76,Septio Hanifa,PKPK ara gak nih,10:29:11 AM,Friday March 26 2021,Positif,PKPK
77,muriz,Antm nyangkut 8% terbayar lunas dgn hati yg tenang..gak minus lagi....trmksh pak sopir,10:28:02 AM,Friday March 26 2021,Positif,ANTM
78,Deny Hermawan,ANTM :rocket:,10:26:17 AM,Friday March 26 2021,Positif,ANTM
79,Fadli,antm kalo bertahan di atas 2350 sesi satu strong,10:20:17 AM,Friday March 26 2021,Positif,"ANTM,SATU"
80,Erich,harga nikel timah biasa aja..antm tins ijo tebel  ,10:19:28 AM,Friday March 26 2021,Positif,TINS
81,Aho Lie,"Membalas : Naaah kalau bapak Aho ini spesialist CENT, mohon banyak banyak kasih masukan tentang CENT yaa
Target 300 hbs itu gby my love   
",10:11:55 AM,Friday March 26 2021,Positif,CENT
82,Ardiyan Bagas,MIKA masih bisa bikin higher high gak ya? Masih sangkut d 2900,10:09:46 AM,Friday March 26 2021,Positif,MIKA
83,Aho Lie,"Membalas : ARA kan CENT :rocket:
Udah 2x tik tok mas   ",10:05:25 AM,Friday March 26 2021,Positif,CENT
84,Ardiyan Bagas,ARA kan CENT :rocket:,10:04:34 AM,Friday March 26 2021,Positif,CENT
85,R,"bvic mantap. yok masuk, sblm ketnggalan",10:02:21 AM,Friday March 26 2021,Positif,BVIC
86,Jafar Sim,"Membalas : bisa juga 6-7-8-9  
Tulisan suhu master Billy     agak mencurigakan kalau ada tulisan wiim nya spti orang kalau baru pertama kali ketemu cici guru @RuiAuxilia grogi salfok    agro aja agro ajaaa skrg 1055",10:01:20 AM,Friday March 26 2021,Positif,"AGRO,WIIM"
87,Virgaust,"Membalas : jgn disebut2    nanti rame, khusus orang sabar wkwkw
koh Billy muncul di komen WIIM ini udah menjadi selling point tertentu. nilai Plus  ",9:52:47 AM,Friday March 26 2021,Positif,WIIM
88,Kaanz ,CENT nya kek nya juga potensi HTF?,9:50:58 AM,Friday March 26 2021,Positif,CENT
89,Rui :rocket: :speedboat::dancer: ,"Membalas : WIIM nya masih ada 
@wealth88 nih kak ada calon HTF lagi kalau tertarik    tp kalau mau entry saran saya ya memang nunggu hTFnya confirm dulu",9:49:34 AM,Friday March 26 2021,Positif,WIIM
90,R,ARA kan BVIC,9:48:58 AM,Friday March 26 2021,Positif,BVIC
91,Rui :rocket: :speedboat::dancer: ,"Membalas : it's ok lah gak HTF juga. asal base nya kuat, apapun bisa terjadi kyk waktu itu IMAS gagal confirm pattern, tpi volume masih
Iya, ga HTF bukan berarti ga naik ... saya komen kak @wealth88 karena dari kemarin semangat sekali biar HTF di DMMX   ",9:46:30 AM,Friday March 26 2021,Positif,"DMMX,IMAS"
92,JK Vm,Haka WMUU,9:32:53 AM,Friday March 26 2021,Positif,WMUU
93,Jafar Sim,"Membalas : Volumenya juga mesti besar bukannya pak ?
Nope, tudei masih masa konsolidasi volume harus rendah, senin baru meroket dengan volume besar, saya pasang buy 408 all in ga dapat  nih stress saya  ",9:28:22 AM,Friday March 26 2021,Positif,MASA
94,Jafar Sim,"Membalas : pak, biarkan saja senyap  
Oh iya ya    woke deh agro aja ayok ayok agro skrg 1060 feeling saya hari ini agro closing di 1030 
1030-1134-1208-1290 siapa mau serokk 1060 1060 ayok ayok",9:26:16 AM,Friday March 26 2021,Positif,AGRO
95,Bu Nana,Same uda 450,9:15:32 AM,Friday March 26 2021,Positif,SAME
96,as s,antm dorong ihsg  ,9:15:24 AM,Friday March 26 2021,Positif,ANTM
97,Vivian,Mantoelll nih same,9:11:15 AM,Friday March 26 2021,Positif,SAME
98,Kirana L,"Membalas : Jd ingat film Capt Phillips :ship:
Kaya insight sahamnya bakal naik ya pak",8:57:27 AM,Friday March 26 2021,Positif,FILM
99,rigeladitya,"Membalas : Should be wise at the current condition of the market? I mean Mark meenermini just wrote a single notice that it may be only a s
cek lagi twitternya minervini bu... dia bilang dia stupid, sering CL tapi habis itu sahamnya terbang. sekelas minervini yang gain portonya sudah 57% YTD aja ngalamin kok  ",8:53:27 AM,Friday March 26 2021,Positif,MARK
100,Benhan,"Membalas : berita 2 hari lalu 
Ketika berita positif dikeluarkan untuk salah satu emiten, itu pertanda akumulasi sudah cukup dan insider siap TP. Ngundang retail buat beli",8:24:58 AM,Friday March 26 2021,Positif,SATU
101,Charles Prop,"Membalas : [BREAKING] BBRI memutuskan untuk membagikan Rp12 triliun atau sekitar 65% dari laba bersih tahun 2020. Dengan demikian, dividen
Di newsnya bukannya 160an ya?",1:08:57 AM,Friday March 26 2021,Positif,BBRI
102,IHSG MORNING STAR OTW 6500,"Membalas : Ada yg main binary option binomo di grup ini? Mau tahu mrk benar atau nggak cara kerjanya terutama chart, sistem deposit / with
Binomo illegal",9:55:42 PM,Sunday March 28 2021,Negatif,MAIN
103,Dharma Djiauw  ,"Membalas : Ada yg main binary option binomo di grup ini? Mau tahu mrk benar atau nggak cara kerjanya terutama chart, sistem deposit / with
Traffic data di chart bisa dimainkan pak
 kalo profit 80% trader, 20% buat pihak sana, loss ya 100% trader 
Blm trmasuk permainan slippage dan requote",9:38:58 PM,Sunday March 28 2021,Negatif,MAIN
104,Taupik Rahmat,"Membalas : Ada yg main binary option binomo di grup ini? Mau tahu mrk benar atau nggak cara kerjanya terutama chart, sistem deposit / with
Kalo mau cepet miskin bisa main itu om  ",9:37:21 PM,Sunday March 28 2021,Negatif,MAIN
105,Melvin E. S.,"Ok mksh..
Ada yg main binary option binomo di grup ini? Mau tahu mrk benar atau nggak cara kerjanya terutama chart,  sistem deposit / withdraw dan web nya. Kabarnya sering di blokir situsnya sama kominfo. Mksh..",9:32:29 PM,Sunday March 28 2021,Negatif,MAIN
106,Jimmy,"Membalas : Iya betul pak. Nah itu tadi pak Jimmy bilang kalau salah satu kunci trading itu  hindari keramaian . Tapi kenapa ada jg yg bilan
Saya bukan Suhu ya Pak. Masih belajar juga, sedikit di atas niubi lah.

Mungkin pake contoh aja ya yang gampang, ANTM. 

Sampai Kamis minggu lalu. Pasar masih pesimis dengan ANTM. Ada yang bilang harga bandar di 1700. Ada yang bilang mau ke 1000, dsb. Keramaian jelas berada di sisi pesimis.

Nah Jumat lalu, secara chart terlihat kalo tutupan Kamis bisa jadi titik reversal. 

Dan kalo yang mengamati aliran akumulasi, terlihat big player konsisten masuk bertahap di 4-5 hari terakhir.

Dan kita tahu akhir bulan ada rencana pengumuman IBH, tapi kita ga tau akhir bulannya kapan, bisa tanggal 25, 26, dsb sampai tgl 30.

Disini terlihat, ""keramaian"" berada di sisi ""pesimis"", sementara market sudah menunjukkan ada ""pembalikan arah"".

Jadi kita mau tes ikut ""market"" atau ikut ""keramaian""?  

Semoga bisa dipahami ya. Memang tipis bedanya, tapi ya itulah kurang lebih benang merahnya. Mirip kaya liat divergen trend. Kadang selip mata  ",1:30:08 AM,Sunday March 28 2021,Negatif,SATU
107,Bu Nana,"Ikut rules nya pak Billy berarti antm magnetnya ke bawah?
Ini adalah foto",11:50:56 PM,Saturday March 27 2021,Negatif,ANTM
108,Hatsuko,"Membalas : Sependek amatan saya avg down itu boleh dg pertimbangan2: 1. Sahamnya memang liquid 2. Mengenali S&R dg cermat 3. Penggunaan dan
Lebih tepat sebenarnya konsep avg down adalah beli mencicil di satu emiten yg sama. Setelah selesai (mencicil sistem piramida, cicil 2,3,4 kali, dengan alokasi misal 20% total porto) tapi harganya lalu tetap turun 6% dari avg, cutloss. Kalau yg pembelian sekaligus (juga alokasi 20% porto) dan harganya turun juga 6% cutloss. Jadi konsepnya tetap disiplin cutloss saja dari alokasi 20% porto kalau harga turun 6%. Incar lagi saham yg sama setelah trend nya jadi bullish atau cari saham lain.  ",8:13:26 PM,Saturday March 27 2021,Negatif,SATU
109,Charles Prop,"Membalas : Mungkin WB belom pernah menikmati cuan dari scalping Karena buat apa dia sudah kaya raya, hehe
Kalau lihat perjalanan WB. Dia loss bnyk tu di awal. Bahkan berkshire nya itu adalah salah satu kegagalan dia",7:23:09 PM,Saturday March 27 2021,Negatif,SATU
110,Charles Prop,"Contoh yang barusan kejadian adalah BBTN. Dirut ditarik org luar. Investor ngerasa kebijakan bbtn ini uda bagus, tapi berhub org luar masuk maka bakal ada rubah kebijakan lagi dan belum tentu sinergis. Makanya itu saham lsng drop sampe lumayan dalam",6:07:04 PM,Saturday March 27 2021,Negatif,BBTN
111,Fajar Oktavaria,"Membalas : Ini nih yg namanya cut your loss and protect your profit  
berkat guru-guru disini pak benhan  
semenjak para guru disini sharing pengalaman, saya berpendapat tidak perlu waktu lama untuk bisa ""cut your loss and protect your profit"" atau sederhanakan saja menjaga modal
cukup akui kesalahan dan belajar dari kesalahan   
*notes jika ada yang bertanya saat itu kesalahan terbesar saya dimana, itu saat asri dan dkft htf (disini saya tidak mempersiapkan TS ataupun SL)",12:59:50 PM,Saturday March 27 2021,Negatif,"ASRI,DKFT"
112,Bu Nana,"Membalas : Kalau benar avg Anda 1020, ga perlu ragu Bu. Saya rasa Senin ini ga akan sempat avg down karena harganya dah naik duluan
Tadi pagi saya diskusi ama tmn via pm di bantah ama dia, jelek itu smra , makanya saya cari second opinion",12:15:42 PM,Saturday March 27 2021,Negatif,SMRA
113,Billy,Saya ga akan putus assa lg ampe pinjem KTA .. Itu same aja balik lg ke lubang hitam.. Mending natural aja.. Wish me luck....  ,9:43:49 AM,Saturday March 27 2021,Negatif,"ASSA,SAME"
114,AAN,"Membalas : Cut lost dulu aja pak senen. Beli yang ASIIk biar bisa join ngobrol disini
Saya ijin KBAG keuangan dulu pak kalau mau cutloss....  ",9:33:07 AM,Saturday March 27 2021,Negatif,KBAG
115,Ronny,"Membalas : Sahamku LPPF bingung dirangkai jadi kata apa ya   
Cut lost dulu aja pak senen. Beli yang ASIIk biar bisa join ngobrol disini",9:31:05 AM,Saturday March 27 2021,Negatif,LPPF
116,Billy,"Membalas : Masih mending sih pinjem bank buat trading ketimbang margin. Kalau margin kan ada margin call dan harus force sell kalau pinjem
Loh saya pinjem ke bank nya terus dipake trading pake margin.. Kurang apa   ",7:27:52 AM,Saturday March 27 2021,Negatif,BANK
117,Jaidie,"Membalas : Saham mana yg arb berhari2
IKAN mungkin wkwk",7:12:40 AM,Saturday March 27 2021,Negatif,IKAN
118,hery,"Membalas : Back Test kenaikanorpenurunan Ex date SS.pptx
wah, BRPT kemarin tidak menyenangkan yah",1:11:45 AM,Saturday March 27 2021,Negatif,BRPT
119,Benhan,"Membalas : Td pas pak HM bahas passion, sy trtarik hehe.. krn gini, ini kan arb msh 7%, dsaat arb 7% market koreksi trader2 yg bru join di
Pasang stoploss 5% aja dijamin aman dari ARB mau berapa persenpun. Asal bukan di saham yg ga liquid",9:45:22 PM,Friday March 26 2021,Negatif,AMAN
120,Denny Wang,"Membalas : Yup, swing low confirmed. Semoga 1 april akan jadi last chance to buy before start to retest 6550 lagi di april-Mei...
Untuk ihsg?  6050an itu sdh bottom nya pak jutha?  @JuthaBram 

Btw. Wskt cm turun sedikit meskipun lap keu jelek.. dijagain bandar?",6:51:53 PM,Friday March 26 2021,Negatif,WSKT
121,Jimi Yang,Essa ngamuk,2:32:02 PM,Friday March 26 2021,Negatif,ESSA
122,as s,bmri kemungkinan bid palsu dr tadi ga kuat2 nanjak  ,1:51:05 PM,Friday March 26 2021,Negatif,BMRI
123,Aho Lie,"Membalas : Langsung drop LPPF karena ga boleh mudik
Ini mksdnya pak kadg udh kita analisa dgn berbagai mcm ilmu e kena prank lgs koit   ",1:43:46 PM,Friday March 26 2021,Negatif,LPPF
124,Benhan,Langsung drop LPPF karena ga boleh mudik,1:42:49 PM,Friday March 26 2021,Negatif,LPPF
125,hery,"Membalas : Keinget saham MASA om, siapa tau ada cerita yg sama kd go private gitu , dpt durian runtuh kalo sahamnya bener
masa dah beberapa kali gagal go private nya. harganya kurang seru  ",1:35:34 PM,Friday March 26 2021,Negatif,MASA
126,Charles Prop,"Membalas : Keinget saham MASA om, siapa tau ada cerita yg sama kd go private gitu , dpt durian runtuh kalo sahamnya bener
Harus liat produk ny jg si pak kenapa bs mau go private. Sngt minim sekarang prusahaan mau go private apalagi lg pandemi gini BU semua",1:26:38 PM,Friday March 26 2021,Negatif,MASA
127,Aliong,"Membalas : Ya kalau kita uda tau mending menjauh saja pak.
Keinget saham MASA om, siapa tau ada cerita yg sama kd go private gitu  , dpt durian runtuh kalo sahamnya bener",1:24:16 PM,Friday March 26 2021,Negatif,MASA
128,Charles Prop,"Membalas : BBKP akan gitu2 aja selama masih ada Bosowa di dalamnya. Jangan disamakan lah
bosowa sudah tersangka tuh. dan mereka uda mulai lepas sahamnya pelan2. kemarin uda ilang 1% porsi bosowa",1:04:47 PM,Friday March 26 2021,Negatif,BBKP
129,Aho Lie,Ccsi kejam mau right issue bert 2 hr yglalu mau masuk kemrn lgs Ara sekrg lgs Arb sungguh....   ,1:03:57 PM,Friday March 26 2021,Negatif,CCSI
130,Charles Prop,"Membalas : Bakal lbh miris kalau lihat nya BDMN   Harga sisa 1/3
betul bdmn apalagi ya.. Jepang masuk di angka 9000an dibanting sampe 1000an kemarin corona wkwkwk",1:03:44 PM,Friday March 26 2021,Negatif,BDMN
131,Soebianto,"Membalas : harus lihat supirnya sih pak siapa gampangnya, kalau cuma liat siapa yg invest, tak kasih contoh saja. KB BUKOPIN pengendalinya
Bakal lbh miris kalau lihat nya BDMN  

Harga sisa 1/3",1:03:21 PM,Friday March 26 2021,Negatif,BDMN
132,Benhan,"Membalas : harus lihat supirnya sih pak siapa gampangnya, kalau cuma liat siapa yg invest, tak kasih contoh saja. KB BUKOPIN pengendalinya
BBKP akan gitu2 aja selama masih ada Bosowa di dalamnya. Jangan disamakan lah",1:03:10 PM,Friday March 26 2021,Negatif,BBKP
133,Charles Prop,"Membalas : Kalo udah masuk msci kenapa jadi kalem y ? Bandar yg ugal2an dulu pada ke mana? Takut ada satpamnya gitu sekrg y?
uda takut. MG aja uda jarang nongol di antm ",12:33:55 PM,Friday March 26 2021,Negatif,ANTM
134,Vincent,"Membalas : Yang seperti ARTO ini jarang2 mungkin setahun cuma ada 3-4 emiten yg growthnya secepat ini. All leading to momennya Gojek IPO. I
Tp pergerankannya udh curam pak. Sesuatu yg naik cepet turunnya cepet juga  ",11:46:03 AM,Friday March 26 2021,Negatif,ARTO
135,Virgaust,"Membalas : Tapi kayanya kudu ARA ini biar jebol resisten 496nya biar HTF kak  
it's ok lah gak HTF juga.
asal base nya kuat, apapun bisa terjadi  
kyk waktu itu IMAS gagal confirm pattern, tpi volume masih kecil. cuma delay 1 minggu sebelum :rocket::rocket::rocket:",9:45:12 AM,Friday March 26 2021,Negatif,IMAS
136,Eddie,"Baru 10 menit open, BBCA udh dijual asing 50M, awalan yg buruk bagi IHSG   ",9:10:44 AM,Friday March 26 2021,Negatif,BBCA
137,Bapakne Naila,"Membalas : Karena masih distribusi. Ini sama dengan SAME juga
Kalo saya sih ngira masih reakum lagi, bikin flag. Belum ada selling climaxnya, volume turun kmaren juga rendah",8:38:57 AM,Friday March 26 2021,Negatif,SAME
138,Erich,"Membalas : dah seperti ada truk melintang di jalan tol. gak bisa ke mana2. mau muterin tanjung harapan? berapa ribu km tuh.
lagian ga ikutan tren digital2 sih kayak ihsg   stuck kan..coba kapal digital, ga akan stuck lama gitu     ",8:16:00 AM,Friday March 26 2021,Negatif,TRUK
139,rigeladitya,"INCO area demand, ada yang lagi ngumpul in banyak banget.
Ini adalah foto",10:48:22 PM,Monday March 29 2021,Positif,INCO
140,Melvin E. S.,"Membalas : Photo
Tentu ada alasan naik tinggi. Yg sy ingat inkp tkim brpt dan tpia naik multibagger krn fundamentalnya bagus. Lompatan laba ratusan persen didukung penjualan yg juga naik dst..",9:54:45 PM,Monday March 29 2021,Positif,"BRPT,INKP,TKIM,TPIA"
141,Sales ERAA,"Membalas : Sales eraa ini beneran hehe
ERAA road to 3000
semoga semesta mendukung  ",9:15:08 PM,Monday March 29 2021,Positif,ERAA
142,Kaanz ,"Seperti nya CENT jg potensi membentuk cup and handle juga pak guru Eko Bawono , jika pola SSP gagal minggu ini, kalo dilihat dari volume jg mendukung, bagaimana dengan pendapat pak guru  time frame 4h
Ini adalah foto",9:06:59 PM,Monday March 29 2021,Positif,"CENT,POLA"
143,ando,Hrum knp kuat sendiri ya?,8:44:45 PM,Monday March 29 2021,Positif,HRUM
144,Rui :rocket: :speedboat::dancer: ,"Membalas : Ada yang bisa jelaskan kenapa bank mayapada arb berjilid2 pasca 3 hari cum date RI? Padahal pas sentimen bank mini terbang, may
Market tidak ada yang tahu pak, tidak semua RI bakalan sukses dan bagus, harusnya tetap berjaga2 ... saya lihat dari awal Maret sampai RI itu MAYA sempet digoreng kencang lho ... dari 3000an k 7000... itu juga diterbangkan kak",7:52:02 PM,Monday March 29 2021,Positif,"BANK,MAYA"
145,Del,"Membalas : Itu volume gede waktu ngangkat bandar atau retail ya?  Apa bukan bandar yg angkat ARA berjilid2 gitu? Kalo gitu bandar + retail
Good question, yg keluarin duit gede buat naikin harga dgn volum setinggi itu masih pada di dalem, suhu2 apa ada yg bs kasih pemcerahan?",7:22:05 PM,Monday March 29 2021,Positif,GOOD
146,Ikke,"takut ke 5.800 beneran gak sih tuh? kemrn udh gila2an, masa hr ini juga",7:15:26 PM,Monday March 29 2021,Positif,MASA
147,Fajar Oktavaria,"Membalas : mungkin member sini ada yg nyangkut di BNBA om, makanya dibahas
Kalo diliat pas naiknya itu banyak yang ngomongin sih disini, mungkin iya ada yang nyangkut",7:09:36 PM,Monday March 29 2021,Positif,"BNBA,SINI"
148,Rendi Setiawan,Ikan sesi 2 ara   ,2:50:54 PM,Monday March 29 2021,Positif,IKAN
149,Liem Peter,"candle volume W2 Cent  lebih tinggi dari candle pertama, candle Volume W3 nya harus lebih tinggi ya untuk SSP nya??",2:36:58 PM,Monday March 29 2021,Positif,CENT
150,Septianto Francisco,ERAA jgn ketinggalan kereta :rocket::rocket:,2:36:53 PM,Monday March 29 2021,Positif,ERAA
151,den,"Membalas : Deviden BBCA Final: Rp 530 / lembar Adjustment: Dikurang deviden interim Rp 98 di 22 Desember 2020 Sisa: Rp 432 / lembar Cum d
wow naik 2x dr thn lalu ya",2:18:37 PM,Monday March 29 2021,Positif,BBCA
152,Chezy,"Deviden BBCA
Final: Rp 530 / lembar 
Adjustment: Dikurang deviden interim Rp 98 di 22 Desember 2020
Sisa: Rp 432 / lembar

Cum date: 5 April 2021
Ex Date: 6 April 2021
Rec Date: 7 April 2021
Payment Date: 28 April 2021",2:17:29 PM,Monday March 29 2021,Positif,BBCA
153,Puspita Wardani,"Membalas : CENT ke 250 aja lbh menarik
170 lg boleh tak  ",2:14:11 PM,Monday March 29 2021,Positif,CENT
154,WA,CENT ke 250 aja lbh menarik,2:13:12 PM,Monday March 29 2021,Positif,CENT
155,Aho Lie,"Membalas : CENT kira kira masih bisa naik ga ya
Semua bisa naik atau turun says yg didlm ngarepin naik sebaliknya ",2:09:34 PM,Monday March 29 2021,Positif,CENT
156,Muhammag kuncoro,Poly yuk gaes entry 72 jual besok 80,2:07:03 PM,Monday March 29 2021,Positif,POLY
157,Faliq H,"Membalas : CENT kira kira masih bisa naik ga ya
beli di 302 ya?",2:06:39 PM,Monday March 29 2021,Positif,CENT
158,Tommy Hermes,CENT kira kira masih bisa naik ga ya,2:06:26 PM,Monday March 29 2021,Positif,CENT
159,Septio Hanifa,BKSL Gassss,1:55:50 PM,Monday March 29 2021,Positif,BKSL
160,Aho Lie,"Membalas : pasti happy dong minggu lalu aja pembahasan saham lain dikiranya cent  
Kli untung pasti hepi  ",1:51:47 PM,Monday March 29 2021,Positif,CENT
161,Johny,"Membalas : CENT break 300 minggu ini confirm SSP
Wah CENT yang haka member the traders disini ini  ",1:36:53 PM,Monday March 29 2021,Positif,CENT
162,Hendro Masori,"Membalas : Cent masi boleh avg up gak ya?
Boleh asal tau aturan avg up",12:41:08 PM,Monday March 29 2021,Positif,CENT
163,Jafar Sim,"Cent jadi rame, bukan saya yg rame in yaa   Aho    ",12:37:24 PM,Monday March 29 2021,Positif,CENT
164,Novra,"Membalas : CENT break 300 minggu ini confirm SSP
Sy udh curi start duluan pak    ",12:13:48 PM,Monday March 29 2021,Positif,CENT
165,Rui :rocket: :speedboat::dancer: ,"Membalas : SAME gmana ci? Masih boleh masuk?
Saya masi nawar ala emak2 di 420an kak   ",12:03:26 PM,Monday March 29 2021,Positif,SAME
166,Kaanz ,"Membalas : CENT break 300 minggu ini confirm SSP
Mantap pak de masih fullcash nunggu SSP , udah nunggu dari kemarin ",11:51:27 AM,Monday March 29 2021,Positif,CENT
167,Hendro Masori,CENT break 300 minggu ini confirm SSP,11:49:17 AM,Monday March 29 2021,Positif,CENT
168,M Rodi,"Membalas : Gd luck
siyap haka LUCK.  ",11:48:57 AM,Monday March 29 2021,Positif,LUCK
169,Bu Nana,Wah cent ada repo,11:41:14 AM,Monday March 29 2021,Positif,CENT
170,Nyangkuter Teh Pucuk,serem antm dipagerin 559K lot   ,11:29:42 AM,Monday March 29 2021,Positif,ANTM
171,Aho Lie,"Membalas : Hr ini CENT nya ngegas trs  
Saya gasss...in    ",11:25:57 AM,Monday March 29 2021,Positif,CENT
172,Puspita Wardani,Hr ini CENT nya ngegas trs  ,11:23:33 AM,Monday March 29 2021,Positif,CENT
173,Dane Fernando,"Ga da plan trading, ya beli PLAN aja ",10:45:22 AM,Monday March 29 2021,Positif,PLAN
174,Johny,"Membalas : https://www.cnbcindonesia.com/market/20210316115228-17-230456/lunasi-repo-trimegah-sekuritas-lepas-saham-cent-rp-398-m
Cent ini rumournya dibeli Digital colony",10:43:07 AM,Monday March 29 2021,Positif,CENT
175,Jafar Sim,"Bbri deviden rp. 98.9 eeuuyyy
Ini adalah foto",10:12:37 AM,Monday March 29 2021,Positif,BBRI
176,Johny,"Membalas : CENT RI kapan ya? Udah ada tanggal nya kah?
Belom ada tanggalnya, lagi dikerek tu, paling sebentar lagi keluar tanggal RI nya  ",9:56:45 AM,Monday March 29 2021,Positif,CENT
177,Liem Peter,WIIM ciamik tenan,9:55:29 AM,Monday March 29 2021,Positif,WIIM
178,Johny,"Caution! 
CENT is the buyer for ISAT 4k tower, heard buying at around USD740mn. This is a very good pricing as we are expecting at around USD570-600mn tower sales value.

+ Positive for ISAT as it strengthens the balance sheet and ample of capital for future spectrum acquisition/capex

+ CENT announced their plan for RI, targeting to issue 34bn shares",9:47:59 AM,Monday March 29 2021,Positif,"CENT,GOOD,ISAT,PLAN"
179,Mamba Mentallity,"Membalas : CENT nya jgn lupa  
BO kayaknya",9:35:41 AM,Monday March 29 2021,Positif,CENT
180,Go Jiu,"Berusaha mengakhiri fase downtrend, hr ini BRPT mencoba menembus level psikologis 1.000.

Recommendation: Spec BUY
Target Price I: 1.120
Target Price II: 1.225
Stop Loss: < 930

Disclaimer


Credit: @quantumresearch_idx
Ini adalah foto",9:34:47 AM,Monday March 29 2021,Positif,BRPT
181,Puspita Wardani,ASSA terbang lg yuk  ,9:32:34 AM,Monday March 29 2021,Positif,ASSA
182,Mic,Wood jpfa main haka,9:25:50 AM,Monday March 29 2021,Positif,"JPFA,MAIN,WOOD"
183,Puspita Wardani,"Membalas : Essa ada isu apa
Harga amonia naik trs makanya ESSA ngegas tiap hr",9:14:39 AM,Monday March 29 2021,Positif,ESSA
184,Jafar Sim,"Dmmx naik tapi tidak dengan volume besar, berarti pola htf nya gagal ya?     ",9:10:43 AM,Monday March 29 2021,Positif,"DMMX,POLA"
185,Eds,"Membalas : BBTN rebound ga si hrusnya gais?
Kemungkinan iya",8:21:57 AM,Monday March 29 2021,Positif,BBTN
186,M,"Membalas : https://ekonomi.bisnis.com/read/20210327/257/1373282/cukai-batal-naik-produsen-rokok-kretek-tangan-bernapas-lega#.YF63BZSm09Q.wh
Hmsp bagus ya pak billy karna cukai dibatalkan?",6:55:41 AM,Monday March 29 2021,Positif,HMSP
187,Faliq H,"Membalas : IHSG ijo kok transaksi miskin sekali ya.,,apakah bandar lgi rombongan ziarah religi ???
bandarnya dikrangkeng, ga bisa goreng POSA, MYRX, TRAM, JGLE",11:30:43 PM,Monday March 29 2021,Negatif,JGLE
188,Mbah Bedjo,"Membalas : ERAA road to 3000 semoga semesta mendukung  
Sayangnya semesta gak mendukung   ",9:39:54 PM,Monday March 29 2021,Negatif,ERAA
189,shendy,"Membalas : Bnba dikunci ARB yg kunci bandar?
dibalik aja... liat harga kaya gitu ritel berani masuk kah?",8:19:54 PM,Monday March 29 2021,Negatif,BNBA
190,cuaners,"Membalas : Photo
Bnba dikunci ARB yg kunci bandar?",8:18:53 PM,Monday March 29 2021,Negatif,BNBA
191,Fauzan Tarmizi,"Membalas : Market tidak ada yang tahu pak, tidak semua RI bakalan sukses dan bagus, harusnya tetap berjaga2 ... saya lihat dari awal Maret
Kacau, memang sedikit sekali maya ini total lot harian perdagangannya,

Liat arto RI kemaren, saat ex date, kencengnya bukan main",7:57:22 PM,Monday March 29 2021,Negatif,"ARTO,MAIN,MAYA"
192,Fauzan Tarmizi,"Ada yang bisa jelaskan kenapa bank mayapada arb berjilid2 pasca 3 hari cum date RI?

Padahal pas sentimen bank mini terbang, mayapada saya liat kalem2 aja ga ikutan terbang, tetap kisaran 7000'an, lalu tujuan RI juga untuk ekspansi bisnis, tapi kenapa ARB berjilid2 ga berkesudahan ya, sudah FL hampir 53% saya   ",7:48:46 PM,Monday March 29 2021,Negatif,BANK
193,Vincent,"Membalas : mungkin member sini ada yg nyangkut di BNBA om, makanya dibahas
Saya nyangkut pak, avg 2550 dr untung jd buntung (small portion) thanks buat bei    kalo gada acara suspend suspenan mungkin masih sempet exit sblm dibantai",7:13:12 PM,Monday March 29 2021,Negatif,"BNBA,SINI"
194,Panji Wirawan,Sy kena di BBSI itu...hr trkhir sblum drop udah pasang sell di jam 15.05...ga bisa pasang...besoknya smpai hr ini ada kira2 40an % loss...untung MM nya msh aman...kalau ga amsiong itu...,6:54:00 PM,Monday March 29 2021,Negatif,BBSI
195,ARAKAN IHSG 30MAR - 01 APRIL THE LAST SEROK,"Membalas : Pakde @hmasori ada 3 sektor yg bisa dijadiin pantauan utk next week. 1. Banking 2. Properti dan konstruksi BUMN yg rata2 besok d
Sangkut brp wskt sy jg sangkut santuy itu bandar sdh habis distribusi.. tgl menunggu wkt diangkat jgn dibahas trs pak biar diam2 dinaikin saham kalau trs dibahas diarb kan bandar nnt.. bandar bertebaran di grup mana2 hati2",2:58:16 PM,Monday March 29 2021,Negatif,WSKT
196,apieth,Sayang amat cent nya ga close d 300 ya pak,2:52:31 PM,Monday March 29 2021,Negatif,CENT
197,Muhammag kuncoro,Ngapain beli antam 3 bulan sekali cuma orofit  11% beli ikan sehari bisa dapat 25% makasih bandar ngehayal terus    ,2:52:21 PM,Monday March 29 2021,Negatif,IKAN
198,Yudha,Antm arb,2:41:18 PM,Monday March 29 2021,Negatif,ANTM
199,rahmad,ikan tuh yg bosen liat ihsg lesu ,2:13:04 PM,Monday March 29 2021,Negatif,IKAN
200,Yudha,"Antm kemarin terbangin indeks, skrg jd beban indeks  ",2:01:12 PM,Monday March 29 2021,Negatif,ANTM
201,Hendra,Hk closing aja biar aman  ,1:43:34 PM,Monday March 29 2021,Negatif,AMAN
202,Faliq H,"Membalas : Dalem banget wskt nya , untung sempet keluar dari kmrn kmrn
Saya baru keluar td di atas, skrng liat ambles dalam rasanya ingin jadi ironmen wkwkwk",1:38:04 PM,Monday March 29 2021,Negatif,WSKT
203,Alzie Al Fachri,"Dalem banget wskt nya , untung sempet keluar dari kmrn kmrn  ",1:37:14 PM,Monday March 29 2021,Negatif,WSKT
204,Jay Jay,wskt rugi 9T. lg dibenahi kok. tadi uda ada berita restrukturisasi. apa nanti ada berita jualan tol? restrukturisasi himbara?,1:36:58 PM,Monday March 29 2021,Negatif,WSKT
205,Tommy Hermes,"Membalas : .... Ya mmg saya salah sih. Beli di pucuk Ga cutloss Rugi 9t wskt And swf ga ngaruh tnyt..
Cutloss wskt 9t ?",1:34:24 PM,Monday March 29 2021,Negatif,WSKT
206,Denny Wang,"....  Ya mmg saya salah sih. Beli di pucuk

Ga cutloss

Rugi 9t wskt
And swf ga ngaruh tnyt..",1:31:54 PM,Monday March 29 2021,Negatif,WSKT
207,Denny Wang,"Pakde @hmasori ada 3 sektor yg bisa dijadiin pantauan utk next week.
1. Banking
2. Properti dan konstruksi BUMN yg rata2 besok dapag dukungan momentum pembalik
3. Coal mining yg masih bullish...


Pak @JuthaBram 


Konstruksi  wskt break 1300 pak jutha..

Turun trus ga ada abise..

Apa ak jual saja kah

Loss gila2an.. 30% an",1:17:10 PM,Monday March 29 2021,Negatif,"TRUS,WSKT"
208,Johny,"Membalas : Pantau KPAL
TP?",11:11:03 AM,Monday March 29 2021,Negatif,KPAL
209,Al Blenk,"Membalas : ANTM saham pertama yg saya latihan untuk trading.. itu saham cocoknya 200 poin TP sekali 200 poin TP sekali.. jgn krn mau TP byk
Wkwk bner om.,ANTM dan TINS satu family.,xlo abis rally 150-200 point loyo dah
Emg pas buat celap celup  ",10:13:26 AM,Monday March 29 2021,Negatif,"ANTM,SATU,TINS"
210,Fajar Oktavaria,"permintaan saya mudah, jangan mampir ke cent ataupun wiim ya udah gitu aja",10:13:23 AM,Monday March 29 2021,Negatif,"CENT,WIIM"
211,ARAKAN IHSG 30MAR - 01 APRIL THE LAST SEROK,"Membalas : Ga punya pasangan om, sendirian dari dulu 
sudah TP gjtl ckkckckck",9:48:31 AM,Monday March 29 2021,Negatif,GJTL
212,Kaanz ,"Membalas : Dmmx naik tapi tidak dengan volume besar, berarti pola htf nya gagal ya?     
Minggu ini harus breakout kalo tidak bisa berarti pola HTF gaga  ",9:11:36 AM,Monday March 29 2021,Negatif,"DMMX,POLA"
213,Eriant Yosua,Ada yg tau kenapa bbca downtrend ? Kira2 suport terdekat dmn ya?,7:33:05 AM,Monday March 29 2021,Negatif,BBCA
214,Rocky Thohir,"Membalas : Wah sabotase ?
Pure bencana",2:28:40 AM,Monday March 29 2021,Negatif,PURE
215,Bu Nana,"Membalas : Lha kan kemarin sudah janji sama bu Nana  
Trimakasi Meneer saya baru sampe rmh, besok pagi baru bisa baca lbh detail, 

slamat malam dan beristirahat",11:30:18 PM,Sunday March 28 2021,Negatif,BACA
216,Kelon Mas :baby_bottle::baby_bottle::baby_bottle:,"Membalas : Byk yg tetep didlm ada yg krluar masuk semuanya punya kelebihan dan kekurangan tergtg psikologi org cocoknya jgn ikut2 an tar ma
Biasanya saya tetap didalam mengandalkan TS untuk TP-nya

Tapi CENT ini sering bikin jarum suntik, jadi sangat cocok buat keluar masuk (Jual atas ambil lagi bawah)",8:14:52 PM,Tuesday March 30 2021,Positif,CENT
217,Benhan,"Membalas : BBYB : RUPS Pelaksanaan Right Issue di tgl 31 Mar, dimana jadwal pelaksanaan sebelumnya sempat ditunda...
Ah baru baca ini.. pantas BBYB hari ini volumenya besar",8:10:41 PM,Tuesday March 30 2021,Positif,"BACA,BBYB"
218,Aho Lie,"Membalas : Kawal bareng2 yuk  
Saya selalu bareng cent Sampai semesta bilg cukup  ",8:08:24 PM,Tuesday March 30 2021,Positif,CENT
219,Benhan,"Membalas : I see, jadi digital colony bisa dibilang pemilik CENT ya om? Thankyou infonya
Digital Colony mau akuisisi CENT. Sepertinya right issue nanti standby buyernya mereka",8:02:54 PM,Tuesday March 30 2021,Positif,CENT
220,Rey,"Membalas : Itu ada jawabannya di atas
I see, jadi digital colony bisa dibilang pemilik CENT ya om? Thankyou infonya",8:00:42 PM,Tuesday March 30 2021,Positif,CENT
221,Aho Lie,Hidup pak benhan juga hidupkan Cent  ,8:00:20 PM,Tuesday March 30 2021,Positif,CENT
222,mrs A,"Membalas : Haka CENT
Jam 2 keluar news ini  .",7:49:12 PM,Tuesday March 30 2021,Positif,CENT
223,Tommy Hermes,"Membalas : Photo
Haka CENT",7:46:06 PM,Tuesday March 30 2021,Positif,CENT
224,Benanta,"Membalas : Photo
Ini tgl tnggu ada yg narik aja, ke goceng juga enteng,, model2an kaya isat",7:13:39 PM,Tuesday March 30 2021,Positif,ISAT
225,Ahmad Rifai,Guys ad yg msh pegang eraa berarti bsok saham kita udh pecah nominal+jadi banyak ya,4:15:47 PM,Tuesday March 30 2021,Positif,ERAA
226,A,"Wskt, Ptpp nya lagi diskon ya boend ",3:56:06 PM,Tuesday March 30 2021,Positif,PTPP
227,Redy Yeee,"Membalas : kan patriotik kak, MERAH DARAHKUUUU!!!      
dapet ini pasti same di ma 20 kan mba rui    ",3:26:55 PM,Tuesday March 30 2021,Positif,SAME
228,Ratih Estiani,"Membalas :   
Qjd inget pas ihsg merah2 trus tiba2 ditarik ijo mas..wkwkwkwk",3:23:21 PM,Tuesday March 30 2021,Positif,TRUS
229,Carlo Micelli,Tetap bersyukur ACES ijo... ,2:46:51 PM,Tuesday March 30 2021,Positif,ACES
230,Dharma,"Ini pgas napa om, kok broker saham bandar pada pungutin?
Ini adalah foto",2:39:02 PM,Tuesday March 30 2021,Positif,PGAS
231,41056 (Rizki Putra Perdana),yok essa ribon yokk,2:33:09 PM,Tuesday March 30 2021,Positif,ESSA
232,Tejo Arum,Cent ngamuk,2:31:47 PM,Tuesday March 30 2021,Positif,CENT
233,Yudha,"Membalas : PTPP itu lq45 pak
Fundamental ptpp oke lah, bagi dividen juga. Tunggu beberapa bulan lg juga naik pak",2:24:56 PM,Tuesday March 30 2021,Positif,PTPP
234,Gue Keren,"BACA ambroll nih, ada yg mau hajar gk?",2:19:09 PM,Tuesday March 30 2021,Positif,BACA
235,Lee Khong Huan,"Same biasa kuat di ma20, akankah kini juga akan mantul di sana?",2:19:05 PM,Tuesday March 30 2021,Positif,SAME
236,Tejo Arum,Awassss siapp2 cent mau terbang    ,2:10:15 PM,Tuesday March 30 2021,Positif,CENT
237,Jafar Sim,"Membalas : Asik, buat serok ini. Hu Billy mau tunggu di 5700 ?
Emiten nya hu Billy aman ga terpengaruh badai   ",2:05:06 PM,Tuesday March 30 2021,Positif,AMAN
238,Rocky Thohir,DNAR & BGTG get ready?,1:57:20 PM,Tuesday March 30 2021,Positif,"BGTG,DNAR"
239,Carlo Micelli,Semoga ERAA ijo besok SS,1:48:31 PM,Tuesday March 30 2021,Positif,ERAA
240,Raditbima,Baca ara guys. Selanjutnya apa ya? Bbyb?,1:47:56 PM,Tuesday March 30 2021,Positif,BACA
241,Puspita Wardani,BBHI bangkit dr kubur,1:40:10 PM,Tuesday March 30 2021,Positif,BBHI
242,Tommy Hermes,"Membalas : Yuhu BBYB
BBYB masih bisa naik ga ya",1:39:29 PM,Tuesday March 30 2021,Positif,BBYB
243,Tommy Hermes,"Membalas : ya jangan pak..
Kadung nyemplung
Membalas : fomo baca boleh ga ya
Klo menurut suhu Hauw justru pas lagi di mark up gini yang bisa cuan banyak dan cepat, jangan tunggu pas koreksi karena itu sudah moment distribusi.",1:26:46 PM,Tuesday March 30 2021,Positif,"BACA,MARK"
244,Tomatto Tomatto,"Membalas : BBYB : RUPS Pelaksanaan Right Issue di tgl 31 Mar, dimana jadwal pelaksanaan sebelumnya sempat ditunda...
Area buy",1:18:14 PM,Tuesday March 30 2021,Positif,BBYB
245,Puspita Wardani,"Membalas : BbYB belakang nya Alibaba loh  
BBYB : RUPS Pelaksanaan Right Issue di tgl 31 Mar, dimana jadwal pelaksanaan sebelumnya sempat ditunda...",1:13:06 PM,Tuesday March 30 2021,Positif,BBYB
246,RBTAN59,sentimen bandar sdg mau beramain di baca,12:42:13 PM,Tuesday March 30 2021,Positif,BACA
247,"Apt, Yulianto Wijaya S Farm, RTA (FRED)","Membalas : ANTM kira kira bisa ke 3.500 ngga pak?
1300-1500 dg syarat break dan bertahan dibawah 2150",12:41:02 PM,Tuesday March 30 2021,Positif,ANTM
248,Dita Rissa,BACA dan ARTO the real bank digital... Yg lain cm ikut 2.. belakang mereka raksasa2 unicorn,12:36:02 PM,Tuesday March 30 2021,Positif,"ARTO,BACA,BANK,REAL"
249,Dita Rissa,BACA ok punya,12:33:59 PM,Tuesday March 30 2021,Positif,BACA
250,GoesWan,"Baca bagus buat masuk, tp jngn bnyk2. Bagus lg tunggu candle biru buat memastikan. Prosentase saham, 50% bnyk diatas harga skrg.",12:30:19 PM,Tuesday March 30 2021,Positif,BACA
251,rigeladitya,"LPPF weekly, harga di atas MA5 9 weeks, di atas MA10 8 weeks, di atas EMA30 4 weeks, dan sedang berusaha jebol MA60. Masuk setup-nya Ko Billy ga nih?
Ini adalah foto",11:33:12 AM,Tuesday March 30 2021,Positif,LPPF
252,Rocky Thohir,Next BNBA watch ya!,11:32:55 AM,Tuesday March 30 2021,Positif,BNBA
253,Raditbima,Arakan BACA,11:29:14 AM,Tuesday March 30 2021,Positif,BACA
254,rigeladitya,Nikel nikelan semuanya stay di base masing-masing. Strong.  LPPF yang paling cantik.,11:28:43 AM,Tuesday March 30 2021,Positif,LPPF
255,Puspita Wardani,BACA gass trs,11:25:11 AM,Tuesday March 30 2021,Positif,BACA
256,Chai Lie,"PTPP teknikalnya lg di area deman, pengen serok tapi ragu",11:15:22 AM,Tuesday March 30 2021,Positif,PTPP
257,Fajar Suryo,Akhirnya WIIM nyolek 955,11:10:43 AM,Tuesday March 30 2021,Positif,WIIM
258,Puspita Wardani,"Membalas : Lgi diguyur RF
Klu buat FT aman lah kak, harganya sllu dijaga  ",10:45:15 AM,Tuesday March 30 2021,Positif,AMAN
259,Hendra,"Membalas : CENT naik lg yuk   udah full lg muatan  
Kyk ada yg jaga dibanting trus dinaikin wkwk",10:43:43 AM,Tuesday March 30 2021,Positif,"CENT,TRUS"
260,Puspita Wardani,CENT naik lg yuk   udah full lg muatan  ,10:42:43 AM,Tuesday March 30 2021,Positif,CENT
261,Faliq H,serok bawah CENT kenyang,10:42:18 AM,Tuesday March 30 2021,Positif,CENT
262,RBTAN59,tpia sdh start mau rups mgkn menuju RI jg ,10:28:07 AM,Tuesday March 30 2021,Positif,TPIA
263,Dimas Ari Nugroho,"Membalas : Tp kl gara2 ini wskt jadi 500 lg boleh lah  
Gw di Adhi karya aja gan   lebih lincah gerakannya kalo lagi bullish",10:24:34 AM,Tuesday March 30 2021,Positif,"ADHI,WSKT"
264,Jay Jay,Tp kl gara2 ini wskt jadi 500 lg boleh lah  ,10:22:32 AM,Tuesday March 30 2021,Positif,WSKT
265,Novine 90210,"eraa...hari ini cumdate ss tapi masih gitu2 aja...
masih rame sido kayanya",9:45:28 AM,Tuesday March 30 2021,Positif,SIDO
266,Louis Adam,AGRO DOID rebound,9:20:52 AM,Tuesday March 30 2021,Positif,"AGRO,DOID"
267,Puspita Wardani,ASSA n CENT bkn pagi pagi happy  ,9:16:01 AM,Tuesday March 30 2021,Positif,"ASSA,CENT"
268,Liem Peter,"wah ini YP masang pager CENT di 292, abg dia 293",9:15:45 AM,Tuesday March 30 2021,Positif,CENT
269,Liem Peter,cent kenceng juga ya,9:10:52 AM,Tuesday March 30 2021,Positif,CENT
270,Jafar Sim,"Membalas : candaaaa apusss... 
Yang agro yang agro (harusnya) hari ini rebound ijo,,, yang agro yang agro",9:00:00 AM,Tuesday March 30 2021,Positif,AGRO
271,Handy HD,ENRG mau CUM RI ya?,8:57:54 AM,Tuesday March 30 2021,Positif,ENRG
272,rigeladitya,"INCO area demand, ada yang lagi ngumpul in banyak banget.
Ini adalah foto",10:48:22 PM,Monday March 29 2021,Positif,INCO
273,rahmad,jadi asing keluar sebulan ini untuk jaga2 masalah bpjs ini ya? dilihat dari ngerinya asing keluar dari BBRI yang mana BPJS sudah untung,10:12:14 PM,Tuesday March 30 2021,Negatif,BBRI
274,Jimmy,"Membalas : Ini peraturan nya.. Lengkap perihal batasan kepemilikan emiten dll bpjs.. Kalau mau baca silahkan.. Intinya ga semudah itu jual
Thanks sharingnya Om. Yang ngeri ini efek ""fear""nya aja sih. Kadang aslinya gak ada apa2, efek gosipnya mbikin runtuh duluan. Macam Archegos ini...  ",10:01:45 PM,Tuesday March 30 2021,Negatif,BACA
275,Aho Lie,"Membalas : Hati  guys jagan sampai terjadi lagi.
Inget bunuh diri masuk neraka   
Membalas : Biasanya saya tetap didalam mengandalkan TS untuk TP-nya Tapi CENT ini sering bikin jarum suntik, jadi sangat cocok buat keluar
Tp prsktek susah pak hrs brner 2 udh klik baru bisa kadang pas jual hrg mlh lebh tinggi tunggu gak turun masuk malah turun  ",8:15:10 PM,Tuesday March 30 2021,Negatif,CENT
276,Daniel Bong,Saya Cl WSKT kena loss 8%,7:59:15 PM,Tuesday March 30 2021,Negatif,WSKT
277,Tony Iskandar,"Ini adalah foto
Sentimen negatif utk ANTM",6:46:39 PM,Tuesday March 30 2021,Negatif,ANTM
278,Muhammag kuncoro,"Membalas : Fix besok WSKT ARB lagi
Kontruksi iya kyk nya karna ada kendala kerjaan yang masih bayak tender
Kontruksi itu biasa nya  moncernya Akhir tahun karna pendapatan mereka bulan2 itu baru terkumpul dan kejar target biasa nya",6:31:11 PM,Tuesday March 30 2021,Negatif,WSKT
279,Severinus Utomo,"Membalas : Besok fik ihsg ijo di atas 2%
Fix besok WSKT ARB lagi",6:30:04 PM,Tuesday March 30 2021,Negatif,WSKT
280,Iqbal,BNBA apa kabar ya? Masih arb kah?,3:25:25 PM,Tuesday March 30 2021,Negatif,BNBA
281,Elon Mas,"Membalas : Bursa efek BUMN WSKT WIKA PTPP ADHI      
dibohongin SWF ",3:25:03 PM,Tuesday March 30 2021,Negatif,"ADHI,PTPP,WIKA,WSKT"
282,Tejo Arum,"Membalas : kak, gimna nih prospeknya antm ke depan?
ANTAM berANTEM     ",3:13:11 PM,Tuesday March 30 2021,Negatif,ANTM
283,Faliq H,"Membalas : Fundamental ptpp oke lah, bagi dividen juga. Tunggu beberapa bulan lg juga naik pak
rugi mau bagi dividen apa? wkwk",2:25:10 PM,Tuesday March 30 2021,Negatif,PTPP
284,Kirana L,"Membalas : Baca kalau closing merah sih sptinya parah tuh bandar kasar mainnya
Agak sulit tp mungkin saja pak...
Andaikata dimerahin ARTO sasaran berikutnya  ",2:25:05 PM,Tuesday March 30 2021,Negatif,"ARTO,BACA"
285,Jafar Sim,Baca kalau closing merah sih sptinya parah tuh bandar kasar mainnya,2:24:13 PM,Tuesday March 30 2021,Negatif,BACA
286,Mas Bro,"Lihat BBCA tuh, kesian amat mati2an nahan indeks sendirian woyyy     tolongin napa    ",2:22:03 PM,Tuesday March 30 2021,Negatif,BBCA
287,Lee Khong Huan,"Wahaha..ngamati agrs ngeri, hati  yg ginian..angka bidnya palsu, tadi ribuan begitu dianjlokin hilang semua",2:13:52 PM,Tuesday March 30 2021,Negatif,AGRS
288,Daniel Bong,Wskt kembali ke asal mari kita berdoa spy g tiap hr ARB,2:10:04 PM,Tuesday March 30 2021,Negatif,"MARI,WSKT"
289,Tommy Hermes,CTRA arb di support,2:09:45 PM,Tuesday March 30 2021,Negatif,CTRA
290,Benhan,SAME runtuh ya supportnya,2:08:57 PM,Tuesday March 30 2021,Negatif,SAME
291,Johny,"Membalas : https://www.cnbcindonesia.com/market/20210330133606-17-233985/duh-bp-jamsostek-bakal-kurangi-investasi-saham-reksa-dana besok me
pgas makin ambles",2:07:59 PM,Tuesday March 30 2021,Negatif,PGAS
292,Kirana L,"Mungkin ibu bapak tidak mengenal saya tapi uang yang nyangkut di saham2 minibank lebih baik digunakan utk kepentingan lain ya sedekah misalnya atau zakat..

Risk sangat besar dibandingkan dengan expected return.. deviasi dari saham2 minibank yg berkisar antara 27-36% sangat jelas memperlihatkan bahwa itu semua permainan sekelompok orang / institusi pemegang dana besar...

Salam profit kita semua  ",2:07:58 PM,Tuesday March 30 2021,Negatif,UANG
293,            ,Same terjun bebas,2:07:32 PM,Tuesday March 30 2021,Negatif,SAME
294,Sumitro Saadah,"Membalas : ini BBRI div 2% kurang yah kok dibanting?
BBRI mau tutup gep di 3700",1:58:37 PM,Tuesday March 30 2021,Negatif,BBRI
295,Andre Salim,ini BBRI div 2% kurang yah kok dibanting?,1:58:05 PM,Tuesday March 30 2021,Negatif,BBRI
296,Benhan,RI nya simpang siur soalnyaz HMETD BBYB juga ga nongol hari ini,1:53:03 PM,Tuesday March 30 2021,Negatif,BBYB
297,Murr,"Offer tebel d BBRI dah ilang, akankah reversal?",1:44:25 PM,Tuesday March 30 2021,Negatif,BBRI
298,Eru Yagami,"Membalas : Butuh keberanian ini
Baca lapkeu Q4 tinggal nunggu bangkrut aja",1:44:20 PM,Tuesday March 30 2021,Negatif,BACA
299,Muhammag kuncoro,"Membalas : kalau ga nyampe mau terus menunggu bang?
Gak mesti lah mas kita cuma ngarep Doang kalo di kasih bagus.
Ada info menarik Gaes coba Pantao saham Bsim kayak nya minggu ini saagat menarik kali Minimal 1 ARA dech tapi ini bukan ajak beli atao jual...",12:59:04 PM,Tuesday March 30 2021,Negatif,BSIM
300,Dita Rissa,"Membalas : Dan kemungkinan ARB nya lebih dr ARTO juga.....
Lah ya smw itu ARB wajar, masalahnya masuknya ya jgn dipucuk... Masuk nya sekarang pas msh murah klo masuk ntar pas 10 rb ya telat wkwkwk",12:38:59 PM,Tuesday March 30 2021,Negatif,ARTO
301,Kaanz',"Membalas : ANTM kira kira bisa ke 3.500 ngga pak?
Ke 2700 aja belum mampu pak  , masih tektokan",12:37:49 PM,Tuesday March 30 2021,Negatif,ANTM
302,Jim,"Membalas : Aset lbh dr ARTO, Profitnya msh ok, reputasi ok, kesiapan infra lbh ok dan ini OVO + Grab yg size-nya lbh besar menurut data unt
Dan kemungkinan ARB nya lebih dr ARTO juga.....",12:36:37 PM,Tuesday March 30 2021,Negatif,ARTO
303,GoesWan,"Kondisi IHSG skrg, kurang bagus nahan barang lama. Main On Day Trading aja.",12:34:25 PM,Tuesday March 30 2021,Negatif,MAIN
304,Fadli,"Membalas : BACA masih bisa masuk ga yah
kalo turun siap ga pak",12:31:23 PM,Tuesday March 30 2021,Negatif,BACA
305,widhi,"ramaikan BSIM dong yok, sedih bgt sepi ",12:21:26 PM,Tuesday March 30 2021,Negatif,BSIM
306,Calvin irawan,"Membalas : ERAA yang mau stocksplit juga tak bergeming.
Market nya gk kondusif pak  ",11:38:08 AM,Tuesday March 30 2021,Negatif,ERAA
307,rigeladitya,ERAA yang mau stocksplit juga tak bergeming.,11:37:18 AM,Tuesday March 30 2021,Negatif,ERAA
308,Yudha,"PTPP perusahaan bagus dibanding wskt, tapi ikutan arb  ",10:49:23 AM,Tuesday March 30 2021,Negatif,PTPP
309,Humam,Cent ayo turun lagi,10:36:31 AM,Tuesday March 30 2021,Negatif,CENT
310,Faliq H,ayo CENT turunin lagiii,10:34:38 AM,Tuesday March 30 2021,Negatif,CENT
311,Puspita Wardani,"Membalas : Swf gagal? Sekelas opung luhut masa ngeprank   *saya gapunya barang
Kan kpn hr abis di prank soal TESLA   bkn gk mgkn SWF jg prank  ",10:16:50 AM,Tuesday March 30 2021,Negatif,MASA
312,Rocky Thohir,Gila bbri ambrol,10:15:20 AM,Tuesday March 30 2021,Negatif,BBRI
313,Yudha,Swf gagal? Sekelas opung luhut masa ngeprank   *saya gapunya barang,10:14:51 AM,Tuesday March 30 2021,Negatif,MASA
314,Vincent HH,"Wskt besok arb lg
Ni pasti udah mentok dia arb",10:10:24 AM,Tuesday March 30 2021,Negatif,WSKT
315,Lee Khong Huan,WSKT dikasih ke ma200 nggak ya? Masih kurang turun 14%an lagi...alias 2x ARB   ,9:47:59 AM,Tuesday March 30 2021,Negatif,WSKT
316,Dharma Djiauw  ,"Membalas : Iyaa...ud 2 mg hidup segan mati tak mau   nyangkut di 205
Kalo masih dalam plan ya blm nyangkut itu, definisi nyangkut kalo udh lewat batas SL tp ga di SL turun trs",9:37:40 AM,Tuesday March 30 2021,Negatif,PLAN
317,Luky,"Membalas : Wskt : was was mikirin harta
abs CL barusan, masuk gara2 kena php kmarin di 1300an... wkwkwkwk",9:37:19 AM,Tuesday March 30 2021,Negatif,WSKT
318,Aliong,Wskt : was was mikirin harta,9:36:39 AM,Tuesday March 30 2021,Negatif,WSKT
319,RBTAN59,"Membalas : CNBC Indonesia https://www.cnbcindonesia.com/market/20210329220801-17-233813/duh-3-tahun-saham-matahari-ramayana-cs-gak-pernah-c
nah berita sentimen negative ini bisa kebalikan dr wskt kita saksikan sebentar lg  ",8:54:50 AM,Tuesday March 30 2021,Negatif,WSKT
320,Daniel Bong,"Membalas : Photo
Ini cuma analisa pribadi tapi waktulah yang membuktikan
Bebas saja semua orang bisa berasumsi tapi kalau ruginya begitu ini sangat berbahaya
Hanya org yg kelebihan uang yg mau serok",8:05:54 AM,Tuesday March 30 2021,Negatif,UANG
321,Daniel Bong,"WSKT kmr byk yg rekomen buy termasuk para analis hs ,elen may dll.  Pertanyaannya koq bisa ga tau begitu parahnya keuangan WSKT saya yakin byk bgt korban berjatuhan",7:56:23 AM,Tuesday March 30 2021,Negatif,WSKT
322,Jay Jay,"Membalas : Sy sbnrnya mau trading di WSKT ini. Kdg bingung jg mau CL tau2 malah dibawa naek. Belakangan ini pola EM trade juga begitu. Yg s
Kuat tahan lama ga? Jeleknya pemerintah ga ada duit. Mo bantu paling dikit. Berharap jualan tol ke luar atau ina. Proyek ga akan banyak dulu, pendanaan susah, kecuali dpt surat jaminan dari pemerintah. 

Perbaikan akan ada, tapi lambat",7:48:32 AM,Tuesday March 30 2021,Negatif,"POLA,WSKT"
323,Hauw,"Membalas : Pagi hu. Wskt sy nyangkut 15%. Baiknya CL saja apa gimana ya? Klo semalam ntn live EM suruh invest aja katanya. Jd bingung...
Jangan invest di WSKT
1200 itu dia ada gap, hari ini mungkin ada pantulan",7:42:04 AM,Tuesday March 30 2021,Negatif,WSKT
324,CHR27,"Membalas : Bapak niatnya bgmn, trading atau investasi? Kalau trading harusnya dr awal sudah pasang stoploss, ga akan lg ada kata nyangkut s
Sy sbnrnya mau trading di WSKT ini. Kdg bingung jg mau CL tau2 malah dibawa naek. Belakangan ini pola EM trade juga begitu. Yg swing kena level stoploss, lalu klo gak mau stoploss ya jadi investing aja. Cm yg jd mslh dgn ada berita begini jd bingung apakah layak wskt ini di invest?",7:41:43 AM,Tuesday March 30 2021,Negatif,"POLA,WSKT"
325,Yudha,"Membalas : Pagi hu. Wskt sy nyangkut 15%. Baiknya CL saja apa gimana ya? Klo semalam ntn live EM suruh invest aja katanya. Jd bingung...
Bapak niatnya bgmn, trading atau investasi? Kalau trading harusnya dr awal sudah pasang stoploss, ga akan lg ada kata nyangkut selama stoploss belum terpenuhi, sekalipun sudah terkena SL yasudah, risk trading sebelumnya harus sudah ditentukan seberapa dalam yang bisa diterima jika posisi yang diambil salah..",7:37:31 AM,Tuesday March 30 2021,Negatif,WSKT
326,Ary,"Membalas : Photo
Biasanya kalo pas kemaren saya perhatikan arb dari bank bvic dan bgtg sama inpc pada nyesel jual arb tapi ya emang pait banget bisa sampe lossnya di 40%,karena ketika lot order di akum bandar itu bisa naik lagi dari arb sampe 10%, banyak yang average pas bandar akum jadi lossnya bisa ketutup.
Membalas : Biasanya kalo pas kemaren saya perhatikan arb dari bank bvic dan bgtg sama inpc pada nyesel jual arb tapi ya emang pait banget b
3 bank tersebut diakum sehari sama MG
",10:58:03 PM,Monday March 29 2021,Negatif,"BANK,BGTG,BVIC,INPC"
