User,Pesan,Saham,Jam,Tanggal,Status
Maimunah,"Membalas : Ia om  
Sentimen ijo kuat soalnya dimana mana Dilini masa ijo, tapi hasil akhir yg menang yg guyur ttp follow theoney",MASA,7:22:44 PM,Sunday March 28 2021,Positif
IHSG MORNING STAR OTW 6500,Haka antm 1jjta lot,ANTM,2:54:23 PM,Sunday March 28 2021,Positif
Bu Nana,"Membalas : Kalo sudah kenal betul sahamnya sih ada kemungkinan. Cuman memang risky yah. Kecuali capital all-in nya tidak terlalu besar, kat
Ya pak Jimmy kenal pola dr awal ditarik dan biasanya memang sudah uptren dan posisinya 
1. Mantul dr ma 5 or ma 20 
2. Mantul dr support candle",POLA,11:33:09 PM,Saturday March 27 2021,Positif
ryanless,"AGRO mantul di 1035
Ini adalah foto",AGRO,10:53:58 PM,Saturday March 27 2021,Positif
Avianto,"Yup berarti benar day trading = zero sum game. 

yg cuan dapat uang dari yg boncos. 

Beda bila cuan di karenakan harga saham naik di sebabkan krn keberhasil perusahaan mencetak laba. Ini bukan zero sum game.
Saat org pegang saham bbrp waktu lalu harga naik saat LK keluar profit besar... maka banyak org tertarik saham tsb shg saham naik harganya",UANG,8:04:58 PM,Saturday March 27 2021,Positif
Kaanz ,"CENT memang menarik dari chartnya, apalgi kan mau RI juga bisa cuan njedog tuh ",CENT,7:28:14 PM,Saturday March 27 2021,Positif
Aho Lie,"Membalas : Iya jg, kadang sdh CL, harga malah naik lagi, kejadiannya di TINS dulu
Saya sekrg di cent  padahal udah komit mau sampai target e...iseng pdhl beli dpt di 226 itu harga plg tinggi lgs haka naik terus sampai 300 e..turun jual dulu 272.  Naik lagi fomo beli 280 trus turun gsk tahan maksd mau cl trus masuk lg malah lebh tinggi tp srkrg udh plus dikit ","CENT,TINS,TRUS",7:26:43 PM,Saturday March 27 2021,Positif
Chai Lie,"Membalas : Tp ingat says pernah udah cl masuk kslah cepet malah dpt avg lebh tinggi jadi gak ada yg 100%bener
Iya jg, kadang sdh CL, harga malah naik lagi, kejadiannya di TINS dulu  ",TINS,7:23:43 PM,Saturday March 27 2021,Positif
Charles Prop,"Membalas : Krn waktu itu says persis pegsng bbtn begitu berits krluar naik 600%nsik tinggi says cuan lumyn saya udah bilg ama saudara sampa
Betul pasti pullback krn bbtn baru break ath 2020 jan kemarin. Tapi masih akan naik lagi mengikuti kinerjanya. Ini berlaku buat saham2 lain jg yg punya kinerja positif",BBTN,6:38:18 PM,Saturday March 27 2021,Positif
Kaanz ,CENT nya potensi SSP dong ,CENT,6:35:16 PM,Saturday March 27 2021,Positif
Aho Lie,"Membalas : Deviden bagi pun jg ga akan besar. Dan ga ada artinya. Toh bbtn selama ini nyari duit dari kupon obligasi, yg harus dibayar bung
Krn waktu itu says persis pegsng bbtn begitu berits krluar naik 600%nsik tinggi says cuan lumyn saya udah bilg ama saudara sampai target 2000 kits tinggsl bener 2100 lebh lgs amblas bgt gak bagi deviden krn kbr bagus dan gak ngaruh banget ke saham sori ini pribadi bisa beda2 analisa gak kelar2     ",BBTN,6:30:16 PM,Saturday March 27 2021,Positif
Aho Lie,"Membalas : Contoh yang barusan kejadian adalah BBTN. Dirut ditarik org luar. Investor ngerasa kebijakan bbtn ini uda bagus, tapi berhub org
Klo nurut saya begitu bilg untung nsik 600%lrbh tp deviden gak bagi  ",BBTN,6:24:39 PM,Saturday March 27 2021,Positif
Billy,"Membalas : Jadi saat break volume tinggi baru masuk buat optimal entry ya? Kalau mau spekulasi cicil2 waktu sudah mulai mendekati MA50W nya
Iya ini waktu posisi nya market baru mau turn bull kang.. Skrg kan beda lg.. Skrg cari pivot entry ketika Saham2 yg lg otw uptrend.. Bisa flat base.. Bisa cnh atau rounding",BULL,2:24:46 PM,Saturday March 27 2021,Positif
qodri,"Membalas : Photo
wkwkwkwkwkkwk hasil cuan MPPA d balikin lg k perusahaannya ya pakde",MPPA,2:04:15 PM,Saturday March 27 2021,Positif
DEN,ANTM minggu depan ARA wajib pantau beritanya baru di buat media    ,ANTM,1:44:41 PM,Saturday March 27 2021,Positif
Fajar Oktavaria,"Membalas : Mantap, set stoploss di berapa skrg DOID
engga cutloss jadinya pak, malahan jadi profit  ",DOID,12:44:58 PM,Saturday March 27 2021,Positif
Rui :rocket: :speedboat::dancer: ,"Membalas : ini pada case saat terlanjur dalam https://www.tradingview.com/x/bvz254Wp/
Mantap ini!!     

Kalau saya sendiri waktu CENT turun k bawah 250 saya CL krn beli avg up jdnya dpt di 262
Kamis setelah bottom lalu membentuk hammer hijau dg volume bagus baru saya masuk lg, di 250 juga",CENT,12:02:02 PM,Saturday March 27 2021,Positif
Bu Nana,Smra masi uptren,SMRA,11:38:22 AM,Saturday March 27 2021,Positif
Bu Nana,"Pagi TT , apa ini saat yg tepat buat avrg down smra ? Di 1000 sd 950?
Ini adalah foto",SMRA,11:27:30 AM,Saturday March 27 2021,Positif
Benhan,"Tentunya average down saat belum capai toleransi cutloss ya masih OK. Misalnya SAME pas koreksi sebelum RI dan kemarin2 CENT pas koreksi dikit saya avg down masih OK, karena cuma turun sedikit belum reversal trend","CENT,SAME",11:07:35 AM,Saturday March 27 2021,Positif
Alfian,ISAT :rocket:,ISAT,10:08:01 AM,Saturday March 27 2021,Positif
Angga Bhara,Yukss mumpung hari libur qt wisata ke taman AGRO agar fress hari senin,"AGAR,AGRO",9:48:34 AM,Saturday March 27 2021,Positif
Tommy Daniel,"Membalas : Membaca pengalaman suhu2 di sini dan berkaca dari pengalaman pribadi, rule nomor 1 trading itu memang PASANG STOP LOSS! Bahkan G
Setuju kakak... pasang stop loss ditiap posisi. Upgrade to trailing stop buat take profit.

Karena take profit itu juga sama penting nya dengan stop loss. Supaya bisa lihat account kita grow atau tidak.",SINI,9:13:13 AM,Saturday March 27 2021,Positif
Andrian,akra pak bisa dilirik,AKRA,7:46:12 AM,Saturday March 27 2021,Positif
Rui :rocket: :speedboat::dancer: ,"Membalas : CENT nya dipantau bu Saya liat bagus tunggu konfirm Koreksi kalau salah
CENT kebetulan kemarin sudah masuk kak begitu dia ngebentuk mjolnir hijau dengan volume bagus, thank you remindernya   

Eko Bawono Aminnn pak, kalau itu sampai terwujud        cup nya cantik banget soalnya  ",CENT,10:29:11 PM,Friday March 26 2021,Positif
Yugo Ginanjar,"Membalas : Photo
CENT nya dipantau bu 

Saya liat bagus tunggu konfirm
Koreksi kalau salah",CENT,10:26:16 PM,Friday March 26 2021,Positif
Rui :rocket: :speedboat::dancer: ,"Ijin berbagi analisa juga, hari ini SAME menunjukkan buyer kembali memasuki arena namun tertahan dibawah fibo 0.5 atau area sell signal dari Pak Guru Eko
Apakah besok akan berlanjut kenaikannya, atau akan kembali turun untuk mendekati MA20nya, karena selama ini MA20 selalu dicolek dulu sebelum ngegas  

Saya akan menunggu di area MA20 tersebut
Ini adalah foto",SAME,10:23:59 PM,Friday March 26 2021,Positif
Muhammag kuncoro,"Membalas : Kagak tau padahal dah mute kan?
Asix juga dengar masak2 di grub saham mungkin ini kodenya saham icbp ya minggu depan.",ICBP,8:45:01 PM,Friday March 26 2021,Positif
Dave @propertyimpianmurahsurabaya,Lg goreng Ikan mungkin  ,IKAN,8:36:38 PM,Friday March 26 2021,Positif
Jutha Bram,"Membalas : Yang haka antm tins inco mcas mukanya beseri2 pasti   
Saya Haka ESSA saja kemarin  
","ANTM,ESSA,INCO,MCAS,TINS",5:34:23 PM,Friday March 26 2021,Positif
Mic,"Membalas : ANTM TINS INCO MCAS HAKA
Yang haka antm tins inco mcas mukanya beseri2 pasti   
","ANTM,INCO,MCAS,TINS",5:26:14 PM,Friday March 26 2021,Positif
Paw Paw,cakep ya antm,ANTM,4:46:50 PM,Friday March 26 2021,Positif
Jafar Sim,"Membalas : Jadi pola htf nya pak ?
Harusnya jadi ya, konfirmasinya senin kalau harga naik tinggi dengan  volume tinggi juga,",POLA,3:08:16 PM,Friday March 26 2021,Positif
Hx,Kija mulai gerak,KIJA,2:16:24 PM,Friday March 26 2021,Positif
Humam,"Membalas : Pastikan lamar jabatan level Management ya Pak...karena itu MSOP bukan ESOP
AGRO MESOP pak, employee dapet juga.. ",AGRO,2:08:28 PM,Friday March 26 2021,Positif
rigeladitya,"Membalas : saya ga nyadar pak sudah dari maret sudah pasang gtc baru nyadar siang tadi heran kok tiba tiba cash nambah tapi kalo tembu
yes, ihns besar banget... masing2 shoulder 3 bulan bikin base-nya.",CASH,1:58:08 PM,Friday March 26 2021,Positif
Fajar Oktavaria,"Membalas : wahaha.. lama bat. say abaru seminggu juga udah mulai gerah nih.
saya ga nyadar pak sudah dari maret sudah pasang gtc baru nyadar siang tadi heran kok tiba tiba cash nambah   
tapi kalo tembus >630 memungkinkan buat ihns itu",CASH,1:57:23 PM,Friday March 26 2021,Positif
Erich,"Membalas : Jgn salah yg tumpah piringnya byk  
sold barusan kena tins",TINS,1:42:15 PM,Friday March 26 2021,Positif
den,masa2 kejayaan antm is back  ,ANTM,1:41:10 PM,Friday March 26 2021,Positif
Erich,kenyang dah dari tins antm inco hari ini :airplane::airplane::airplane::airplane:,"ANTM,INCO,TINS",1:41:01 PM,Friday March 26 2021,Positif
Aho Lie,"Membalas : ampun antm remnya blong  
Semoga ara kasian yg nyangkut byk inget klo udh untung buru2 Tp",ANTM,1:40:57 PM,Friday March 26 2021,Positif
as s,ampun antm remnya blong  ,ANTM,1:40:06 PM,Friday March 26 2021,Positif
Rakhmad Nirmawan Nofendi,"Membalas : Sadis ya om, yg related sama pat.wal. :police_car:
iya private equity yah gt kerjaan nya beli perusahaan yg babak belur di benerin ud cantik baru jual   . investasinya yg nyangkut kyknya di DOID waktu akuisisi BUMA di harga 1145 gak salah",DOID,1:38:40 PM,Friday March 26 2021,Positif
Septianto Francisco,DGNS serok arb ngab :rocket::rocket:,DGNS,1:30:48 PM,Friday March 26 2021,Positif
Rakhmad Nirmawan Nofendi,"Membalas : Keinget saham MASA om, siapa tau ada cerita yg sama kd go private gitu , dpt durian runtuh kalo sahamnya bener
northstar untung byk abis placement masa ke michelin sejak itu saham""nya northstar pada aktif",MASA,1:30:01 PM,Friday March 26 2021,Positif
Aliong,"Membalas : Harus liat produk ny jg si pak kenapa bs mau go private. Sngt minim sekarang prusahaan mau go private apalagi lg pandemi gini BU
Yak betul, cerita kaya saham MASA pasti dijaga ketat juga ga bole bocor alus",MASA,1:28:33 PM,Friday March 26 2021,Positif
Aho Lie,Saya sih yakin cent bakal ke 300 lebh ..ya...masalh lebhnya nih kira2 dilebihin 100 200 atau 2000       ,CENT,1:16:03 PM,Friday March 26 2021,Positif
Erich,"Membalas : Enak kan beli AGRO Rp285 perak harga pasar 11xx   auto chuan gede benar
sm kayak bjtm ini mesop2 ya","AGRO,AUTO,BJTM",1:10:12 PM,Friday March 26 2021,Positif
RBTAN59,"Membalas : Ini sih bukan saya pastinya    Tapi lumayan kan ANTM digoreng dari 700-an ke 2300-2400. 3x lipat dalam waktu setengah tahun
cent mgkn bisa jg 3x lipet yah Om   ","ANTM,CENT",1:08:32 PM,Friday March 26 2021,Positif
Soebianto,Enak kan beli AGRO Rp285 perak harga pasar 11xx   auto chuan gede benar,"AGRO,AUTO",1:06:43 PM,Friday March 26 2021,Positif
Soebianto,"Membalas : Asing yang beli RI Arto sih pinter, beli nya di harga disc 70%an dari harga pasar, smart....
Ini spt karyawan AGRO dikasih beli harga disc 70%an dari harga pasar ya pasti mau kan chuan lsg, apalagi di dokumen nya gak ada kata2 lock up","AGRO,ARTO",1:05:41 PM,Friday March 26 2021,Positif
Soebianto,"Asing yang beli RI Arto sih pinter, beli nya di harga disc 70%an dari harga pasar, smart....",ARTO,1:04:25 PM,Friday March 26 2021,Positif
Benhan,"Membalas : kmaren"" jg beli antm pada bilangnya sama karna masa depan 
Ini sih bukan saya pastinya   
Tapi lumayan kan ANTM digoreng dari 700-an ke 2300-2400. 3x lipat dalam waktu setengah tahun","ANTM,MASA",1:01:40 PM,Friday March 26 2021,Positif
Andi FX,"Membalas : uda takut. MG aja uda jarang nongol di antm 
Hari ini nongol..makanya naik  ",ANTM,12:38:14 PM,Friday March 26 2021,Positif
Charles Prop,"Membalas : kmaren"" jg beli antm pada bilangnya sama karna masa depan 
antm sudah masuk msci harga sudah dijaga. ga akan sevolatile dulu lagi","ANTM,MASA",12:31:35 PM,Friday March 26 2021,Positif
Andi FX,"Membalas : Beli ARTO karena masa depan lah. Itu PBV ARTO belum update karena equity nya skrg sekitar 8T setelah right issue. PBV skrg sekit
Saya beli arto karna digoreng...berharap digoreng terus dan terus...dan terus.. ","ARTO,MASA",12:31:14 PM,Friday March 26 2021,Positif
krm nugraha,"Membalas : Beli ARTO karena masa depan lah. Itu PBV ARTO belum update karena equity nya skrg sekitar 8T setelah right issue. PBV skrg sekit
kmaren"" jg beli antm pada bilangnya sama karna masa depan ","ANTM,ARTO,MASA",12:30:05 PM,Friday March 26 2021,Positif
Charles Prop,"Membalas : Yang seperti ARTO ini jarang2 mungkin setahun cuma ada 3-4 emiten yg growthnya secepat ini. All leading to momennya Gojek IPO. I
kalau ditarik ke belakang chartnya 3-5tahun lalu, anda pasti ngerti kok kenapa ini saham dari 100perak jadi 5000 dibanting ke 100 lagi dengan sangat cepat
Membalas : Setuju, saingan nya BBCA
dari segi mana om saingan bbca? harga saham? atau bisnisnya?","ARTO,BBCA",12:23:19 PM,Friday March 26 2021,Positif
Bapakne Naila,"Coba digital bank pake PEG om, PE/EPS growth.
Membalas : Telat taunya klo tau dr dulu org kemarin waktu blm nsik harga 226 saya beli trus jyal tp sempet fomo waktu 280 tp gpp udh avg do
Siap om   ","BANK,TRUS",12:07:02 PM,Friday March 26 2021,Positif
Aho Lie,"Membalas : Waktu 180 ga dilirik om  
Telat taunya klo tau dr dulu org kemarin waktu blm nsik harga 226 saya beli trus jyal tp sempet fomo waktu 280 tp gpp udh avg down jd udh lumyn pas harga 240",TRUS,12:05:55 PM,Friday March 26 2021,Positif
Vincent,"Saya mantau aja pak,all the best hehehe. Saya jg punya pandangan oke kok ke arto.",BEST,11:50:06 AM,Friday March 26 2021,Positif
Benhan,"Yang seperti ARTO ini jarang2 mungkin setahun cuma ada 3-4 emiten yg growthnya secepat ini. All leading to momennya Gojek IPO. Ini blueprintnya sudah jelas dan eksekusi Right Issuenya sempurna. Sayang kalau terlewatkan. 
Di dalamnya ada North Star pula. Banyak boxes ticked!  ","ARTO,STAR",11:44:52 AM,Friday March 26 2021,Positif
Benhan,"Beli ARTO karena masa depan lah. Itu PBV ARTO belum update karena equity nya skrg sekitar 8T setelah right issue. PBV skrg sekitar 16x. Sudah masuk kategori Bank Buku III.
Terus bakal right issue terus sampai equitynya capai 30T masuk Bank Buku IV. Perkiraan 2022 lah tercapai.","ARTO,BANK,MASA",11:40:54 AM,Friday March 26 2021,Positif
R,"haka bvic MG mulai masuk, AVG 177. masih harus di kerek naik ke 180-185",BVIC,11:33:11 AM,Friday March 26 2021,Positif
Benhan,Pas banget ya ANTM dikerek ke atas hari ini karena ada presscon battery holding. Begitulah cara market maker bekerja,ANTM,11:31:21 AM,Friday March 26 2021,Positif
Aho Lie,Klo cent sampai april kyknya prospektus keluar tp harga udsh diatas 300     ,CENT,11:30:27 AM,Friday March 26 2021,Positif
Novian Yudha 087,Antm TP selanjutnya 2800,ANTM,11:21:40 AM,Friday March 26 2021,Positif
Rolando,"Membalas : Suhu master Aho adalah spesialist CENT pak suhu master intel khong guan @Rovipr
sampai2 semua saham yg ijo dilihatnya ticker CENT  

peace ya, salam cuan",CENT,11:11:49 AM,Friday March 26 2021,Positif
Aho Lie,"Membalas : Yang nyambung direply itu camp pak   
Kirain orgnya nanys kenaps Cent nsik    maklum efforia","CAMP,CENT",11:09:23 AM,Friday March 26 2021,Positif
Mic,"Membalas : ANTM TINS INCO MCAS HAKA
Ya haka congrats udh cuan ya","ANTM,INCO,MCAS,TINS",11:06:50 AM,Friday March 26 2021,Positif
Efraim Arya,"Membalas : kenapa naik tinggi om? ada isu apa?
Dia itu dulu isunya mau ikut distribusi salah satu vaksin kalo gk salah, makanya naik kenceng",SATU,11:04:01 AM,Friday March 26 2021,Positif
Aho Lie,"Membalas : AK nyerok Cent
Prospek",CENT,11:00:10 AM,Friday March 26 2021,Positif
Johny,AK nyerok Cent,CENT,10:58:28 AM,Friday March 26 2021,Positif
Aho Lie,"Membalas : Photo
Ini yg saham salah satu diprediksi pak HS akan nsik tinggi   ",SATU,10:58:07 AM,Friday March 26 2021,Positif
Yoga Dharmawan,"Membalas : @RuiAuxilia Mb klo BBYB itu cumdate nya kapan to...kq di rti ma stockbit beda
Di rti belom update kayaknya, cumdate bbyb uda tgl 24 kemaren",BBYB,10:52:19 AM,Friday March 26 2021,Positif
Aho Lie,"Mana suara Brms    
Membalas : banyak yg bahagia yah kalau antam naik
Ia byk yg nyangkut",BRMS,10:41:03 AM,Friday March 26 2021,Positif
Septio Hanifa,PKPK ara gak nih,PKPK,10:29:11 AM,Friday March 26 2021,Positif
muriz,Antm nyangkut 8% terbayar lunas dgn hati yg tenang..gak minus lagi....trmksh pak sopir,ANTM,10:28:02 AM,Friday March 26 2021,Positif
Deny Hermawan,ANTM :rocket:,ANTM,10:26:17 AM,Friday March 26 2021,Positif
Fadli,antm kalo bertahan di atas 2350 sesi satu strong,"ANTM,SATU",10:20:17 AM,Friday March 26 2021,Positif
Erich,harga nikel timah biasa aja..antm tins ijo tebel  ,TINS,10:19:28 AM,Friday March 26 2021,Positif
Aho Lie,"Membalas : Naaah kalau bapak Aho ini spesialist CENT, mohon banyak banyak kasih masukan tentang CENT yaa
Target 300 hbs itu gby my love   
",CENT,10:11:55 AM,Friday March 26 2021,Positif
Ardiyan Bagas,MIKA masih bisa bikin higher high gak ya? Masih sangkut d 2900,MIKA,10:09:46 AM,Friday March 26 2021,Positif
Aho Lie,"Membalas : ARA kan CENT :rocket:
Udah 2x tik tok mas   ",CENT,10:05:25 AM,Friday March 26 2021,Positif
Ardiyan Bagas,ARA kan CENT :rocket:,CENT,10:04:34 AM,Friday March 26 2021,Positif
R,"bvic mantap. yok masuk, sblm ketnggalan",BVIC,10:02:21 AM,Friday March 26 2021,Positif
Jafar Sim,"Membalas : bisa juga 6-7-8-9  
Tulisan suhu master Billy     agak mencurigakan kalau ada tulisan wiim nya spti orang kalau baru pertama kali ketemu cici guru @RuiAuxilia grogi salfok    agro aja agro ajaaa skrg 1055","AGRO,WIIM",10:01:20 AM,Friday March 26 2021,Positif
Virgaust,"Membalas : jgn disebut2    nanti rame, khusus orang sabar wkwkw
koh Billy muncul di komen WIIM ini udah menjadi selling point tertentu. nilai Plus  ",WIIM,9:52:47 AM,Friday March 26 2021,Positif
Kaanz ,CENT nya kek nya juga potensi HTF?,CENT,9:50:58 AM,Friday March 26 2021,Positif
Rui :rocket: :speedboat::dancer: ,"Membalas : WIIM nya masih ada 
@wealth88 nih kak ada calon HTF lagi kalau tertarik    tp kalau mau entry saran saya ya memang nunggu hTFnya confirm dulu",WIIM,9:49:34 AM,Friday March 26 2021,Positif
R,ARA kan BVIC,BVIC,9:48:58 AM,Friday March 26 2021,Positif
Rui :rocket: :speedboat::dancer: ,"Membalas : it's ok lah gak HTF juga. asal base nya kuat, apapun bisa terjadi kyk waktu itu IMAS gagal confirm pattern, tpi volume masih
Iya, ga HTF bukan berarti ga naik ... saya komen kak @wealth88 karena dari kemarin semangat sekali biar HTF di DMMX   ","DMMX,IMAS",9:46:30 AM,Friday March 26 2021,Positif
JK Vm,Haka WMUU,WMUU,9:32:53 AM,Friday March 26 2021,Positif
Jafar Sim,"Membalas : Volumenya juga mesti besar bukannya pak ?
Nope, tudei masih masa konsolidasi volume harus rendah, senin baru meroket dengan volume besar, saya pasang buy 408 all in ga dapat  nih stress saya  ",MASA,9:28:22 AM,Friday March 26 2021,Positif
Jafar Sim,"Membalas : pak, biarkan saja senyap  
Oh iya ya    woke deh agro aja ayok ayok agro skrg 1060 feeling saya hari ini agro closing di 1030 
1030-1134-1208-1290 siapa mau serokk 1060 1060 ayok ayok",AGRO,9:26:16 AM,Friday March 26 2021,Positif
Bu Nana,Same uda 450,SAME,9:15:32 AM,Friday March 26 2021,Positif
as s,antm dorong ihsg  ,ANTM,9:15:24 AM,Friday March 26 2021,Positif
Vivian,Mantoelll nih same,SAME,9:11:15 AM,Friday March 26 2021,Positif
Kirana L,"Membalas : Jd ingat film Capt Phillips :ship:
Kaya insight sahamnya bakal naik ya pak",FILM,8:57:27 AM,Friday March 26 2021,Positif
rigeladitya,"Membalas : Should be wise at the current condition of the market? I mean Mark meenermini just wrote a single notice that it may be only a s
cek lagi twitternya minervini bu... dia bilang dia stupid, sering CL tapi habis itu sahamnya terbang. sekelas minervini yang gain portonya sudah 57% YTD aja ngalamin kok  ",MARK,8:53:27 AM,Friday March 26 2021,Positif
Benhan,"Membalas : berita 2 hari lalu 
Ketika berita positif dikeluarkan untuk salah satu emiten, itu pertanda akumulasi sudah cukup dan insider siap TP. Ngundang retail buat beli",SATU,8:24:58 AM,Friday March 26 2021,Positif
Charles Prop,"Membalas : [BREAKING] BBRI memutuskan untuk membagikan Rp12 triliun atau sekitar 65% dari laba bersih tahun 2020. Dengan demikian, dividen
Di newsnya bukannya 160an ya?",BBRI,1:08:57 AM,Friday March 26 2021,Positif
rigeladitya,"INCO area demand, ada yang lagi ngumpul in banyak banget.
Ini adalah foto",INCO,10:48:22 PM,Monday March 29 2021,Positif
Melvin E. S.,"Membalas : Photo
Tentu ada alasan naik tinggi. Yg sy ingat inkp tkim brpt dan tpia naik multibagger krn fundamentalnya bagus. Lompatan laba ratusan persen didukung penjualan yg juga naik dst..","BRPT,INKP,TKIM,TPIA",9:54:45 PM,Monday March 29 2021,Positif
Sales ERAA,"Membalas : Sales eraa ini beneran hehe
ERAA road to 3000
semoga semesta mendukung  ",ERAA,9:15:08 PM,Monday March 29 2021,Positif
Kaanz ,"Seperti nya CENT jg potensi membentuk cup and handle juga pak guru Eko Bawono , jika pola SSP gagal minggu ini, kalo dilihat dari volume jg mendukung, bagaimana dengan pendapat pak guru  time frame 4h
Ini adalah foto","CENT,POLA",9:06:59 PM,Monday March 29 2021,Positif
ando,Hrum knp kuat sendiri ya?,HRUM,8:44:45 PM,Monday March 29 2021,Positif
Rui :rocket: :speedboat::dancer: ,"Membalas : Ada yang bisa jelaskan kenapa bank mayapada arb berjilid2 pasca 3 hari cum date RI? Padahal pas sentimen bank mini terbang, may
Market tidak ada yang tahu pak, tidak semua RI bakalan sukses dan bagus, harusnya tetap berjaga2 ... saya lihat dari awal Maret sampai RI itu MAYA sempet digoreng kencang lho ... dari 3000an k 7000... itu juga diterbangkan kak","BANK,MAYA",7:52:02 PM,Monday March 29 2021,Positif
Del,"Membalas : Itu volume gede waktu ngangkat bandar atau retail ya?  Apa bukan bandar yg angkat ARA berjilid2 gitu? Kalo gitu bandar + retail
Good question, yg keluarin duit gede buat naikin harga dgn volum setinggi itu masih pada di dalem, suhu2 apa ada yg bs kasih pemcerahan?",GOOD,7:22:05 PM,Monday March 29 2021,Positif
Ikke,"takut ke 5.800 beneran gak sih tuh? kemrn udh gila2an, masa hr ini juga",MASA,7:15:26 PM,Monday March 29 2021,Positif
Fajar Oktavaria,"Membalas : mungkin member sini ada yg nyangkut di BNBA om, makanya dibahas
Kalo diliat pas naiknya itu banyak yang ngomongin sih disini, mungkin iya ada yang nyangkut","BNBA,SINI",7:09:36 PM,Monday March 29 2021,Positif
Rendi Setiawan,Ikan sesi 2 ara   ,IKAN,2:50:54 PM,Monday March 29 2021,Positif
Liem Peter,"candle volume W2 Cent  lebih tinggi dari candle pertama, candle Volume W3 nya harus lebih tinggi ya untuk SSP nya??",CENT,2:36:58 PM,Monday March 29 2021,Positif
Septianto Francisco,ERAA jgn ketinggalan kereta :rocket::rocket:,ERAA,2:36:53 PM,Monday March 29 2021,Positif
den,"Membalas : Deviden BBCA Final: Rp 530 / lembar Adjustment: Dikurang deviden interim Rp 98 di 22 Desember 2020 Sisa: Rp 432 / lembar Cum d
wow naik 2x dr thn lalu ya",BBCA,2:18:37 PM,Monday March 29 2021,Positif
Chezy,"Deviden BBCA
Final: Rp 530 / lembar 
Adjustment: Dikurang deviden interim Rp 98 di 22 Desember 2020
Sisa: Rp 432 / lembar

Cum date: 5 April 2021
Ex Date: 6 April 2021
Rec Date: 7 April 2021
Payment Date: 28 April 2021",BBCA,2:17:29 PM,Monday March 29 2021,Positif
Puspita Wardani,"Membalas : CENT ke 250 aja lbh menarik
170 lg boleh tak  ",CENT,2:14:11 PM,Monday March 29 2021,Positif
WA,CENT ke 250 aja lbh menarik,CENT,2:13:12 PM,Monday March 29 2021,Positif
Aho Lie,"Membalas : CENT kira kira masih bisa naik ga ya
Semua bisa naik atau turun says yg didlm ngarepin naik sebaliknya ",CENT,2:09:34 PM,Monday March 29 2021,Positif
Muhammag kuncoro,Poly yuk gaes entry 72 jual besok 80,POLY,2:07:03 PM,Monday March 29 2021,Positif
Faliq H,"Membalas : CENT kira kira masih bisa naik ga ya
beli di 302 ya?",CENT,2:06:39 PM,Monday March 29 2021,Positif
Tommy Hermes,CENT kira kira masih bisa naik ga ya,CENT,2:06:26 PM,Monday March 29 2021,Positif
Septio Hanifa,BKSL Gassss,BKSL,1:55:50 PM,Monday March 29 2021,Positif
Aho Lie,"Membalas : pasti happy dong minggu lalu aja pembahasan saham lain dikiranya cent  
Kli untung pasti hepi  ",CENT,1:51:47 PM,Monday March 29 2021,Positif
Johny,"Membalas : CENT break 300 minggu ini confirm SSP
Wah CENT yang haka member the traders disini ini  ",CENT,1:36:53 PM,Monday March 29 2021,Positif
Hendro Masori,"Membalas : Cent masi boleh avg up gak ya?
Boleh asal tau aturan avg up",CENT,12:41:08 PM,Monday March 29 2021,Positif
Jafar Sim,"Cent jadi rame, bukan saya yg rame in yaa   Aho    ",CENT,12:37:24 PM,Monday March 29 2021,Positif
Novra,"Membalas : CENT break 300 minggu ini confirm SSP
Sy udh curi start duluan pak    ",CENT,12:13:48 PM,Monday March 29 2021,Positif
Rui :rocket: :speedboat::dancer: ,"Membalas : SAME gmana ci? Masih boleh masuk?
Saya masi nawar ala emak2 di 420an kak   ",SAME,12:03:26 PM,Monday March 29 2021,Positif
Kaanz ,"Membalas : CENT break 300 minggu ini confirm SSP
Mantap pak de masih fullcash nunggu SSP , udah nunggu dari kemarin ",CENT,11:51:27 AM,Monday March 29 2021,Positif
Hendro Masori,CENT break 300 minggu ini confirm SSP,CENT,11:49:17 AM,Monday March 29 2021,Positif
M Rodi,"Membalas : Gd luck
siyap haka LUCK.  ",LUCK,11:48:57 AM,Monday March 29 2021,Positif
Bu Nana,Wah cent ada repo,CENT,11:41:14 AM,Monday March 29 2021,Positif
Nyangkuter Teh Pucuk,serem antm dipagerin 559K lot   ,ANTM,11:29:42 AM,Monday March 29 2021,Positif
Aho Lie,"Membalas : Hr ini CENT nya ngegas trs  
Saya gasss...in    ",CENT,11:25:57 AM,Monday March 29 2021,Positif
Puspita Wardani,Hr ini CENT nya ngegas trs  ,CENT,11:23:33 AM,Monday March 29 2021,Positif
Dane Fernando,"Ga da plan trading, ya beli PLAN aja ",PLAN,10:45:22 AM,Monday March 29 2021,Positif
Johny,"Membalas : https://www.cnbcindonesia.com/market/20210316115228-17-230456/lunasi-repo-trimegah-sekuritas-lepas-saham-cent-rp-398-m
Cent ini rumournya dibeli Digital colony",CENT,10:43:07 AM,Monday March 29 2021,Positif
Jafar Sim,"Bbri deviden rp. 98.9 eeuuyyy
Ini adalah foto",BBRI,10:12:37 AM,Monday March 29 2021,Positif
Johny,"Membalas : CENT RI kapan ya? Udah ada tanggal nya kah?
Belom ada tanggalnya, lagi dikerek tu, paling sebentar lagi keluar tanggal RI nya  ",CENT,9:56:45 AM,Monday March 29 2021,Positif
Liem Peter,WIIM ciamik tenan,WIIM,9:55:29 AM,Monday March 29 2021,Positif
Johny,"Caution! 
CENT is the buyer for ISAT 4k tower, heard buying at around USD740mn. This is a very good pricing as we are expecting at around USD570-600mn tower sales value.

+ Positive for ISAT as it strengthens the balance sheet and ample of capital for future spectrum acquisition/capex

+ CENT announced their plan for RI, targeting to issue 34bn shares","CENT,GOOD,ISAT,PLAN",9:47:59 AM,Monday March 29 2021,Positif
Mamba Mentallity,"Membalas : CENT nya jgn lupa  
BO kayaknya",CENT,9:35:41 AM,Monday March 29 2021,Positif
Go Jiu,"Berusaha mengakhiri fase downtrend, hr ini BRPT mencoba menembus level psikologis 1.000.

Recommendation: Spec BUY
Target Price I: 1.120
Target Price II: 1.225
Stop Loss: < 930

Disclaimer


Credit: @quantumresearch_idx
Ini adalah foto",BRPT,9:34:47 AM,Monday March 29 2021,Positif
Puspita Wardani,ASSA terbang lg yuk  ,ASSA,9:32:34 AM,Monday March 29 2021,Positif
Mic,Wood jpfa main haka,"JPFA,MAIN,WOOD",9:25:50 AM,Monday March 29 2021,Positif
Puspita Wardani,"Membalas : Essa ada isu apa
Harga amonia naik trs makanya ESSA ngegas tiap hr",ESSA,9:14:39 AM,Monday March 29 2021,Positif
Jafar Sim,"Dmmx naik tapi tidak dengan volume besar, berarti pola htf nya gagal ya?     ","DMMX,POLA",9:10:43 AM,Monday March 29 2021,Positif
Eds,"Membalas : BBTN rebound ga si hrusnya gais?
Kemungkinan iya",BBTN,8:21:57 AM,Monday March 29 2021,Positif
M,"Membalas : https://ekonomi.bisnis.com/read/20210327/257/1373282/cukai-batal-naik-produsen-rokok-kretek-tangan-bernapas-lega#.YF63BZSm09Q.wh
Hmsp bagus ya pak billy karna cukai dibatalkan?",HMSP,6:55:41 AM,Monday March 29 2021,Positif
Kelon Mas :baby_bottle::baby_bottle::baby_bottle:,"Membalas : Byk yg tetep didlm ada yg krluar masuk semuanya punya kelebihan dan kekurangan tergtg psikologi org cocoknya jgn ikut2 an tar ma
Biasanya saya tetap didalam mengandalkan TS untuk TP-nya

Tapi CENT ini sering bikin jarum suntik, jadi sangat cocok buat keluar masuk (Jual atas ambil lagi bawah)",CENT,8:14:52 PM,Tuesday March 30 2021,Positif
Benhan,"Membalas : BBYB : RUPS Pelaksanaan Right Issue di tgl 31 Mar, dimana jadwal pelaksanaan sebelumnya sempat ditunda...
Ah baru baca ini.. pantas BBYB hari ini volumenya besar","BACA,BBYB",8:10:41 PM,Tuesday March 30 2021,Positif
Aho Lie,"Membalas : Kawal bareng2 yuk  
Saya selalu bareng cent Sampai semesta bilg cukup  ",CENT,8:08:24 PM,Tuesday March 30 2021,Positif
Benhan,"Membalas : I see, jadi digital colony bisa dibilang pemilik CENT ya om? Thankyou infonya
Digital Colony mau akuisisi CENT. Sepertinya right issue nanti standby buyernya mereka",CENT,8:02:54 PM,Tuesday March 30 2021,Positif
Rey,"Membalas : Itu ada jawabannya di atas
I see, jadi digital colony bisa dibilang pemilik CENT ya om? Thankyou infonya",CENT,8:00:42 PM,Tuesday March 30 2021,Positif
Aho Lie,Hidup pak benhan juga hidupkan Cent  ,CENT,8:00:20 PM,Tuesday March 30 2021,Positif
mrs A,"Membalas : Haka CENT
Jam 2 keluar news ini  .",CENT,7:49:12 PM,Tuesday March 30 2021,Positif
Tommy Hermes,"Membalas : Photo
Haka CENT",CENT,7:46:06 PM,Tuesday March 30 2021,Positif
Benanta,"Membalas : Photo
Ini tgl tnggu ada yg narik aja, ke goceng juga enteng,, model2an kaya isat",ISAT,7:13:39 PM,Tuesday March 30 2021,Positif
Ahmad Rifai,Guys ad yg msh pegang eraa berarti bsok saham kita udh pecah nominal+jadi banyak ya,ERAA,4:15:47 PM,Tuesday March 30 2021,Positif
A,"Wskt, Ptpp nya lagi diskon ya boend ",PTPP,3:56:06 PM,Tuesday March 30 2021,Positif
Redy Yeee,"Membalas : kan patriotik kak, MERAH DARAHKUUUU!!!      
dapet ini pasti same di ma 20 kan mba rui    ",SAME,3:26:55 PM,Tuesday March 30 2021,Positif
Ratih Estiani,"Membalas :   
Qjd inget pas ihsg merah2 trus tiba2 ditarik ijo mas..wkwkwkwk",TRUS,3:23:21 PM,Tuesday March 30 2021,Positif
Carlo Micelli,Tetap bersyukur ACES ijo... ,ACES,2:46:51 PM,Tuesday March 30 2021,Positif
Dharma,"Ini pgas napa om, kok broker saham bandar pada pungutin?
Ini adalah foto",PGAS,2:39:02 PM,Tuesday March 30 2021,Positif
41056 (Rizki Putra Perdana),yok essa ribon yokk,ESSA,2:33:09 PM,Tuesday March 30 2021,Positif
Tejo Arum,Cent ngamuk,CENT,2:31:47 PM,Tuesday March 30 2021,Positif
Yudha,"Membalas : PTPP itu lq45 pak
Fundamental ptpp oke lah, bagi dividen juga. Tunggu beberapa bulan lg juga naik pak",PTPP,2:24:56 PM,Tuesday March 30 2021,Positif
Gue Keren,"BACA ambroll nih, ada yg mau hajar gk?",BACA,2:19:09 PM,Tuesday March 30 2021,Positif
Lee Khong Huan,"Same biasa kuat di ma20, akankah kini juga akan mantul di sana?",SAME,2:19:05 PM,Tuesday March 30 2021,Positif
Tejo Arum,Awassss siapp2 cent mau terbang    ,CENT,2:10:15 PM,Tuesday March 30 2021,Positif
Jafar Sim,"Membalas : Asik, buat serok ini. Hu Billy mau tunggu di 5700 ?
Emiten nya hu Billy aman ga terpengaruh badai   ",AMAN,2:05:06 PM,Tuesday March 30 2021,Positif
Rocky Thohir,DNAR & BGTG get ready?,"BGTG,DNAR",1:57:20 PM,Tuesday March 30 2021,Positif
Carlo Micelli,Semoga ERAA ijo besok SS,ERAA,1:48:31 PM,Tuesday March 30 2021,Positif
Raditbima,Baca ara guys. Selanjutnya apa ya? Bbyb?,BACA,1:47:56 PM,Tuesday March 30 2021,Positif
Puspita Wardani,BBHI bangkit dr kubur,BBHI,1:40:10 PM,Tuesday March 30 2021,Positif
Tommy Hermes,"Membalas : Yuhu BBYB
BBYB masih bisa naik ga ya",BBYB,1:39:29 PM,Tuesday March 30 2021,Positif
Tommy Hermes,"Membalas : ya jangan pak..
Kadung nyemplung
Membalas : fomo baca boleh ga ya
Klo menurut suhu Hauw justru pas lagi di mark up gini yang bisa cuan banyak dan cepat, jangan tunggu pas koreksi karena itu sudah moment distribusi.","BACA,MARK",1:26:46 PM,Tuesday March 30 2021,Positif
Tomatto Tomatto,"Membalas : BBYB : RUPS Pelaksanaan Right Issue di tgl 31 Mar, dimana jadwal pelaksanaan sebelumnya sempat ditunda...
Area buy",BBYB,1:18:14 PM,Tuesday March 30 2021,Positif
Puspita Wardani,"Membalas : BbYB belakang nya Alibaba loh  
BBYB : RUPS Pelaksanaan Right Issue di tgl 31 Mar, dimana jadwal pelaksanaan sebelumnya sempat ditunda...",BBYB,1:13:06 PM,Tuesday March 30 2021,Positif
RBTAN59,sentimen bandar sdg mau beramain di baca,BACA,12:42:13 PM,Tuesday March 30 2021,Positif
"Apt, Yulianto Wijaya S Farm, RTA (FRED)","Membalas : ANTM kira kira bisa ke 3.500 ngga pak?
1300-1500 dg syarat break dan bertahan dibawah 2150",ANTM,12:41:02 PM,Tuesday March 30 2021,Positif
Dita Rissa,BACA dan ARTO the real bank digital... Yg lain cm ikut 2.. belakang mereka raksasa2 unicorn,"ARTO,BACA,BANK,REAL",12:36:02 PM,Tuesday March 30 2021,Positif
Dita Rissa,BACA ok punya,BACA,12:33:59 PM,Tuesday March 30 2021,Positif
GoesWan,"Baca bagus buat masuk, tp jngn bnyk2. Bagus lg tunggu candle biru buat memastikan. Prosentase saham, 50% bnyk diatas harga skrg.",BACA,12:30:19 PM,Tuesday March 30 2021,Positif
rigeladitya,"LPPF weekly, harga di atas MA5 9 weeks, di atas MA10 8 weeks, di atas EMA30 4 weeks, dan sedang berusaha jebol MA60. Masuk setup-nya Ko Billy ga nih?
Ini adalah foto",LPPF,11:33:12 AM,Tuesday March 30 2021,Positif
Rocky Thohir,Next BNBA watch ya!,BNBA,11:32:55 AM,Tuesday March 30 2021,Positif
Raditbima,Arakan BACA,BACA,11:29:14 AM,Tuesday March 30 2021,Positif
rigeladitya,Nikel nikelan semuanya stay di base masing-masing. Strong.  LPPF yang paling cantik.,LPPF,11:28:43 AM,Tuesday March 30 2021,Positif
Puspita Wardani,BACA gass trs,BACA,11:25:11 AM,Tuesday March 30 2021,Positif
Chai Lie,"PTPP teknikalnya lg di area deman, pengen serok tapi ragu",PTPP,11:15:22 AM,Tuesday March 30 2021,Positif
Fajar Suryo,Akhirnya WIIM nyolek 955,WIIM,11:10:43 AM,Tuesday March 30 2021,Positif
Puspita Wardani,"Membalas : Lgi diguyur RF
Klu buat FT aman lah kak, harganya sllu dijaga  ",AMAN,10:45:15 AM,Tuesday March 30 2021,Positif
Hendra,"Membalas : CENT naik lg yuk   udah full lg muatan  
Kyk ada yg jaga dibanting trus dinaikin wkwk","CENT,TRUS",10:43:43 AM,Tuesday March 30 2021,Positif
Puspita Wardani,CENT naik lg yuk   udah full lg muatan  ,CENT,10:42:43 AM,Tuesday March 30 2021,Positif
Faliq H,serok bawah CENT kenyang,CENT,10:42:18 AM,Tuesday March 30 2021,Positif
RBTAN59,tpia sdh start mau rups mgkn menuju RI jg ,TPIA,10:28:07 AM,Tuesday March 30 2021,Positif
Dimas Ari Nugroho,"Membalas : Tp kl gara2 ini wskt jadi 500 lg boleh lah  
Gw di Adhi karya aja gan   lebih lincah gerakannya kalo lagi bullish","ADHI,WSKT",10:24:34 AM,Tuesday March 30 2021,Positif
Jay Jay,Tp kl gara2 ini wskt jadi 500 lg boleh lah  ,WSKT,10:22:32 AM,Tuesday March 30 2021,Positif
Novine 90210,"eraa...hari ini cumdate ss tapi masih gitu2 aja...
masih rame sido kayanya",SIDO,9:45:28 AM,Tuesday March 30 2021,Positif
Louis Adam,AGRO DOID rebound,"AGRO,DOID",9:20:52 AM,Tuesday March 30 2021,Positif
Puspita Wardani,ASSA n CENT bkn pagi pagi happy  ,"ASSA,CENT",9:16:01 AM,Tuesday March 30 2021,Positif
Liem Peter,"wah ini YP masang pager CENT di 292, abg dia 293",CENT,9:15:45 AM,Tuesday March 30 2021,Positif
Liem Peter,cent kenceng juga ya,CENT,9:10:52 AM,Tuesday March 30 2021,Positif
Jafar Sim,"Membalas : candaaaa apusss... 
Yang agro yang agro (harusnya) hari ini rebound ijo,,, yang agro yang agro",AGRO,9:00:00 AM,Tuesday March 30 2021,Positif
Handy HD,ENRG mau CUM RI ya?,ENRG,8:57:54 AM,Tuesday March 30 2021,Positif
rigeladitya,"INCO area demand, ada yang lagi ngumpul in banyak banget.
Ini adalah foto",INCO,10:48:22 PM,Monday March 29 2021,Positif
IHSG MORNING STAR OTW 6500,"Membalas : Ada yg main binary option binomo di grup ini? Mau tahu mrk benar atau nggak cara kerjanya terutama chart, sistem deposit / with
Binomo illegal",MAIN,9:55:42 PM,Sunday March 28 2021,Negatif
Dharma Djiauw  ,"Membalas : Ada yg main binary option binomo di grup ini? Mau tahu mrk benar atau nggak cara kerjanya terutama chart, sistem deposit / with
Traffic data di chart bisa dimainkan pak
 kalo profit 80% trader, 20% buat pihak sana, loss ya 100% trader 
Blm trmasuk permainan slippage dan requote",MAIN,9:38:58 PM,Sunday March 28 2021,Negatif
Taupik Rahmat,"Membalas : Ada yg main binary option binomo di grup ini? Mau tahu mrk benar atau nggak cara kerjanya terutama chart, sistem deposit / with
Kalo mau cepet miskin bisa main itu om  ",MAIN,9:37:21 PM,Sunday March 28 2021,Negatif
Melvin E. S.,"Ok mksh..
Ada yg main binary option binomo di grup ini? Mau tahu mrk benar atau nggak cara kerjanya terutama chart,  sistem deposit / withdraw dan web nya. Kabarnya sering di blokir situsnya sama kominfo. Mksh..",MAIN,9:32:29 PM,Sunday March 28 2021,Negatif
Jimmy,"Membalas : Iya betul pak. Nah itu tadi pak Jimmy bilang kalau salah satu kunci trading itu  hindari keramaian . Tapi kenapa ada jg yg bilan
Saya bukan Suhu ya Pak. Masih belajar juga, sedikit di atas niubi lah.

Mungkin pake contoh aja ya yang gampang, ANTM. 

Sampai Kamis minggu lalu. Pasar masih pesimis dengan ANTM. Ada yang bilang harga bandar di 1700. Ada yang bilang mau ke 1000, dsb. Keramaian jelas berada di sisi pesimis.

Nah Jumat lalu, secara chart terlihat kalo tutupan Kamis bisa jadi titik reversal. 

Dan kalo yang mengamati aliran akumulasi, terlihat big player konsisten masuk bertahap di 4-5 hari terakhir.

Dan kita tahu akhir bulan ada rencana pengumuman IBH, tapi kita ga tau akhir bulannya kapan, bisa tanggal 25, 26, dsb sampai tgl 30.

Disini terlihat, ""keramaian"" berada di sisi ""pesimis"", sementara market sudah menunjukkan ada ""pembalikan arah"".

Jadi kita mau tes ikut ""market"" atau ikut ""keramaian""?  

Semoga bisa dipahami ya. Memang tipis bedanya, tapi ya itulah kurang lebih benang merahnya. Mirip kaya liat divergen trend. Kadang selip mata  ",SATU,1:30:08 AM,Sunday March 28 2021,Negatif
Bu Nana,"Ikut rules nya pak Billy berarti antm magnetnya ke bawah?
Ini adalah foto",ANTM,11:50:56 PM,Saturday March 27 2021,Negatif
Hatsuko,"Membalas : Sependek amatan saya avg down itu boleh dg pertimbangan2: 1. Sahamnya memang liquid 2. Mengenali S&R dg cermat 3. Penggunaan dan
Lebih tepat sebenarnya konsep avg down adalah beli mencicil di satu emiten yg sama. Setelah selesai (mencicil sistem piramida, cicil 2,3,4 kali, dengan alokasi misal 20% total porto) tapi harganya lalu tetap turun 6% dari avg, cutloss. Kalau yg pembelian sekaligus (juga alokasi 20% porto) dan harganya turun juga 6% cutloss. Jadi konsepnya tetap disiplin cutloss saja dari alokasi 20% porto kalau harga turun 6%. Incar lagi saham yg sama setelah trend nya jadi bullish atau cari saham lain.  ",SATU,8:13:26 PM,Saturday March 27 2021,Negatif
Charles Prop,"Membalas : Mungkin WB belom pernah menikmati cuan dari scalping Karena buat apa dia sudah kaya raya, hehe
Kalau lihat perjalanan WB. Dia loss bnyk tu di awal. Bahkan berkshire nya itu adalah salah satu kegagalan dia",SATU,7:23:09 PM,Saturday March 27 2021,Negatif
Charles Prop,"Contoh yang barusan kejadian adalah BBTN. Dirut ditarik org luar. Investor ngerasa kebijakan bbtn ini uda bagus, tapi berhub org luar masuk maka bakal ada rubah kebijakan lagi dan belum tentu sinergis. Makanya itu saham lsng drop sampe lumayan dalam",BBTN,6:07:04 PM,Saturday March 27 2021,Negatif
Fajar Oktavaria,"Membalas : Ini nih yg namanya cut your loss and protect your profit  
berkat guru-guru disini pak benhan  
semenjak para guru disini sharing pengalaman, saya berpendapat tidak perlu waktu lama untuk bisa ""cut your loss and protect your profit"" atau sederhanakan saja menjaga modal
cukup akui kesalahan dan belajar dari kesalahan   
*notes jika ada yang bertanya saat itu kesalahan terbesar saya dimana, itu saat asri dan dkft htf (disini saya tidak mempersiapkan TS ataupun SL)","ASRI,DKFT",12:59:50 PM,Saturday March 27 2021,Negatif
Bu Nana,"Membalas : Kalau benar avg Anda 1020, ga perlu ragu Bu. Saya rasa Senin ini ga akan sempat avg down karena harganya dah naik duluan
Tadi pagi saya diskusi ama tmn via pm di bantah ama dia, jelek itu smra , makanya saya cari second opinion",SMRA,12:15:42 PM,Saturday March 27 2021,Negatif
Billy,Saya ga akan putus assa lg ampe pinjem KTA .. Itu same aja balik lg ke lubang hitam.. Mending natural aja.. Wish me luck....  ,"ASSA,SAME",9:43:49 AM,Saturday March 27 2021,Negatif
AAN,"Membalas : Cut lost dulu aja pak senen. Beli yang ASIIk biar bisa join ngobrol disini
Saya ijin KBAG keuangan dulu pak kalau mau cutloss....  ",KBAG,9:33:07 AM,Saturday March 27 2021,Negatif
Ronny,"Membalas : Sahamku LPPF bingung dirangkai jadi kata apa ya   
Cut lost dulu aja pak senen. Beli yang ASIIk biar bisa join ngobrol disini",LPPF,9:31:05 AM,Saturday March 27 2021,Negatif
Billy,"Membalas : Masih mending sih pinjem bank buat trading ketimbang margin. Kalau margin kan ada margin call dan harus force sell kalau pinjem
Loh saya pinjem ke bank nya terus dipake trading pake margin.. Kurang apa   ",BANK,7:27:52 AM,Saturday March 27 2021,Negatif
Jaidie,"Membalas : Saham mana yg arb berhari2
IKAN mungkin wkwk",IKAN,7:12:40 AM,Saturday March 27 2021,Negatif
hery,"Membalas : Back Test kenaikanorpenurunan Ex date SS.pptx
wah, BRPT kemarin tidak menyenangkan yah",BRPT,1:11:45 AM,Saturday March 27 2021,Negatif
Benhan,"Membalas : Td pas pak HM bahas passion, sy trtarik hehe.. krn gini, ini kan arb msh 7%, dsaat arb 7% market koreksi trader2 yg bru join di
Pasang stoploss 5% aja dijamin aman dari ARB mau berapa persenpun. Asal bukan di saham yg ga liquid",AMAN,9:45:22 PM,Friday March 26 2021,Negatif
Denny Wang,"Membalas : Yup, swing low confirmed. Semoga 1 april akan jadi last chance to buy before start to retest 6550 lagi di april-Mei...
Untuk ihsg?  6050an itu sdh bottom nya pak jutha?  @JuthaBram 

Btw. Wskt cm turun sedikit meskipun lap keu jelek.. dijagain bandar?",WSKT,6:51:53 PM,Friday March 26 2021,Negatif
Jimi Yang,Essa ngamuk,ESSA,2:32:02 PM,Friday March 26 2021,Negatif
as s,bmri kemungkinan bid palsu dr tadi ga kuat2 nanjak  ,BMRI,1:51:05 PM,Friday March 26 2021,Negatif
Aho Lie,"Membalas : Langsung drop LPPF karena ga boleh mudik
Ini mksdnya pak kadg udh kita analisa dgn berbagai mcm ilmu e kena prank lgs koit   ",LPPF,1:43:46 PM,Friday March 26 2021,Negatif
Benhan,Langsung drop LPPF karena ga boleh mudik,LPPF,1:42:49 PM,Friday March 26 2021,Negatif
hery,"Membalas : Keinget saham MASA om, siapa tau ada cerita yg sama kd go private gitu , dpt durian runtuh kalo sahamnya bener
masa dah beberapa kali gagal go private nya. harganya kurang seru  ",MASA,1:35:34 PM,Friday March 26 2021,Negatif
Charles Prop,"Membalas : Keinget saham MASA om, siapa tau ada cerita yg sama kd go private gitu , dpt durian runtuh kalo sahamnya bener
Harus liat produk ny jg si pak kenapa bs mau go private. Sngt minim sekarang prusahaan mau go private apalagi lg pandemi gini BU semua",MASA,1:26:38 PM,Friday March 26 2021,Negatif
Aliong,"Membalas : Ya kalau kita uda tau mending menjauh saja pak.
Keinget saham MASA om, siapa tau ada cerita yg sama kd go private gitu  , dpt durian runtuh kalo sahamnya bener",MASA,1:24:16 PM,Friday March 26 2021,Negatif
Charles Prop,"Membalas : BBKP akan gitu2 aja selama masih ada Bosowa di dalamnya. Jangan disamakan lah
bosowa sudah tersangka tuh. dan mereka uda mulai lepas sahamnya pelan2. kemarin uda ilang 1% porsi bosowa",BBKP,1:04:47 PM,Friday March 26 2021,Negatif
Aho Lie,Ccsi kejam mau right issue bert 2 hr yglalu mau masuk kemrn lgs Ara sekrg lgs Arb sungguh....   ,CCSI,1:03:57 PM,Friday March 26 2021,Negatif
Charles Prop,"Membalas : Bakal lbh miris kalau lihat nya BDMN   Harga sisa 1/3
betul bdmn apalagi ya.. Jepang masuk di angka 9000an dibanting sampe 1000an kemarin corona wkwkwk",BDMN,1:03:44 PM,Friday March 26 2021,Negatif
Soebianto,"Membalas : harus lihat supirnya sih pak siapa gampangnya, kalau cuma liat siapa yg invest, tak kasih contoh saja. KB BUKOPIN pengendalinya
Bakal lbh miris kalau lihat nya BDMN  

Harga sisa 1/3",BDMN,1:03:21 PM,Friday March 26 2021,Negatif
Benhan,"Membalas : harus lihat supirnya sih pak siapa gampangnya, kalau cuma liat siapa yg invest, tak kasih contoh saja. KB BUKOPIN pengendalinya
BBKP akan gitu2 aja selama masih ada Bosowa di dalamnya. Jangan disamakan lah",BBKP,1:03:10 PM,Friday March 26 2021,Negatif
Charles Prop,"Membalas : Kalo udah masuk msci kenapa jadi kalem y ? Bandar yg ugal2an dulu pada ke mana? Takut ada satpamnya gitu sekrg y?
uda takut. MG aja uda jarang nongol di antm ",ANTM,12:33:55 PM,Friday March 26 2021,Negatif
Vincent,"Membalas : Yang seperti ARTO ini jarang2 mungkin setahun cuma ada 3-4 emiten yg growthnya secepat ini. All leading to momennya Gojek IPO. I
Tp pergerankannya udh curam pak. Sesuatu yg naik cepet turunnya cepet juga  ",ARTO,11:46:03 AM,Friday March 26 2021,Negatif
Virgaust,"Membalas : Tapi kayanya kudu ARA ini biar jebol resisten 496nya biar HTF kak  
it's ok lah gak HTF juga.
asal base nya kuat, apapun bisa terjadi  
kyk waktu itu IMAS gagal confirm pattern, tpi volume masih kecil. cuma delay 1 minggu sebelum :rocket::rocket::rocket:",IMAS,9:45:12 AM,Friday March 26 2021,Negatif
Eddie,"Baru 10 menit open, BBCA udh dijual asing 50M, awalan yg buruk bagi IHSG   ",BBCA,9:10:44 AM,Friday March 26 2021,Negatif
Bapakne Naila,"Membalas : Karena masih distribusi. Ini sama dengan SAME juga
Kalo saya sih ngira masih reakum lagi, bikin flag. Belum ada selling climaxnya, volume turun kmaren juga rendah",SAME,8:38:57 AM,Friday March 26 2021,Negatif
Erich,"Membalas : dah seperti ada truk melintang di jalan tol. gak bisa ke mana2. mau muterin tanjung harapan? berapa ribu km tuh.
lagian ga ikutan tren digital2 sih kayak ihsg   stuck kan..coba kapal digital, ga akan stuck lama gitu     ",TRUK,8:16:00 AM,Friday March 26 2021,Negatif
Faliq H,"Membalas : IHSG ijo kok transaksi miskin sekali ya.,,apakah bandar lgi rombongan ziarah religi ???
bandarnya dikrangkeng, ga bisa goreng POSA, MYRX, TRAM, JGLE",JGLE,11:30:43 PM,Monday March 29 2021,Negatif
Mbah Bedjo,"Membalas : ERAA road to 3000 semoga semesta mendukung  
Sayangnya semesta gak mendukung   ",ERAA,9:39:54 PM,Monday March 29 2021,Negatif
shendy,"Membalas : Bnba dikunci ARB yg kunci bandar?
dibalik aja... liat harga kaya gitu ritel berani masuk kah?",BNBA,8:19:54 PM,Monday March 29 2021,Negatif
cuaners,"Membalas : Photo
Bnba dikunci ARB yg kunci bandar?",BNBA,8:18:53 PM,Monday March 29 2021,Negatif
Fauzan Tarmizi,"Membalas : Market tidak ada yang tahu pak, tidak semua RI bakalan sukses dan bagus, harusnya tetap berjaga2 ... saya lihat dari awal Maret
Kacau, memang sedikit sekali maya ini total lot harian perdagangannya,

Liat arto RI kemaren, saat ex date, kencengnya bukan main","ARTO,MAIN,MAYA",7:57:22 PM,Monday March 29 2021,Negatif
Fauzan Tarmizi,"Ada yang bisa jelaskan kenapa bank mayapada arb berjilid2 pasca 3 hari cum date RI?

Padahal pas sentimen bank mini terbang, mayapada saya liat kalem2 aja ga ikutan terbang, tetap kisaran 7000'an, lalu tujuan RI juga untuk ekspansi bisnis, tapi kenapa ARB berjilid2 ga berkesudahan ya, sudah FL hampir 53% saya   ",BANK,7:48:46 PM,Monday March 29 2021,Negatif
Vincent,"Membalas : mungkin member sini ada yg nyangkut di BNBA om, makanya dibahas
Saya nyangkut pak, avg 2550 dr untung jd buntung (small portion) thanks buat bei    kalo gada acara suspend suspenan mungkin masih sempet exit sblm dibantai","BNBA,SINI",7:13:12 PM,Monday March 29 2021,Negatif
Panji Wirawan,Sy kena di BBSI itu...hr trkhir sblum drop udah pasang sell di jam 15.05...ga bisa pasang...besoknya smpai hr ini ada kira2 40an % loss...untung MM nya msh aman...kalau ga amsiong itu...,BBSI,6:54:00 PM,Monday March 29 2021,Negatif
ARAKAN IHSG 30MAR - 01 APRIL THE LAST SEROK,"Membalas : Pakde @hmasori ada 3 sektor yg bisa dijadiin pantauan utk next week. 1. Banking 2. Properti dan konstruksi BUMN yg rata2 besok d
Sangkut brp wskt sy jg sangkut santuy itu bandar sdh habis distribusi.. tgl menunggu wkt diangkat jgn dibahas trs pak biar diam2 dinaikin saham kalau trs dibahas diarb kan bandar nnt.. bandar bertebaran di grup mana2 hati2",WSKT,2:58:16 PM,Monday March 29 2021,Negatif
apieth,Sayang amat cent nya ga close d 300 ya pak,CENT,2:52:31 PM,Monday March 29 2021,Negatif
Muhammag kuncoro,Ngapain beli antam 3 bulan sekali cuma orofit  11% beli ikan sehari bisa dapat 25% makasih bandar ngehayal terus    ,IKAN,2:52:21 PM,Monday March 29 2021,Negatif
Yudha,Antm arb,ANTM,2:41:18 PM,Monday March 29 2021,Negatif
rahmad,ikan tuh yg bosen liat ihsg lesu ,IKAN,2:13:04 PM,Monday March 29 2021,Negatif
Yudha,"Antm kemarin terbangin indeks, skrg jd beban indeks  ",ANTM,2:01:12 PM,Monday March 29 2021,Negatif
Hendra,Hk closing aja biar aman  ,AMAN,1:43:34 PM,Monday March 29 2021,Negatif
Faliq H,"Membalas : Dalem banget wskt nya , untung sempet keluar dari kmrn kmrn
Saya baru keluar td di atas, skrng liat ambles dalam rasanya ingin jadi ironmen wkwkwk",WSKT,1:38:04 PM,Monday March 29 2021,Negatif
Alzie Al Fachri,"Dalem banget wskt nya , untung sempet keluar dari kmrn kmrn  ",WSKT,1:37:14 PM,Monday March 29 2021,Negatif
Jay Jay,wskt rugi 9T. lg dibenahi kok. tadi uda ada berita restrukturisasi. apa nanti ada berita jualan tol? restrukturisasi himbara?,WSKT,1:36:58 PM,Monday March 29 2021,Negatif
Tommy Hermes,"Membalas : .... Ya mmg saya salah sih. Beli di pucuk Ga cutloss Rugi 9t wskt And swf ga ngaruh tnyt..
Cutloss wskt 9t ?",WSKT,1:34:24 PM,Monday March 29 2021,Negatif
Denny Wang,"....  Ya mmg saya salah sih. Beli di pucuk

Ga cutloss

Rugi 9t wskt
And swf ga ngaruh tnyt..",WSKT,1:31:54 PM,Monday March 29 2021,Negatif
Denny Wang,"Pakde @hmasori ada 3 sektor yg bisa dijadiin pantauan utk next week.
1. Banking
2. Properti dan konstruksi BUMN yg rata2 besok dapag dukungan momentum pembalik
3. Coal mining yg masih bullish...


Pak @JuthaBram 


Konstruksi  wskt break 1300 pak jutha..

Turun trus ga ada abise..

Apa ak jual saja kah

Loss gila2an.. 30% an","TRUS,WSKT",1:17:10 PM,Monday March 29 2021,Negatif
Johny,"Membalas : Pantau KPAL
TP?",KPAL,11:11:03 AM,Monday March 29 2021,Negatif
Al Blenk,"Membalas : ANTM saham pertama yg saya latihan untuk trading.. itu saham cocoknya 200 poin TP sekali 200 poin TP sekali.. jgn krn mau TP byk
Wkwk bner om.,ANTM dan TINS satu family.,xlo abis rally 150-200 point loyo dah
Emg pas buat celap celup  ","ANTM,SATU,TINS",10:13:26 AM,Monday March 29 2021,Negatif
Fajar Oktavaria,"permintaan saya mudah, jangan mampir ke cent ataupun wiim ya udah gitu aja","CENT,WIIM",10:13:23 AM,Monday March 29 2021,Negatif
ARAKAN IHSG 30MAR - 01 APRIL THE LAST SEROK,"Membalas : Ga punya pasangan om, sendirian dari dulu 
sudah TP gjtl ckkckckck",GJTL,9:48:31 AM,Monday March 29 2021,Negatif
Kaanz ,"Membalas : Dmmx naik tapi tidak dengan volume besar, berarti pola htf nya gagal ya?     
Minggu ini harus breakout kalo tidak bisa berarti pola HTF gaga  ","DMMX,POLA",9:11:36 AM,Monday March 29 2021,Negatif
Eriant Yosua,Ada yg tau kenapa bbca downtrend ? Kira2 suport terdekat dmn ya?,BBCA,7:33:05 AM,Monday March 29 2021,Negatif
Rocky Thohir,"Membalas : Wah sabotase ?
Pure bencana",PURE,2:28:40 AM,Monday March 29 2021,Negatif
Bu Nana,"Membalas : Lha kan kemarin sudah janji sama bu Nana  
Trimakasi Meneer saya baru sampe rmh, besok pagi baru bisa baca lbh detail, 

slamat malam dan beristirahat",BACA,11:30:18 PM,Sunday March 28 2021,Negatif
rahmad,jadi asing keluar sebulan ini untuk jaga2 masalah bpjs ini ya? dilihat dari ngerinya asing keluar dari BBRI yang mana BPJS sudah untung,BBRI,10:12:14 PM,Tuesday March 30 2021,Negatif
Jimmy,"Membalas : Ini peraturan nya.. Lengkap perihal batasan kepemilikan emiten dll bpjs.. Kalau mau baca silahkan.. Intinya ga semudah itu jual
Thanks sharingnya Om. Yang ngeri ini efek ""fear""nya aja sih. Kadang aslinya gak ada apa2, efek gosipnya mbikin runtuh duluan. Macam Archegos ini...  ",BACA,10:01:45 PM,Tuesday March 30 2021,Negatif
Aho Lie,"Membalas : Hati  guys jagan sampai terjadi lagi.
Inget bunuh diri masuk neraka   
Membalas : Biasanya saya tetap didalam mengandalkan TS untuk TP-nya Tapi CENT ini sering bikin jarum suntik, jadi sangat cocok buat keluar
Tp prsktek susah pak hrs brner 2 udh klik baru bisa kadang pas jual hrg mlh lebh tinggi tunggu gak turun masuk malah turun  ",CENT,8:15:10 PM,Tuesday March 30 2021,Negatif
Daniel Bong,Saya Cl WSKT kena loss 8%,WSKT,7:59:15 PM,Tuesday March 30 2021,Negatif
Tony Iskandar,"Ini adalah foto
Sentimen negatif utk ANTM",ANTM,6:46:39 PM,Tuesday March 30 2021,Negatif
Muhammag kuncoro,"Membalas : Fix besok WSKT ARB lagi
Kontruksi iya kyk nya karna ada kendala kerjaan yang masih bayak tender
Kontruksi itu biasa nya  moncernya Akhir tahun karna pendapatan mereka bulan2 itu baru terkumpul dan kejar target biasa nya",WSKT,6:31:11 PM,Tuesday March 30 2021,Negatif
Severinus Utomo,"Membalas : Besok fik ihsg ijo di atas 2%
Fix besok WSKT ARB lagi",WSKT,6:30:04 PM,Tuesday March 30 2021,Negatif
Iqbal,BNBA apa kabar ya? Masih arb kah?,BNBA,3:25:25 PM,Tuesday March 30 2021,Negatif
Elon Mas,"Membalas : Bursa efek BUMN WSKT WIKA PTPP ADHI      
dibohongin SWF ","ADHI,PTPP,WIKA,WSKT",3:25:03 PM,Tuesday March 30 2021,Negatif
Tejo Arum,"Membalas : kak, gimna nih prospeknya antm ke depan?
ANTAM berANTEM     ",ANTM,3:13:11 PM,Tuesday March 30 2021,Negatif
Faliq H,"Membalas : Fundamental ptpp oke lah, bagi dividen juga. Tunggu beberapa bulan lg juga naik pak
rugi mau bagi dividen apa? wkwk",PTPP,2:25:10 PM,Tuesday March 30 2021,Negatif
Kirana L,"Membalas : Baca kalau closing merah sih sptinya parah tuh bandar kasar mainnya
Agak sulit tp mungkin saja pak...
Andaikata dimerahin ARTO sasaran berikutnya  ","ARTO,BACA",2:25:05 PM,Tuesday March 30 2021,Negatif
Jafar Sim,Baca kalau closing merah sih sptinya parah tuh bandar kasar mainnya,BACA,2:24:13 PM,Tuesday March 30 2021,Negatif
Mas Bro,"Lihat BBCA tuh, kesian amat mati2an nahan indeks sendirian woyyy     tolongin napa    ",BBCA,2:22:03 PM,Tuesday March 30 2021,Negatif
Lee Khong Huan,"Wahaha..ngamati agrs ngeri, hati  yg ginian..angka bidnya palsu, tadi ribuan begitu dianjlokin hilang semua",AGRS,2:13:52 PM,Tuesday March 30 2021,Negatif
Daniel Bong,Wskt kembali ke asal mari kita berdoa spy g tiap hr ARB,"MARI,WSKT",2:10:04 PM,Tuesday March 30 2021,Negatif
Tommy Hermes,CTRA arb di support,CTRA,2:09:45 PM,Tuesday March 30 2021,Negatif
Benhan,SAME runtuh ya supportnya,SAME,2:08:57 PM,Tuesday March 30 2021,Negatif
Johny,"Membalas : https://www.cnbcindonesia.com/market/20210330133606-17-233985/duh-bp-jamsostek-bakal-kurangi-investasi-saham-reksa-dana besok me
pgas makin ambles",PGAS,2:07:59 PM,Tuesday March 30 2021,Negatif
Kirana L,"Mungkin ibu bapak tidak mengenal saya tapi uang yang nyangkut di saham2 minibank lebih baik digunakan utk kepentingan lain ya sedekah misalnya atau zakat..

Risk sangat besar dibandingkan dengan expected return.. deviasi dari saham2 minibank yg berkisar antara 27-36% sangat jelas memperlihatkan bahwa itu semua permainan sekelompok orang / institusi pemegang dana besar...

Salam profit kita semua  ",UANG,2:07:58 PM,Tuesday March 30 2021,Negatif
            ,Same terjun bebas,SAME,2:07:32 PM,Tuesday March 30 2021,Negatif
Sumitro Saadah,"Membalas : ini BBRI div 2% kurang yah kok dibanting?
BBRI mau tutup gep di 3700",BBRI,1:58:37 PM,Tuesday March 30 2021,Negatif
Andre Salim,ini BBRI div 2% kurang yah kok dibanting?,BBRI,1:58:05 PM,Tuesday March 30 2021,Negatif
Benhan,RI nya simpang siur soalnyaz HMETD BBYB juga ga nongol hari ini,BBYB,1:53:03 PM,Tuesday March 30 2021,Negatif
Murr,"Offer tebel d BBRI dah ilang, akankah reversal?",BBRI,1:44:25 PM,Tuesday March 30 2021,Negatif
Eru Yagami,"Membalas : Butuh keberanian ini
Baca lapkeu Q4 tinggal nunggu bangkrut aja",BACA,1:44:20 PM,Tuesday March 30 2021,Negatif
Muhammag kuncoro,"Membalas : kalau ga nyampe mau terus menunggu bang?
Gak mesti lah mas kita cuma ngarep Doang kalo di kasih bagus.
Ada info menarik Gaes coba Pantao saham Bsim kayak nya minggu ini saagat menarik kali Minimal 1 ARA dech tapi ini bukan ajak beli atao jual...",BSIM,12:59:04 PM,Tuesday March 30 2021,Negatif
Dita Rissa,"Membalas : Dan kemungkinan ARB nya lebih dr ARTO juga.....
Lah ya smw itu ARB wajar, masalahnya masuknya ya jgn dipucuk... Masuk nya sekarang pas msh murah klo masuk ntar pas 10 rb ya telat wkwkwk",ARTO,12:38:59 PM,Tuesday March 30 2021,Negatif
Kaanz',"Membalas : ANTM kira kira bisa ke 3.500 ngga pak?
Ke 2700 aja belum mampu pak  , masih tektokan",ANTM,12:37:49 PM,Tuesday March 30 2021,Negatif
Jim,"Membalas : Aset lbh dr ARTO, Profitnya msh ok, reputasi ok, kesiapan infra lbh ok dan ini OVO + Grab yg size-nya lbh besar menurut data unt
Dan kemungkinan ARB nya lebih dr ARTO juga.....",ARTO,12:36:37 PM,Tuesday March 30 2021,Negatif
GoesWan,"Kondisi IHSG skrg, kurang bagus nahan barang lama. Main On Day Trading aja.",MAIN,12:34:25 PM,Tuesday March 30 2021,Negatif
Fadli,"Membalas : BACA masih bisa masuk ga yah
kalo turun siap ga pak",BACA,12:31:23 PM,Tuesday March 30 2021,Negatif
widhi,"ramaikan BSIM dong yok, sedih bgt sepi ",BSIM,12:21:26 PM,Tuesday March 30 2021,Negatif
Calvin irawan,"Membalas : ERAA yang mau stocksplit juga tak bergeming.
Market nya gk kondusif pak  ",ERAA,11:38:08 AM,Tuesday March 30 2021,Negatif
rigeladitya,ERAA yang mau stocksplit juga tak bergeming.,ERAA,11:37:18 AM,Tuesday March 30 2021,Negatif
Yudha,"PTPP perusahaan bagus dibanding wskt, tapi ikutan arb  ",PTPP,10:49:23 AM,Tuesday March 30 2021,Negatif
Humam,Cent ayo turun lagi,CENT,10:36:31 AM,Tuesday March 30 2021,Negatif
Faliq H,ayo CENT turunin lagiii,CENT,10:34:38 AM,Tuesday March 30 2021,Negatif
Puspita Wardani,"Membalas : Swf gagal? Sekelas opung luhut masa ngeprank   *saya gapunya barang
Kan kpn hr abis di prank soal TESLA   bkn gk mgkn SWF jg prank  ",MASA,10:16:50 AM,Tuesday March 30 2021,Negatif
Rocky Thohir,Gila bbri ambrol,BBRI,10:15:20 AM,Tuesday March 30 2021,Negatif
Yudha,Swf gagal? Sekelas opung luhut masa ngeprank   *saya gapunya barang,MASA,10:14:51 AM,Tuesday March 30 2021,Negatif
Vincent HH,"Wskt besok arb lg
Ni pasti udah mentok dia arb",WSKT,10:10:24 AM,Tuesday March 30 2021,Negatif
Lee Khong Huan,WSKT dikasih ke ma200 nggak ya? Masih kurang turun 14%an lagi...alias 2x ARB   ,WSKT,9:47:59 AM,Tuesday March 30 2021,Negatif
Dharma Djiauw  ,"Membalas : Iyaa...ud 2 mg hidup segan mati tak mau   nyangkut di 205
Kalo masih dalam plan ya blm nyangkut itu, definisi nyangkut kalo udh lewat batas SL tp ga di SL turun trs",PLAN,9:37:40 AM,Tuesday March 30 2021,Negatif
Luky,"Membalas : Wskt : was was mikirin harta
abs CL barusan, masuk gara2 kena php kmarin di 1300an... wkwkwkwk",WSKT,9:37:19 AM,Tuesday March 30 2021,Negatif
Aliong,Wskt : was was mikirin harta,WSKT,9:36:39 AM,Tuesday March 30 2021,Negatif
RBTAN59,"Membalas : CNBC Indonesia https://www.cnbcindonesia.com/market/20210329220801-17-233813/duh-3-tahun-saham-matahari-ramayana-cs-gak-pernah-c
nah berita sentimen negative ini bisa kebalikan dr wskt kita saksikan sebentar lg  ",WSKT,8:54:50 AM,Tuesday March 30 2021,Negatif
Daniel Bong,"Membalas : Photo
Ini cuma analisa pribadi tapi waktulah yang membuktikan
Bebas saja semua orang bisa berasumsi tapi kalau ruginya begitu ini sangat berbahaya
Hanya org yg kelebihan uang yg mau serok",UANG,8:05:54 AM,Tuesday March 30 2021,Negatif
Daniel Bong,"WSKT kmr byk yg rekomen buy termasuk para analis hs ,elen may dll.  Pertanyaannya koq bisa ga tau begitu parahnya keuangan WSKT saya yakin byk bgt korban berjatuhan",WSKT,7:56:23 AM,Tuesday March 30 2021,Negatif
Jay Jay,"Membalas : Sy sbnrnya mau trading di WSKT ini. Kdg bingung jg mau CL tau2 malah dibawa naek. Belakangan ini pola EM trade juga begitu. Yg s
Kuat tahan lama ga? Jeleknya pemerintah ga ada duit. Mo bantu paling dikit. Berharap jualan tol ke luar atau ina. Proyek ga akan banyak dulu, pendanaan susah, kecuali dpt surat jaminan dari pemerintah. 

Perbaikan akan ada, tapi lambat","POLA,WSKT",7:48:32 AM,Tuesday March 30 2021,Negatif
Hauw,"Membalas : Pagi hu. Wskt sy nyangkut 15%. Baiknya CL saja apa gimana ya? Klo semalam ntn live EM suruh invest aja katanya. Jd bingung...
Jangan invest di WSKT
1200 itu dia ada gap, hari ini mungkin ada pantulan",WSKT,7:42:04 AM,Tuesday March 30 2021,Negatif
CHR27,"Membalas : Bapak niatnya bgmn, trading atau investasi? Kalau trading harusnya dr awal sudah pasang stoploss, ga akan lg ada kata nyangkut s
Sy sbnrnya mau trading di WSKT ini. Kdg bingung jg mau CL tau2 malah dibawa naek. Belakangan ini pola EM trade juga begitu. Yg swing kena level stoploss, lalu klo gak mau stoploss ya jadi investing aja. Cm yg jd mslh dgn ada berita begini jd bingung apakah layak wskt ini di invest?","POLA,WSKT",7:41:43 AM,Tuesday March 30 2021,Negatif
Yudha,"Membalas : Pagi hu. Wskt sy nyangkut 15%. Baiknya CL saja apa gimana ya? Klo semalam ntn live EM suruh invest aja katanya. Jd bingung...
Bapak niatnya bgmn, trading atau investasi? Kalau trading harusnya dr awal sudah pasang stoploss, ga akan lg ada kata nyangkut selama stoploss belum terpenuhi, sekalipun sudah terkena SL yasudah, risk trading sebelumnya harus sudah ditentukan seberapa dalam yang bisa diterima jika posisi yang diambil salah..",WSKT,7:37:31 AM,Tuesday March 30 2021,Negatif
Ary,"Membalas : Photo
Biasanya kalo pas kemaren saya perhatikan arb dari bank bvic dan bgtg sama inpc pada nyesel jual arb tapi ya emang pait banget bisa sampe lossnya di 40%,karena ketika lot order di akum bandar itu bisa naik lagi dari arb sampe 10%, banyak yang average pas bandar akum jadi lossnya bisa ketutup.
Membalas : Biasanya kalo pas kemaren saya perhatikan arb dari bank bvic dan bgtg sama inpc pada nyesel jual arb tapi ya emang pait banget b
3 bank tersebut diakum sehari sama MG
","BANK,BGTG,BVIC,INPC",10:58:03 PM,Monday March 29 2021,Negatif
stefanus,"Membalas : Jangan dulu kak, seminggu lagi lah ditahan dulu ...   
CENT dluan ya yg ath ",CENT,9:56:41 PM,Sunday April 4 2021,Positif
Kaanz',"Membalas : Saya tetap di saham dulu kak, belum 1 tahun, masi bayi merangkak ini, mau nekunin disini dulu saja
SAME menuju ATH ci  
Semoga breakout pekan ini  @RuiAuxilia
",SAME,9:53:49 PM,Sunday April 4 2021,Positif
Lee Khong Huan,"Membalas : Besok kira"" msh rme hunter dividen g ya.,PTBA rups.,  
Ptba biasanya dividennya lumayan",PTBA,8:52:18 PM,Sunday April 4 2021,Positif
Andre Salim,ntar bbca tanda2 reversal baru rame lagi,BBCA,8:43:54 PM,Sunday April 4 2021,Positif
Al Blenk,"Besok kira"" msh rme hunter dividen g ya.,PTBA rups.,  ",PTBA,7:39:42 PM,Sunday April 4 2021,Positif
Jee Satya MantabBro,"Membalas :   Semoga besok rebound kenceng ya Bu....
Harus tuh, gila bener market d sini kalo gak rebon",SINI,7:39:40 PM,Sunday April 4 2021,Positif
Benanta,"Membalas : Jujur saya juga buta bgt karena ga mau belajar.. Padahal bos saya dlu beli BTC waktu masih 12 jutaan via bank BCA dlu ga tau gmn
Ebusett,, skrg uda brp itu ya   tapi klo liat cuannya ya gtu bukan ratusan % lagi 3 Bln bisa ribuan %",BANK,6:25:58 PM,Sunday April 4 2021,Positif
Benanta,"Membalas : Lihat dr chart sebelum ada isu gabung gojek saja sudah kliatan pak. Emiten begitu tapi ajib gorengnya dari 200- 5000 bolak balik
Tiap taun ada aja ya yg mega cuan ya pak seblum arto dulu ada tcpi yg joss juga dari 100an ke 8000  ","ARTO,MEGA,TCPI",1:00:39 PM,Sunday April 4 2021,Positif
Charles Prop,"Membalas : ARTO itu ada yg serap RI di 138
Lihat dr chart sebelum ada isu gabung gojek saja sudah kliatan pak. Emiten begitu tapi ajib gorengnya dari 200- 5000 bolak balik. 
",ARTO,12:16:49 PM,Sunday April 4 2021,Positif
Hauw,"ARTO itu ada yg serap RI di 138
Mereka yg skrg bandarin",ARTO,12:12:55 PM,Sunday April 4 2021,Positif
darno Ketagihan richeese nabati,"Saya hanya bilang aja kalau sebentar lagi meroket ngajak cuan bareng  ,

Kalau BBRI jebol 3.960 stop los aja ",BBRI,7:21:39 AM,Sunday April 4 2021,Positif
darno Ketagihan richeese nabati,"Investor retail mari kita serok ,mau bagi deviden",MARI,12:42:53 AM,Sunday April 4 2021,Positif
Kaanz',"Membalas : CENT dluan ya yg ath 
Besok turun dulu ya om 
",CENT,9:57:44 PM,Sunday April 4 2021,Negatif
Fajar Oktavaria,"Membalas : Nah itu, tar kayak dmas, dalem jatuhnya. Tp itmg terakhir dividen yg lalu ga dibanting.
Iya itmg ga kebanting banget tapi kalau ptba langganannya kebanting saat ex date","DMAS,ITMG,PTBA",9:00:37 PM,Sunday April 4 2021,Negatif
Lee Khong Huan,"Membalas : Tapi setiap bagi dividen, koreksinya lumayan juga jadi entrynya mesti bener tapi kalau memang tujuannya invest atau minimal hold
Nah itu, tar kayak dmas, dalem jatuhnya. Tp itmg terakhir dividen yg lalu ga dibanting.","DMAS,ITMG",8:59:19 PM,Sunday April 4 2021,Negatif
Erich,arb lgsg ini grup   kayak bri dikepret agro kmrn  ,AGRO,8:02:13 PM,Sunday April 4 2021,Negatif
Arif Robani,"Membalas : Crypto = gorengan 24jam Yg arb 7% aja ga kuat, jgn harap bisa bobo kl main crypto. Taunya pas bobo diguyur aja hmmmm
Nah, tadi pagi dibanting abis.. untung malemnya udah tp",MAIN,6:57:44 PM,Sunday April 4 2021,Negatif
apieth,"Crypto = gorengan 24jam
Yg arb 7% aja ga kuat, jgn harap bisa bobo kl main crypto. Taunya pas bobo diguyur aja hmmmm",MAIN,6:56:52 PM,Sunday April 4 2021,Negatif
Benhan,"Membalas : Tergantung merknya pak  
Kalau UNVR bandarnya main short sell terus...  ","MAIN,UNVR",10:50:19 AM,Sunday April 4 2021,Negatif
Kang Ngomel,Saatnya pindahin uang ke rdpu dan waktunya liburan sambil investasi leher keatas lagi  ,UANG,10:26:50 PM,Monday April 5 2021,Positif
Rays_Man,"Membalas : KONTAN.CO.ID - JAKARTA. PT Bukit Asam Tbk (PTBA) memutuskan akan membagikan dividen sebesar Rp 835 miliar. Jumlah ini setara 35%
lgs kabur pindah ITMG  ",ITMG,9:46:46 PM,Monday April 5 2021,Positif
Kaanz',"Membalas : ga usa buru2..tutup aja smua gap dlo sampai yg plg bawah     duit iseng2 taro koin dlo..
Coin mana coin?  Lagi hot topic ",KOIN,8:44:33 PM,Monday April 5 2021,Positif
Evi Berliana,Pakde @hmasori apakah right issue SMRA akan bernasib baik seperti SAME ? Share sedikit insight nya Pak... ,"SAME,SMRA",8:36:19 PM,Monday April 5 2021,Positif
Ahmad Rifai,Kelamaan pindah ke yg laen aj bsde udh mulai akum,BSDE,8:04:37 PM,Monday April 5 2021,Positif
Evi Berliana,"SMRA mau right issue, gimana pendapat para suhu? Menarik kah ditengah keringnya IHSG?
Ini adalah foto",SMRA,7:57:43 PM,Monday April 5 2021,Positif
AAN,"Membalas : https://investasi.kontan.co.id/news/rugi-bersih-sarana-meditama-metropolitan-same-naik-jadi-rp-449-miliar-di-2020
Q4 nya malah laba lho pakdhe


Omset meningkat..

Q1 s.d Q3 ngga usah dilihat soalnha kan masih manajemen lama wkwkw",SAME,4:51:00 PM,Monday April 5 2021,Positif
41056 (Rizki Putra Perdana),"Membalas : Bisa ndelosor lagi nihh, volume nya biasanya diatas 15T hari ini cuma 8T.
gimana gak lari ke koin.., satu koin tier 2 aja sehari value transaksi nya bisa 16 Trilyun  ","KOIN,SATU",4:42:44 PM,Monday April 5 2021,Positif
David,Smua ke koin haha,KOIN,4:23:45 PM,Monday April 5 2021,Positif
Nanang Eko,"Membalas : anak pungut, pak   suka dibedain sama bandar
Bandarnya cash out jg mungkin pak migrasi ke coin jg 
Membalas : hari ini tetangga ijo loh  
Rumput tetangga lebih hijau dan lebat pak carik ",CASH,4:05:39 PM,Monday April 5 2021,Positif
Eru Yagami,ICBP PTBA PGAS masih murah2.,"ICBP,PGAS,PTBA",2:58:56 PM,Monday April 5 2021,Positif
Dave Sa'id,"LPPF kalau berhasil break ema50
Ini adalah foto",LPPF,2:52:12 PM,Monday April 5 2021,Positif
Kris,"Bjbr, bjtm kalau mau invest oke Pak.. Dlu sy juga nyangkut waktu crash dan bs balik + dividen yg lumayan.. Utk unvr cons good sy lbh oke SIDO.. hmsp ini yg berat.. Maybe kalau ada perubahan uandang2 ttg cukai rokok ada titik terang nya.. Sisa nya gak bs komen pak, krn blm pernah","BJBR,BJTM,GOOD,HMSP,SIDO,UNVR",2:36:50 PM,Monday April 5 2021,Positif
RBTAN59,ayo om pillay.. ara kan mppa nya spy cepet balik piutang nya jg dah deket puasa bakal rame pengunjung matahari nya    ,MPPA,1:58:11 PM,Monday April 5 2021,Positif
Benhan,"Pintar ya EMTK, habis akuisisi SAME dipakai buat cari modal untuk jual EMC punya dia... keren abis eksekusinya.
Cek aja modal dia keluar berapa dan dapatnya berapa dlm bentuk aset maupun market cap","EMTK,SAME",1:29:05 PM,Monday April 5 2021,Positif
Andreas Teddy,"Membalas : Benhan itu SAME sdh keluar info mau RI lagi, hayuk2 rapatkan barisan, kita diskusi lagi
loh iya ya? wah coba ikutan ah kali ini, kemarin2 cuma buat swing trade aja di SAME  ",SAME,1:26:56 PM,Monday April 5 2021,Positif
Rui :rocket: :speedboat::dancer: ,"Benhan itu SAME sdh keluar info mau RI lagi, hayuk2 rapatkan barisan, kita diskusi lagi   
",SAME,1:04:44 PM,Monday April 5 2021,Positif
William Limanto,"Membalas : Bbri bole serok suhu?  
Supportnya klo di fibo saya 4150, Resistnya 4270",BBRI,12:34:52 PM,Monday April 5 2021,Positif
F. Setiawan,Bbri bole serok suhu?  ,BBRI,12:32:30 PM,Monday April 5 2021,Positif
William Limanto,"Membalas : Liat di ipot hari ini sih cum date nya, sudah ada nominal nya juga
Wah, terima kasih infonya, saya bbri brusan beli kmaren jumat gtw klo hri ini cumdatenya",BBRI,12:31:47 PM,Monday April 5 2021,Positif
Andreas Teddy,"Membalas : Oiya bbri cumdate hri ini?
Liat di ipot hari ini sih cum date nya, sudah ada nominal nya juga",BBRI,12:30:00 PM,Monday April 5 2021,Positif
William Limanto,Oiya bbri cumdate hri ini?,BBRI,12:29:36 PM,Monday April 5 2021,Positif
Taufiq,wskt td pas minus 4 persen yp msh dikit banget. Pas mulai minus 5/6 persen tiba2 yp langsung diatas 10 m. Nih bolpen pa siapa ya.,WSKT,12:21:27 PM,Monday April 5 2021,Positif
Jimmy,"Membalas : WSKT udah avg down bbrp kali smpe 30% dr total porto...biasanya 1saham 10% dr porsi total...skrg minus 17%     ancur2an wskt...
Sabar dikit lagi WSKT   Angka 1055 ini bagus untuk diperhatikan. Moga moga ga nembus ke bawahnya.",WSKT,11:28:56 AM,Monday April 5 2021,Positif
Erich,sudah rapat kan itmg hari ini,ITMG,11:13:24 AM,Monday April 5 2021,Positif
Syrf Maulana,"Membalas : Banyak pengungsi dari PTBA pak 
Oalahh pantesan ITMG lancar laju nya  ","ITMG,PTBA",11:10:45 AM,Monday April 5 2021,Positif
Hanief Abdur Rahman,"Membalas : ITMG tumben nih   
Banyak pengungsi dari PTBA pak ","ITMG,PTBA",11:09:47 AM,Monday April 5 2021,Positif
Syrf Maulana,ITMG tumben nih   ,ITMG,11:09:08 AM,Monday April 5 2021,Positif
Jafar Sim,"PTBA dividen sekitar 72.45 perak
Dividen payout ratio 35%
Yield sekitar 2.7%

maish belum fix yah",PTBA,11:08:58 AM,Monday April 5 2021,Positif
Lee Khong Huan,itmg kok beraksi sendirian dari grup coal? ada news apa ya?,ITMG,11:08:57 AM,Monday April 5 2021,Positif
Carlo Micelli,"Membalas : buset ptba nya dibuang2 divnya jelek paling
Gpp, ntar juga naek lagi Q3-4 sesuai harga coal, hehe",PTBA,10:58:17 AM,Monday April 5 2021,Positif
Jimmy,WSKT kenangan masa lalu. Sempet 100% lebih awal tahun.  Biarkan jadi kenangan indah  ,"MASA,WSKT",10:35:43 AM,Monday April 5 2021,Positif
Mas Bro,ITMG diam2 to the moon  ,ITMG,10:03:25 AM,Monday April 5 2021,Positif
45$$3 Chandera Husin,Sepertinya EXCL mau mulai terbang..... Guys........ YU sudah akum seminggu..... beli terus...,EXCL,9:59:51 AM,Monday April 5 2021,Positif
Ninonino:ambulance::ambulance:,Mari same essa opms naiknya signifikan bgt ya om,"ESSA,MARI,OPMS,SAME",9:53:36 AM,Monday April 5 2021,Positif
Mic,MLPL FLY THE MOON,MLPL,9:39:10 AM,Monday April 5 2021,Positif
Ninonino:ambulance::ambulance:,"Membalas : Om om disini saya masih 17 tahun, mau nanya boleh ga om?
Prospek tfas gmna ya om? Dulu beli tfas di 600an alhamdulillah naik smpe skrng, cmn masi bingung. Gmna prospeknya, cuman baca berita bgini begitu  ","BACA,TFAS",9:26:17 AM,Monday April 5 2021,Positif
Aliong,Ntah kenapa setiap mau mencet buy tp kalo bbri lewat itu hati jadi deg2 an,BBRI,9:02:16 AM,Monday April 5 2021,Positif
SC,"Membalas : Bandar ihsg gocekan nya serem, alhasil pada pindah ke koin2an?
Iya. Gocekan bandar ihsg bkin mules.  trading di koin enak. Murni TA. Bru 30 mnt cuan 20% di koin",KOIN,8:04:44 AM,Monday April 5 2021,Positif
Aliong,"Bursa asia sama eropa beberapa libur, kang copet pd maen koin semua ini, banyak koin yg all time high :rocket:

Meanwhile ihsg : :money_with_wings:",KOIN,10:41:11 PM,Monday April 5 2021,Negatif
nathan,Itmg juga kecil pak di bawah 1% ,ITMG,9:47:19 PM,Monday April 5 2021,Negatif
Severinus Utomo,"Membalas : SMRA di antara emiten property yg laen lg d distribusi udh 5 harian ga tau knp, semoga bsok stop distribusi -_-
Distribusi lagi dong masih mau nawar lebih murah lagi wkwkwk",SMRA,8:02:58 PM,Monday April 5 2021,Negatif
Ahmad Rifai,"SMRA di antara emiten property yg laen lg d distribusi udh 5 harian ga tau knp, semoga bsok stop distribusi -_-",SMRA,8:02:15 PM,Monday April 5 2021,Negatif
atmajaya terry,"WSKT, PTPP mau kemana ini? After Gentlement talk malah loyo","PTPP,WSKT",3:52:59 PM,Monday April 5 2021,Negatif
Eru Yagami,sekarang saham2 blue chip lagi pada downtrend semua. saya kurang tau penyebabnya,BLUE,3:08:11 PM,Monday April 5 2021,Negatif
Ronny,"Membalas : Iya saya juga sempat baca, jika mau invest harus pilih saham, untuk apa invest jangka panjang jika profit yg didapat tidak seban
Pbv nya unvr udah ketinggian. Susah buat naek lg. Alihin yg lain aja.
Kondisi market begini jgn dilawan, makin trading malah makin boncos nanti","BACA,UNVR",2:57:28 PM,Monday April 5 2021,Negatif
Jafar Sim,"Ihsg oohh ihsg saya tidak kuat mental, barusan saya CL dmmx di 430",DMMX,2:52:55 PM,Monday April 5 2021,Negatif
DapurEka,"Membalas : Waduh @DapurEka saya berharap kondisi cepat pulih Tp menurut sya kalo seandainya worst case butuh waktu 2 tahun utk balikin mod
Tidak ada yg tau nasib kedepan seperti apa, saya pun juga tidak tau bagaimana dunia persahaman karena baru join 2021, maka dari itu saya bertanya adakah masukan dari para senior di dunia persahaman jika menggunakan uang dingin + memiliki saham yg minusnya sudah dalam, apakah untuk dijadikan investasi jangka panjang akan baik

Untuk UNVR sendiri meski minus sudah dalam memang tidak ada pikiran untuk CL, karena saham bluechip jadi lebih aman untuk investasi jangka panjang. Hanya saja saya khawatir dengan TINS","AMAN,TINS,UANG,UNVR",2:38:49 PM,Monday April 5 2021,Negatif
Petro,"Tins lapkeu jelek, yg punya hati2, lapkeu jelek pada diturunin",TINS,2:34:22 PM,Monday April 5 2021,Negatif
Researcher,"Membalas : Photo
kalo trading beli di pucuk baru jual sekarang boncosnya gede, kalo invest juga fundamentalnya wskt ancur  ",WSKT,1:12:16 PM,Monday April 5 2021,Negatif
Hauw,"Membalas : Photo
Lha tp uda dibilang kmrn2 kan di sini
Realisasi SWF jelek, out
Makanya ini alasan analisa fundamental aliran kaca spion suka kalah pas angka di laporan keuangan bagus semua harganya udah sampe langit",SINI,1:11:16 PM,Monday April 5 2021,Negatif
Panji Wirawan,Ini tp wkr lapkeu kluar jg kalau ga slh dr akuntan yg audit jg mempertanyakan kelangsungan usaha dr wskt...soalny amburadul parah,WSKT,11:34:14 AM,Monday April 5 2021,Negatif
Adion,"Membalas : WSKT udah avg down bbrp kali smpe 30% dr total porto...biasanya 1saham 10% dr porsi total...skrg minus 17%     ancur2an wskt...
Ke makan swf dlu skrg -39%",WSKT,11:19:21 AM,Monday April 5 2021,Negatif
Panji Wirawan,WSKT udah avg down bbrp kali smpe 30% dr total porto...biasanya 1saham 10% dr porsi total...skrg minus 17%     ancur2an wskt...,WSKT,11:18:38 AM,Monday April 5 2021,Negatif
Vetty Wei,"Membalas : Sy -30% . Mau CL gimana, gak CL serasa di iris   
Samaaaa   tar kuat turun sampe brp ni wskt...baru benerin porto, untung dr awal ga prnh average down",WSKT,11:11:41 AM,Monday April 5 2021,Negatif
Bagger Hunter,"Membalas : PTBA dividen sekitar 72.45 perak Dividen payout ratio 35% Yield sekitar 2.7% maish belum fix yah
Pantesan merah lumayan",PTBA,11:10:02 AM,Monday April 5 2021,Negatif
Andreas Teddy,BBRI cum date dividen hari ini tapi malah dibuang ya  ,BBRI,11:09:56 AM,Monday April 5 2021,Negatif
D F,"DPR PTBA tahun ini ternyata anjlok jadi hanya 35%, dividennya hanya sekitar Rp 72/lembar dan itu berarti dividen yieldnya hanya sekitar 2,7%.  

Mungkin bandar udah tau info ini jauh lebih dulu yaa, makanya dia distribusi terus.  
Ini adalah foto",PTBA,11:06:34 AM,Monday April 5 2021,Negatif
Billy,"Membalas : PTBA pun digebuki?
kecil dividendnya menurut rumor",PTBA,11:06:02 AM,Monday April 5 2021,Negatif
hery,PTBA pun digebuki?,PTBA,11:04:35 AM,Monday April 5 2021,Negatif
Andre Salim,buset ptba nya dibuang2 divnya jelek paling,PTBA,10:56:20 AM,Monday April 5 2021,Negatif
Dito,"FILM dibuka hampir ARA, tetapi sekarang menuju ARB  begitulah nasibnya kalo ada si VVIP tukang guyur  ",FILM,10:42:18 AM,Monday April 5 2021,Negatif
Doni Tata,"buat yg punya WSKT hati"". konstruksi BUMN yg paling ancur. rugi 7T itu benar adanya. di lapangan byk proyek yg mangkrak dan gaji pernah telat 2 minggu #infolapangan",WSKT,10:38:07 AM,Monday April 5 2021,Negatif
Yudha,WIKA yang terlihat strong kemarin ikut kebantai hari ini. Gapunya barang di konstruksi sih tp tega bgt ini bandarnya guyur   semoga yg didalem diberikan kesabaran,WIKA,10:33:29 AM,Monday April 5 2021,Negatif
Erich,pindahkan ptpp sm wskt ke bursa crypto aja    ,"PTPP,WSKT",10:24:14 AM,Monday April 5 2021,Negatif
Puspita Wardani,"Membalas : Cent ga jebol"" 300 ya om
Sdh saatnya turun dulu, kemarin2 dikasih naik trs tiap hr, skrg dy lg istirahat dulu  ",CENT,10:23:59 AM,Monday April 5 2021,Negatif
Chai Lie,PTPP WSKT masuk kubur,"PTPP,WSKT",10:22:54 AM,Monday April 5 2021,Negatif
hery,PTPP WSKT masuk kandang,"PTPP,WSKT",10:20:43 AM,Monday April 5 2021,Negatif
Mimi,"Membalas : Sedih bgt liat wskt   
Ga kuat naik dh -24% sy  ",WSKT,10:16:08 AM,Monday April 5 2021,Negatif
CHR27,Sedih bgt liat wskt   ,WSKT,10:14:23 AM,Monday April 5 2021,Negatif
"IHSGUYURAN BLM NGEPRANK, APRIL MOP HATI2 PREPARE IF MARKET CRASH","Kan sdh sy warning film kmarin hti2 blm ad distribusi situ yg nafsuan salah sndri jgn salahkan pom2.lg ya...tu bakal di arb 50% dr harga high..

Klo ga tau cra masuk dan keluar ga ush ikt2 deh nnt dah nyangkut bru sibuk..

Klo saya si sambil ngopi sambil nonton dan nunggu bgitu ihsg stabil fil kembali ke angka 300an.. /250 baru sy pertimbangkan",FILM,10:03:51 AM,Monday April 5 2021,Negatif
rahmad,apakah wskt arb lagi?,WSKT,9:58:02 AM,Monday April 5 2021,Negatif
Arif Robani,Film dibanting,FILM,9:44:29 AM,Monday April 5 2021,Negatif
Andre Salim,BBRI confirm dotop?,BBRI,9:14:00 AM,Monday April 5 2021,Negatif
hery,BBRI buangan belum selesai,BBRI,9:01:37 AM,Monday April 5 2021,Negatif
Ronny,"Membalas : Iya. Gocekan bandar ihsg bkin mules. trading di koin enak. Murni TA. Bru 30 mnt cuan 20% di koin
Banyak yg bilang gocekan bandar. Padahal bandar ga gocek apa2. Kemaren2 turun murni karena bandar withdraw fund buat taro di koin  ",KOIN,8:06:29 AM,Monday April 5 2021,Negatif
Benanta,"Membalas : Ga masuk akal itu Bank Net, ipo harga 135
Next TCPI itu bisa dibawa 8000an :ghost: ","BANK,TCPI",8:26:51 PM,Tuesday April 6 2021,Positif
Kaanz',Ada yang bilang ZBRA back dor listing? Gimna prospeknya?,ZBRA,8:20:57 PM,Tuesday April 6 2021,Positif
Kaanz',"Membalas : Klo yg Ara itu hati2 main jorok pasti ujung2nya Arb ini cent sekali pun blm pernh Ara msin nya slow tp pasti
Hahaha betul pak justru yang ARA tanpa koreksi itu bahaya ","CENT,MAIN,MSIN",8:03:14 PM,Tuesday April 6 2021,Positif
Aho Lie,"Membalas : Masa ihsg merah ini ijo, semoga kalo indeks ijo ini masih tebel ijo
Justru itu makin tebel ijonya cent       
Semoga kyk arto 4x.lipat ","ARTO,CENT,MASA",7:56:31 PM,Tuesday April 6 2021,Positif
Kaanz',"Membalas : Hajar terus bursa klo sinyal bilg untung  
Masa ihsg merah ini ijo, semoga kalo indeks ijo ini masih tebel ijo ",MASA,7:55:53 PM,Tuesday April 6 2021,Positif
David,Bank hebaty,BANK,7:50:28 PM,Tuesday April 6 2021,Positif
Kaanz',"Membalas : CENT perjalanan masih panjang, TP terus masuk lagi juga bisa jadi strategi valid. Saya tadi TP sebagian di 290 dan mungkin besok
    mantul pak benhan memang si CENT ini saya buat jangka menengah  dari kemaren tektokan disitu aja saya tutup porto ijo merah"" merah , tapi masih cuan",CENT,7:15:34 PM,Tuesday April 6 2021,Positif
Benhan,"Membalas : Saya lepas kalo jebol situ pak eh ternyata di tarik balik , dari minus jadi ijo lagi, tapi untungnya di buat nutupin saham la
CENT perjalanan masih panjang, TP terus masuk lagi juga bisa jadi strategi valid. Saya tadi TP sebagian di 290 dan mungkin besok masuk lagi kalau pullback",CENT,7:05:26 PM,Tuesday April 6 2021,Positif
Aho Lie,"Membalas : Hahaha pak faliq juga ikutan , cent penyelamat porto 
Bener pembalikan dari rugi jd untung ",CENT,6:56:39 PM,Tuesday April 6 2021,Positif
Kaanz',"Membalas : Ayuk tak temenin, meskipun avg bawah tapi diayun2 sedep juga ya
Hahaha pak faliq juga ikutan , cent penyelamat porto ",CENT,6:53:23 PM,Tuesday April 6 2021,Positif
Faliq H,"Membalas : Sama , swing aku om target masih jauh, sambil nunggu corporate action cent
Ayuk tak temenin, meskipun avg bawah tapi diayun2 sedep juga ya  ",CENT,6:52:09 PM,Tuesday April 6 2021,Positif
Aho Lie,"Membalas : Ijo atau merah om , CENT ku masih ijo nih 
Ijo tunggu besok lebh ijo lg  ",CENT,6:39:16 PM,Tuesday April 6 2021,Positif
Kaanz',"Ijo atau merah om , CENT ku masih ijo nih ",CENT,6:38:34 PM,Tuesday April 6 2021,Positif
Benhan,"Mantap banget nih Vibration Law-nya Mas @JuthaBram  
Membalas : Photo
Saudaranya ASSA panen besar hari ini. Besok giliran ESSA?","ASSA,ESSA",6:25:47 PM,Tuesday April 6 2021,Positif
Jee Satya MantabBro,"Membalas : pantesan buy wmuu di harga terakhir sblum penutupan, td ga ada yg nyambar
Brati mau naik tu om, biasanya lho ya..., saya gak amati soalnya. Tapi kalo langsung sketika bunyi clangg dan masuk, sudah dipastikan besok turun hihi",WMUU,5:27:03 PM,Tuesday April 6 2021,Positif
Muhammad Repi,Pyfa mulai naik di penutupan sesi,PYFA,3:49:00 PM,Tuesday April 6 2021,Positif
Rey,MARI sepertinya mau menembuss ath nyaa,MARI,3:25:27 PM,Tuesday April 6 2021,Positif
Nanang Eko,"Membalas : Berarti (semoga) balik ke pola symmetrical triangles #target 9 april break 6231 ihsg
Smoga april bullish pak ",POLA,3:23:55 PM,Tuesday April 6 2021,Positif
Fajar Oktavaria,"Membalas : iya pak betul, sejauh ini sih CL terus  
padahal di CENT bisa cuan terus kalau entrynya bener pak",CENT,2:59:17 PM,Tuesday April 6 2021,Positif
Andru,":rocket::rocket::rocket::rocket::rocket::rocket::rocket: Adhi, wege, dll cekidot","ADHI,WEGE",2:52:24 PM,Tuesday April 6 2021,Positif
Muhammad Repi,"PYFA mulai dipantau
",PYFA,2:43:53 PM,Tuesday April 6 2021,Positif
OmJhon,"Abba sdh ara 
Apakah MARI menyusul pak?","ABBA,MARI",2:42:00 PM,Tuesday April 6 2021,Positif
Kevin,ABBA kenapa ya bisa terbang,ABBA,2:32:02 PM,Tuesday April 6 2021,Positif
Jose - Aliran - YPC,"Membalas : BCAP kanan kiri EP
biasa ep akum, ntar tau2 ARA or ARB biasanya gitu, tp seringnya terbang sih",BCAP,2:21:58 PM,Tuesday April 6 2021,Positif
bryan,"Membalas : BCAP kanan kiri EP
BCAP lagi di akum, siap' terbang",BCAP,2:21:42 PM,Tuesday April 6 2021,Positif
Eru Yagami,Masih mending PTBA dong dividennya,PTBA,2:21:06 PM,Tuesday April 6 2021,Positif
Carlo Micelli,"ITMG dividen per lembar Rp.411, dividen interim Rp.307 sisanya dibagikan Rp.104

Cum : 15Apr
ExDate : 16Apr",ITMG,2:16:04 PM,Tuesday April 6 2021,Positif
Arif Goenawan,Wskt boleh mulai serok y?,WSKT,1:02:01 PM,Tuesday April 6 2021,Positif
Vasco,"Membalas : Hallo, klo ADHI gimana ya bang pencerahannya
500 bru serok
",ADHI,12:57:32 PM,Tuesday April 6 2021,Positif
RBTAN59,"Membalas : Gpp klo nurut says selama masih dibawa 300 mash aman pak kecuali jeblok
   ntar dah deket cumdate jd 600 an 
kan spt makin jelas om Patrick msh sdg proses akum yg dr public...  ",AMAN,12:33:14 PM,Tuesday April 6 2021,Positif
Chezy,"deviden bjbr 95,74,, yield 6,1% dari harga skrg,, naik dari taun kemaren,
Ini adalah foto
",BJBR,12:06:04 PM,Tuesday April 6 2021,Positif
Ocha,"Bbni mulai lmyn tinggi, bmri smga selanjutnya","BBNI,BMRI",11:49:12 AM,Tuesday April 6 2021,Positif
Jafar Sim,"Membalas : @wealth88 pak, akhirnya DMMXnya membuahkan hasil :) party doong
Saya jual di 430 makanya dia terbang pak    pegang cash 100% sekarang",CASH,10:33:18 AM,Tuesday April 6 2021,Positif
Andru,Assa udah tp  ,ASSA,10:30:23 AM,Tuesday April 6 2021,Positif
Muhammad Repi,Pyfa dilirik,PYFA,10:20:13 AM,Tuesday April 6 2021,Positif
S farisi,dmmx d lirik  ,DMMX,10:14:24 AM,Tuesday April 6 2021,Positif
Muhammad Repi,PYFA menarik,PYFA,10:10:22 AM,Tuesday April 6 2021,Positif
Novine 90210,ath assa  ,ASSA,10:10:09 AM,Tuesday April 6 2021,Positif
Kevin,mina sebelum ara,MINA,10:09:00 AM,Tuesday April 6 2021,Positif
Jisoo,Welcome assa 2000,ASSA,10:07:55 AM,Tuesday April 6 2021,Positif
Imbran Ibnuazis,Assa dikit lg 2000,ASSA,10:07:42 AM,Tuesday April 6 2021,Positif
Kevin,mina mau ara,MINA,10:02:41 AM,Tuesday April 6 2021,Positif
Dimas Syarif Hidayat,waah klo gitu berarti bisa dimasukkan daftar nih WIKA.. tunggu candle ijo dulu laah .. ini konstruksi masih menyeramkan soalnya  ,WIKA,9:55:38 AM,Tuesday April 6 2021,Positif
Soebianto,"BBRI malah kuat sekali, padahal ex cum ya",BBRI,9:42:58 AM,Tuesday April 6 2021,Positif
Muhammag kuncoro,Wskt ijo yukkkk,WSKT,9:31:32 AM,Tuesday April 6 2021,Positif
Muhammag kuncoro,Wskt ayo araaaaa,WSKT,9:25:41 AM,Tuesday April 6 2021,Positif
Ocha,Serok wsbp lumayan,WSBP,9:09:51 AM,Tuesday April 6 2021,Positif
Ronny,"Membalas : Eh ga boleh bully IHSG terus , semoga semsta mendukung hari ini IHSG rebound keceng
semoga bbri mendukung   ",BBRI,8:55:15 AM,Tuesday April 6 2021,Positif
Angga Bhara,"Akra ath nya masih jauh ternyata
Ini adalah foto
",AKRA,7:46:28 AM,Tuesday April 6 2021,Positif
Andreas Teddy,Ga sekalian nyalahin miss EM yang bilang Agro Agro Agro tapi turun  ,AGRO,9:29:06 PM,Tuesday April 6 2021,Negatif
Wafa,"Membalas : 2-3 ARB lagi lah ya https://www.tradingview.com/x/Ee9c4u2Y/
10 kali arb baru dapet uma,trus akhir maret ada transaksi nambah 9 hari lagi arbnya ",TRUS,8:49:52 PM,Tuesday April 6 2021,Negatif
Kaanz',"Membalas : Amit2. 13x ARB tanpa UMA  
Jelas beda  BNBA ARA juga tanpa konsolidasi , bahaya ",BNBA,8:28:40 PM,Tuesday April 6 2021,Negatif
Faliq H,"Membalas : Iyak pak asal jngan kayak BNBA  , setalh naik pesat dihajar  
Amit2. 13x ARB tanpa UMA  ",BNBA,8:27:57 PM,Tuesday April 6 2021,Negatif
Meneer Greg,BNBA arb 13x,BNBA,8:20:49 PM,Tuesday April 6 2021,Negatif
Kaanz',"Membalas : Semoga kyk arto 4x.lipat 
Iyak pak asal jngan kayak BNBA  , setalh naik pesat dihajar  ","ARTO,BNBA",7:59:22 PM,Tuesday April 6 2021,Negatif
Yudha,Same di haki terus ya bund MS duitnya di bid ga abis2  ,SAME,2:34:39 PM,Tuesday April 6 2021,Negatif
Fajar Suryo,apakah WSKT pulang ke 3 digit?,WSKT,9:25:46 AM,Tuesday April 6 2021,Negatif
A T,Film mau arb pada take propit,FILM,9:17:48 AM,Tuesday April 6 2021,Negatif
Fajar Suryo,Sayonara MPPA  ,MPPA,9:14:01 AM,Tuesday April 6 2021,Negatif
Humam,udah tidur dong wskt.. ,WSKT,9:04:21 AM,Tuesday April 6 2021,Negatif
Satrio Wahyu Prasetyo,WSKT langsung arb,WSKT,9:04:06 AM,Tuesday April 6 2021,Negatif
