,Unnamed: 0,Data,User,Pesan,Saham,Jam,Tanggal,Status
4,4,5,stefanus,"Membalas : Jangan dulu kak, seminggu lagi lah ditahan dulu ...   
CENT dluan ya yg ath ",CENT,9:56:41 PM,Sunday April 4 2021,Positif
6,6,7,Kaanz',"Membalas : Saya tetap di saham dulu kak, belum 1 tahun, masi bayi merangkak ini, mau nekunin disini dulu saja
SAME menuju ATH ci  
Semoga breakout pekan ini  @RuiAuxilia
",SAME,9:53:49 PM,Sunday April 4 2021,Positif
17,17,18,Lee Khong Huan,"Membalas : Besok kira"" msh rme hunter dividen g ya.,PTBA rups.,  
Ptba biasanya dividennya lumayan",PTBA,8:52:18 PM,Sunday April 4 2021,Positif
18,18,19,Andre Salim,ntar bbca tanda2 reversal baru rame lagi,BBCA,8:43:54 PM,Sunday April 4 2021,Positif
32,32,33,Al Blenk,"Besok kira"" msh rme hunter dividen g ya.,PTBA rups.,  ",PTBA,7:39:42 PM,Sunday April 4 2021,Positif
33,33,34,Jee Satya MantabBro,"Membalas :   Semoga besok rebound kenceng ya Bu....
Harus tuh, gila bener market d sini kalo gak rebon",SINI,7:39:40 PM,Sunday April 4 2021,Positif
42,42,43,Benanta,"Membalas : Jujur saya juga buta bgt karena ga mau belajar.. Padahal bos saya dlu beli BTC waktu masih 12 jutaan via bank BCA dlu ga tau gmn
Ebusett,, skrg uda brp itu ya   tapi klo liat cuannya ya gtu bukan ratusan % lagi 3 Bln bisa ribuan %",BANK,6:25:58 PM,Sunday April 4 2021,Positif
56,56,57,Benanta,"Membalas : Lihat dr chart sebelum ada isu gabung gojek saja sudah kliatan pak. Emiten begitu tapi ajib gorengnya dari 200- 5000 bolak balik
Tiap taun ada aja ya yg mega cuan ya pak seblum arto dulu ada tcpi yg joss juga dari 100an ke 8000  ","ARTO,MEGA,TCPI",1:00:39 PM,Sunday April 4 2021,Positif
57,57,58,Charles Prop,"Membalas : ARTO itu ada yg serap RI di 138
Lihat dr chart sebelum ada isu gabung gojek saja sudah kliatan pak. Emiten begitu tapi ajib gorengnya dari 200- 5000 bolak balik. 
",ARTO,12:16:49 PM,Sunday April 4 2021,Positif
58,58,59,Hauw,"ARTO itu ada yg serap RI di 138
Mereka yg skrg bandarin",ARTO,12:12:55 PM,Sunday April 4 2021,Positif
76,76,77,darno Ketagihan richeese nabati,"Saya hanya bilang aja kalau sebentar lagi meroket ngajak cuan bareng  ,

Kalau BBRI jebol 3.960 stop los aja ",BBRI,7:21:39 AM,Sunday April 4 2021,Positif
86,86,87,darno Ketagihan richeese nabati,"Investor retail mari kita serok ,mau bagi deviden",MARI,12:42:53 AM,Sunday April 4 2021,Positif
3,3,4,Kaanz',"Membalas : CENT dluan ya yg ath 
Besok turun dulu ya om 
",CENT,9:57:44 PM,Sunday April 4 2021,Negatif
13,13,14,Fajar Oktavaria,"Membalas : Nah itu, tar kayak dmas, dalem jatuhnya. Tp itmg terakhir dividen yg lalu ga dibanting.
Iya itmg ga kebanting banget tapi kalau ptba langganannya kebanting saat ex date","DMAS,ITMG,PTBA",9:00:37 PM,Sunday April 4 2021,Negatif
14,14,15,Lee Khong Huan,"Membalas : Tapi setiap bagi dividen, koreksinya lumayan juga jadi entrynya mesti bener tapi kalau memang tujuannya invest atau minimal hold
Nah itu, tar kayak dmas, dalem jatuhnya. Tp itmg terakhir dividen yg lalu ga dibanting.","DMAS,ITMG",8:59:19 PM,Sunday April 4 2021,Negatif
25,25,26,Erich,arb lgsg ini grup   kayak bri dikepret agro kmrn  ,AGRO,8:02:13 PM,Sunday April 4 2021,Negatif
37,37,38,Arif Robani,"Membalas : Crypto = gorengan 24jam Yg arb 7% aja ga kuat, jgn harap bisa bobo kl main crypto. Taunya pas bobo diguyur aja hmmmm
Nah, tadi pagi dibanting abis.. untung malemnya udah tp",MAIN,6:57:44 PM,Sunday April 4 2021,Negatif
39,39,40,apieth,"Crypto = gorengan 24jam
Yg arb 7% aja ga kuat, jgn harap bisa bobo kl main crypto. Taunya pas bobo diguyur aja hmmmm",MAIN,6:56:52 PM,Sunday April 4 2021,Negatif
67,67,68,Benhan,"Membalas : Tergantung merknya pak  
Kalau UNVR bandarnya main short sell terus...  ","MAIN,UNVR",10:50:19 AM,Sunday April 4 2021,Negatif
3,3,4,Kang Ngomel,Saatnya pindahin uang ke rdpu dan waktunya liburan sambil investasi leher keatas lagi  ,UANG,10:26:50 PM,Monday April 5 2021,Positif
5,5,6,Rays_Man,"Membalas : KONTAN.CO.ID - JAKARTA. PT Bukit Asam Tbk (PTBA) memutuskan akan membagikan dividen sebesar Rp 835 miliar. Jumlah ini setara 35%
lgs kabur pindah ITMG  ",ITMG,9:46:46 PM,Monday April 5 2021,Positif
12,12,13,Kaanz',"Membalas : ga usa buru2..tutup aja smua gap dlo sampai yg plg bawah     duit iseng2 taro koin dlo..
Coin mana coin?  Lagi hot topic ",KOIN,8:44:33 PM,Monday April 5 2021,Positif
14,14,15,Evi Berliana,Pakde @hmasori apakah right issue SMRA akan bernasib baik seperti SAME ? Share sedikit insight nya Pak... ,"SAME,SMRA",8:36:19 PM,Monday April 5 2021,Positif
26,26,27,Ahmad Rifai,Kelamaan pindah ke yg laen aj bsde udh mulai akum,BSDE,8:04:37 PM,Monday April 5 2021,Positif
29,29,30,Evi Berliana,"SMRA mau right issue, gimana pendapat para suhu? Menarik kah ditengah keringnya IHSG?
Ini adalah foto",SMRA,7:57:43 PM,Monday April 5 2021,Positif
37,37,38,AAN,"Membalas : https://investasi.kontan.co.id/news/rugi-bersih-sarana-meditama-metropolitan-same-naik-jadi-rp-449-miliar-di-2020
Q4 nya malah laba lho pakdhe


Omset meningkat..

Q1 s.d Q3 ngga usah dilihat soalnha kan masih manajemen lama wkwkw",SAME,4:51:00 PM,Monday April 5 2021,Positif
43,43,44,41056 (Rizki Putra Perdana),"Membalas : Bisa ndelosor lagi nihh, volume nya biasanya diatas 15T hari ini cuma 8T.
gimana gak lari ke koin.., satu koin tier 2 aja sehari value transaksi nya bisa 16 Trilyun  ","KOIN,SATU",4:42:44 PM,Monday April 5 2021,Positif
44,44,45,David,Smua ke koin haha,KOIN,4:23:45 PM,Monday April 5 2021,Positif
45,45,46,Nanang Eko,"Membalas : anak pungut, pak   suka dibedain sama bandar
Bandarnya cash out jg mungkin pak migrasi ke coin jg 
Membalas : hari ini tetangga ijo loh  
Rumput tetangga lebih hijau dan lebat pak carik ",CASH,4:05:39 PM,Monday April 5 2021,Positif
67,67,68,Eru Yagami,ICBP PTBA PGAS masih murah2.,"ICBP,PGAS,PTBA",2:58:56 PM,Monday April 5 2021,Positif
75,75,76,Dave Sa'id,"LPPF kalau berhasil break ema50
Ini adalah foto",LPPF,2:52:12 PM,Monday April 5 2021,Positif
88,88,89,Kris,"Bjbr, bjtm kalau mau invest oke Pak.. Dlu sy juga nyangkut waktu crash dan bs balik + dividen yg lumayan.. Utk unvr cons good sy lbh oke SIDO.. hmsp ini yg berat.. Maybe kalau ada perubahan uandang2 ttg cukai rokok ada titik terang nya.. Sisa nya gak bs komen pak, krn blm pernah","BJBR,BJTM,GOOD,HMSP,SIDO,UNVR",2:36:50 PM,Monday April 5 2021,Positif
101,101,102,RBTAN59,ayo om pillay.. ara kan mppa nya spy cepet balik piutang nya jg dah deket puasa bakal rame pengunjung matahari nya    ,MPPA,1:58:11 PM,Monday April 5 2021,Positif
108,108,109,Benhan,"Pintar ya EMTK, habis akuisisi SAME dipakai buat cari modal untuk jual EMC punya dia... keren abis eksekusinya.
Cek aja modal dia keluar berapa dan dapatnya berapa dlm bentuk aset maupun market cap","EMTK,SAME",1:29:05 PM,Monday April 5 2021,Positif
111,111,112,Andreas Teddy,"Membalas : Benhan itu SAME sdh keluar info mau RI lagi, hayuk2 rapatkan barisan, kita diskusi lagi
loh iya ya? wah coba ikutan ah kali ini, kemarin2 cuma buat swing trade aja di SAME  ",SAME,1:26:56 PM,Monday April 5 2021,Positif
120,120,121,Rui :rocket: :speedboat::dancer: ,"Benhan itu SAME sdh keluar info mau RI lagi, hayuk2 rapatkan barisan, kita diskusi lagi   
",SAME,1:04:44 PM,Monday April 5 2021,Positif
126,126,127,William Limanto,"Membalas : Bbri bole serok suhu?  
Supportnya klo di fibo saya 4150, Resistnya 4270",BBRI,12:34:52 PM,Monday April 5 2021,Positif
127,127,128,F. Setiawan,Bbri bole serok suhu?  ,BBRI,12:32:30 PM,Monday April 5 2021,Positif
128,128,129,William Limanto,"Membalas : Liat di ipot hari ini sih cum date nya, sudah ada nominal nya juga
Wah, terima kasih infonya, saya bbri brusan beli kmaren jumat gtw klo hri ini cumdatenya",BBRI,12:31:47 PM,Monday April 5 2021,Positif
130,130,131,Andreas Teddy,"Membalas : Oiya bbri cumdate hri ini?
Liat di ipot hari ini sih cum date nya, sudah ada nominal nya juga",BBRI,12:30:00 PM,Monday April 5 2021,Positif
131,131,132,William Limanto,Oiya bbri cumdate hri ini?,BBRI,12:29:36 PM,Monday April 5 2021,Positif
136,136,137,Taufiq,wskt td pas minus 4 persen yp msh dikit banget. Pas mulai minus 5/6 persen tiba2 yp langsung diatas 10 m. Nih bolpen pa siapa ya.,WSKT,12:21:27 PM,Monday April 5 2021,Positif
147,147,148,Jimmy,"Membalas : WSKT udah avg down bbrp kali smpe 30% dr total porto...biasanya 1saham 10% dr porsi total...skrg minus 17%     ancur2an wskt...
Sabar dikit lagi WSKT   Angka 1055 ini bagus untuk diperhatikan. Moga moga ga nembus ke bawahnya.",WSKT,11:28:56 AM,Monday April 5 2021,Positif
154,154,155,Erich,sudah rapat kan itmg hari ini,ITMG,11:13:24 AM,Monday April 5 2021,Positif
157,157,158,Syrf Maulana,"Membalas : Banyak pengungsi dari PTBA pak 
Oalahh pantesan ITMG lancar laju nya  ","ITMG,PTBA",11:10:45 AM,Monday April 5 2021,Positif
162,162,163,Hanief Abdur Rahman,"Membalas : ITMG tumben nih   
Banyak pengungsi dari PTBA pak ","ITMG,PTBA",11:09:47 AM,Monday April 5 2021,Positif
163,163,164,Syrf Maulana,ITMG tumben nih   ,ITMG,11:09:08 AM,Monday April 5 2021,Positif
164,164,165,Jafar Sim,"PTBA dividen sekitar 72.45 perak
Dividen payout ratio 35%
Yield sekitar 2.7%

maish belum fix yah",PTBA,11:08:58 AM,Monday April 5 2021,Positif
165,165,166,Lee Khong Huan,itmg kok beraksi sendirian dari grup coal? ada news apa ya?,ITMG,11:08:57 AM,Monday April 5 2021,Positif
170,170,171,Carlo Micelli,"Membalas : buset ptba nya dibuang2 divnya jelek paling
Gpp, ntar juga naek lagi Q3-4 sesuai harga coal, hehe",PTBA,10:58:17 AM,Monday April 5 2021,Positif
179,179,180,Jimmy,WSKT kenangan masa lalu. Sempet 100% lebih awal tahun.  Biarkan jadi kenangan indah  ,"MASA,WSKT",10:35:43 AM,Monday April 5 2021,Positif
195,195,196,Mas Bro,ITMG diam2 to the moon  ,ITMG,10:03:25 AM,Monday April 5 2021,Positif
197,197,198,45$$3 Chandera Husin,Sepertinya EXCL mau mulai terbang..... Guys........ YU sudah akum seminggu..... beli terus...,EXCL,9:59:51 AM,Monday April 5 2021,Positif
199,199,200,Ninonino:ambulance::ambulance:,Mari same essa opms naiknya signifikan bgt ya om,"ESSA,MARI,OPMS,SAME",9:53:36 AM,Monday April 5 2021,Positif
202,202,203,Mic,MLPL FLY THE MOON,MLPL,9:39:10 AM,Monday April 5 2021,Positif
213,213,214,Ninonino:ambulance::ambulance:,"Membalas : Om om disini saya masih 17 tahun, mau nanya boleh ga om?
Prospek tfas gmna ya om? Dulu beli tfas di 600an alhamdulillah naik smpe skrng, cmn masi bingung. Gmna prospeknya, cuman baca berita bgini begitu  ","BACA,TFAS",9:26:17 AM,Monday April 5 2021,Positif
228,228,229,Aliong,Ntah kenapa setiap mau mencet buy tp kalo bbri lewat itu hati jadi deg2 an,BBRI,9:02:16 AM,Monday April 5 2021,Positif
237,237,238,SC,"Membalas : Bandar ihsg gocekan nya serem, alhasil pada pindah ke koin2an?
Iya. Gocekan bandar ihsg bkin mules.  trading di koin enak. Murni TA. Bru 30 mnt cuan 20% di koin",KOIN,8:04:44 AM,Monday April 5 2021,Positif
2,2,3,Aliong,"Bursa asia sama eropa beberapa libur, kang copet pd maen koin semua ini, banyak koin yg all time high :rocket:

Meanwhile ihsg : :money_with_wings:",KOIN,10:41:11 PM,Monday April 5 2021,Negatif
4,4,5,nathan,Itmg juga kecil pak di bawah 1% ,ITMG,9:47:19 PM,Monday April 5 2021,Negatif
27,27,28,Severinus Utomo,"Membalas : SMRA di antara emiten property yg laen lg d distribusi udh 5 harian ga tau knp, semoga bsok stop distribusi -_-
Distribusi lagi dong masih mau nawar lebih murah lagi wkwkwk",SMRA,8:02:58 PM,Monday April 5 2021,Negatif
28,28,29,Ahmad Rifai,"SMRA di antara emiten property yg laen lg d distribusi udh 5 harian ga tau knp, semoga bsok stop distribusi -_-",SMRA,8:02:15 PM,Monday April 5 2021,Negatif
46,46,47,atmajaya terry,"WSKT, PTPP mau kemana ini? After Gentlement talk malah loyo","PTPP,WSKT",3:52:59 PM,Monday April 5 2021,Negatif
56,56,57,Eru Yagami,sekarang saham2 blue chip lagi pada downtrend semua. saya kurang tau penyebabnya,BLUE,3:08:11 PM,Monday April 5 2021,Negatif
69,69,70,Ronny,"Membalas : Iya saya juga sempat baca, jika mau invest harus pilih saham, untuk apa invest jangka panjang jika profit yg didapat tidak seban
Pbv nya unvr udah ketinggian. Susah buat naek lg. Alihin yg lain aja.
Kondisi market begini jgn dilawan, makin trading malah makin boncos nanti","BACA,UNVR",2:57:28 PM,Monday April 5 2021,Negatif
74,74,75,Jafar Sim,"Ihsg oohh ihsg saya tidak kuat mental, barusan saya CL dmmx di 430",DMMX,2:52:55 PM,Monday April 5 2021,Negatif
86,86,87,DapurEka,"Membalas : Waduh @DapurEka saya berharap kondisi cepat pulih Tp menurut sya kalo seandainya worst case butuh waktu 2 tahun utk balikin mod
Tidak ada yg tau nasib kedepan seperti apa, saya pun juga tidak tau bagaimana dunia persahaman karena baru join 2021, maka dari itu saya bertanya adakah masukan dari para senior di dunia persahaman jika menggunakan uang dingin + memiliki saham yg minusnya sudah dalam, apakah untuk dijadikan investasi jangka panjang akan baik

Untuk UNVR sendiri meski minus sudah dalam memang tidak ada pikiran untuk CL, karena saham bluechip jadi lebih aman untuk investasi jangka panjang. Hanya saja saya khawatir dengan TINS","AMAN,TINS,UANG,UNVR",2:38:49 PM,Monday April 5 2021,Negatif
89,89,90,Petro,"Tins lapkeu jelek, yg punya hati2, lapkeu jelek pada diturunin",TINS,2:34:22 PM,Monday April 5 2021,Negatif
117,117,118,Researcher,"Membalas : Photo
kalo trading beli di pucuk baru jual sekarang boncosnya gede, kalo invest juga fundamentalnya wskt ancur  ",WSKT,1:12:16 PM,Monday April 5 2021,Negatif
118,118,119,Hauw,"Membalas : Photo
Lha tp uda dibilang kmrn2 kan di sini
Realisasi SWF jelek, out
Makanya ini alasan analisa fundamental aliran kaca spion suka kalah pas angka di laporan keuangan bagus semua harganya udah sampe langit",SINI,1:11:16 PM,Monday April 5 2021,Negatif
143,143,144,Panji Wirawan,Ini tp wkr lapkeu kluar jg kalau ga slh dr akuntan yg audit jg mempertanyakan kelangsungan usaha dr wskt...soalny amburadul parah,WSKT,11:34:14 AM,Monday April 5 2021,Negatif
151,151,152,Adion,"Membalas : WSKT udah avg down bbrp kali smpe 30% dr total porto...biasanya 1saham 10% dr porsi total...skrg minus 17%     ancur2an wskt...
Ke makan swf dlu skrg -39%",WSKT,11:19:21 AM,Monday April 5 2021,Negatif
152,152,153,Panji Wirawan,WSKT udah avg down bbrp kali smpe 30% dr total porto...biasanya 1saham 10% dr porsi total...skrg minus 17%     ancur2an wskt...,WSKT,11:18:38 AM,Monday April 5 2021,Negatif
155,155,156,Vetty Wei,"Membalas : Sy -30% . Mau CL gimana, gak CL serasa di iris   
Samaaaa   tar kuat turun sampe brp ni wskt...baru benerin porto, untung dr awal ga prnh average down",WSKT,11:11:41 AM,Monday April 5 2021,Negatif
159,159,160,Bagger Hunter,"Membalas : PTBA dividen sekitar 72.45 perak Dividen payout ratio 35% Yield sekitar 2.7% maish belum fix yah
Pantesan merah lumayan",PTBA,11:10:02 AM,Monday April 5 2021,Negatif
160,160,161,Andreas Teddy,BBRI cum date dividen hari ini tapi malah dibuang ya  ,BBRI,11:09:56 AM,Monday April 5 2021,Negatif
166,166,167,D F,"DPR PTBA tahun ini ternyata anjlok jadi hanya 35%, dividennya hanya sekitar Rp 72/lembar dan itu berarti dividen yieldnya hanya sekitar 2,7%.  

Mungkin bandar udah tau info ini jauh lebih dulu yaa, makanya dia distribusi terus.  
Ini adalah foto",PTBA,11:06:34 AM,Monday April 5 2021,Negatif
167,167,168,Billy,"Membalas : PTBA pun digebuki?
kecil dividendnya menurut rumor",PTBA,11:06:02 AM,Monday April 5 2021,Negatif
169,169,170,hery,PTBA pun digebuki?,PTBA,11:04:35 AM,Monday April 5 2021,Negatif
171,171,172,Andre Salim,buset ptba nya dibuang2 divnya jelek paling,PTBA,10:56:20 AM,Monday April 5 2021,Negatif
174,174,175,Dito,"FILM dibuka hampir ARA, tetapi sekarang menuju ARB  begitulah nasibnya kalo ada si VVIP tukang guyur  ",FILM,10:42:18 AM,Monday April 5 2021,Negatif
176,176,177,Doni Tata,"buat yg punya WSKT hati"". konstruksi BUMN yg paling ancur. rugi 7T itu benar adanya. di lapangan byk proyek yg mangkrak dan gaji pernah telat 2 minggu #infolapangan",WSKT,10:38:07 AM,Monday April 5 2021,Negatif
180,180,181,Yudha,WIKA yang terlihat strong kemarin ikut kebantai hari ini. Gapunya barang di konstruksi sih tp tega bgt ini bandarnya guyur   semoga yg didalem diberikan kesabaran,WIKA,10:33:29 AM,Monday April 5 2021,Negatif
187,187,188,Erich,pindahkan ptpp sm wskt ke bursa crypto aja    ,"PTPP,WSKT",10:24:14 AM,Monday April 5 2021,Negatif
188,188,189,Puspita Wardani,"Membalas : Cent ga jebol"" 300 ya om
Sdh saatnya turun dulu, kemarin2 dikasih naik trs tiap hr, skrg dy lg istirahat dulu  ",CENT,10:23:59 AM,Monday April 5 2021,Negatif
189,189,190,Chai Lie,PTPP WSKT masuk kubur,"PTPP,WSKT",10:22:54 AM,Monday April 5 2021,Negatif
190,190,191,hery,PTPP WSKT masuk kandang,"PTPP,WSKT",10:20:43 AM,Monday April 5 2021,Negatif
192,192,193,Mimi,"Membalas : Sedih bgt liat wskt   
Ga kuat naik dh -24% sy  ",WSKT,10:16:08 AM,Monday April 5 2021,Negatif
193,193,194,CHR27,Sedih bgt liat wskt   ,WSKT,10:14:23 AM,Monday April 5 2021,Negatif
194,194,195,"IHSGUYURAN BLM NGEPRANK, APRIL MOP HATI2 PREPARE IF MARKET CRASH","Kan sdh sy warning film kmarin hti2 blm ad distribusi situ yg nafsuan salah sndri jgn salahkan pom2.lg ya...tu bakal di arb 50% dr harga high..

Klo ga tau cra masuk dan keluar ga ush ikt2 deh nnt dah nyangkut bru sibuk..

Klo saya si sambil ngopi sambil nonton dan nunggu bgitu ihsg stabil fil kembali ke angka 300an.. /250 baru sy pertimbangkan",FILM,10:03:51 AM,Monday April 5 2021,Negatif
198,198,199,rahmad,apakah wskt arb lagi?,WSKT,9:58:02 AM,Monday April 5 2021,Negatif
200,200,201,Arif Robani,Film dibanting,FILM,9:44:29 AM,Monday April 5 2021,Negatif
221,221,222,Andre Salim,BBRI confirm dotop?,BBRI,9:14:00 AM,Monday April 5 2021,Negatif
229,229,230,hery,BBRI buangan belum selesai,BBRI,9:01:37 AM,Monday April 5 2021,Negatif
234,234,235,Ronny,"Membalas : Iya. Gocekan bandar ihsg bkin mules. trading di koin enak. Murni TA. Bru 30 mnt cuan 20% di koin
Banyak yg bilang gocekan bandar. Padahal bandar ga gocek apa2. Kemaren2 turun murni karena bandar withdraw fund buat taro di koin  ",KOIN,8:06:29 AM,Monday April 5 2021,Negatif
44,44,45,Benanta,"Membalas : Ga masuk akal itu Bank Net, ipo harga 135
Next TCPI itu bisa dibawa 8000an :ghost: ","BANK,TCPI",8:26:51 PM,Tuesday April 6 2021,Positif
47,47,48,Kaanz',Ada yang bilang ZBRA back dor listing? Gimna prospeknya?,ZBRA,8:20:57 PM,Tuesday April 6 2021,Positif
52,52,53,Kaanz',"Membalas : Klo yg Ara itu hati2 main jorok pasti ujung2nya Arb ini cent sekali pun blm pernh Ara msin nya slow tp pasti
Hahaha betul pak justru yang ARA tanpa koreksi itu bahaya ","CENT,MAIN,MSIN",8:03:14 PM,Tuesday April 6 2021,Positif
57,57,58,Aho Lie,"Membalas : Masa ihsg merah ini ijo, semoga kalo indeks ijo ini masih tebel ijo
Justru itu makin tebel ijonya cent       
Semoga kyk arto 4x.lipat ","ARTO,CENT,MASA",7:56:31 PM,Tuesday April 6 2021,Positif
58,58,59,Kaanz',"Membalas : Hajar terus bursa klo sinyal bilg untung  
Masa ihsg merah ini ijo, semoga kalo indeks ijo ini masih tebel ijo ",MASA,7:55:53 PM,Tuesday April 6 2021,Positif
61,61,62,David,Bank hebaty,BANK,7:50:28 PM,Tuesday April 6 2021,Positif
63,63,64,Kaanz',"Membalas : CENT perjalanan masih panjang, TP terus masuk lagi juga bisa jadi strategi valid. Saya tadi TP sebagian di 290 dan mungkin besok
    mantul pak benhan memang si CENT ini saya buat jangka menengah  dari kemaren tektokan disitu aja saya tutup porto ijo merah"" merah , tapi masih cuan",CENT,7:15:34 PM,Tuesday April 6 2021,Positif
65,65,66,Benhan,"Membalas : Saya lepas kalo jebol situ pak eh ternyata di tarik balik , dari minus jadi ijo lagi, tapi untungnya di buat nutupin saham la
CENT perjalanan masih panjang, TP terus masuk lagi juga bisa jadi strategi valid. Saya tadi TP sebagian di 290 dan mungkin besok masuk lagi kalau pullback",CENT,7:05:26 PM,Tuesday April 6 2021,Positif
67,67,68,Aho Lie,"Membalas : Hahaha pak faliq juga ikutan , cent penyelamat porto 
Bener pembalikan dari rugi jd untung ",CENT,6:56:39 PM,Tuesday April 6 2021,Positif
68,68,69,Kaanz',"Membalas : Ayuk tak temenin, meskipun avg bawah tapi diayun2 sedep juga ya
Hahaha pak faliq juga ikutan , cent penyelamat porto ",CENT,6:53:23 PM,Tuesday April 6 2021,Positif
69,69,70,Faliq H,"Membalas : Sama , swing aku om target masih jauh, sambil nunggu corporate action cent
Ayuk tak temenin, meskipun avg bawah tapi diayun2 sedep juga ya  ",CENT,6:52:09 PM,Tuesday April 6 2021,Positif
72,72,73,Aho Lie,"Membalas : Ijo atau merah om , CENT ku masih ijo nih 
Ijo tunggu besok lebh ijo lg  ",CENT,6:39:16 PM,Tuesday April 6 2021,Positif
73,73,74,Kaanz',"Ijo atau merah om , CENT ku masih ijo nih ",CENT,6:38:34 PM,Tuesday April 6 2021,Positif
74,74,75,Benhan,"Mantap banget nih Vibration Law-nya Mas @JuthaBram  
Membalas : Photo
Saudaranya ASSA panen besar hari ini. Besok giliran ESSA?","ASSA,ESSA",6:25:47 PM,Tuesday April 6 2021,Positif
79,79,80,Jee Satya MantabBro,"Membalas : pantesan buy wmuu di harga terakhir sblum penutupan, td ga ada yg nyambar
Brati mau naik tu om, biasanya lho ya..., saya gak amati soalnya. Tapi kalo langsung sketika bunyi clangg dan masuk, sudah dipastikan besok turun hihi",WMUU,5:27:03 PM,Tuesday April 6 2021,Positif
84,84,85,Muhammad Repi,Pyfa mulai naik di penutupan sesi,PYFA,3:49:00 PM,Tuesday April 6 2021,Positif
87,87,88,Rey,MARI sepertinya mau menembuss ath nyaa,MARI,3:25:27 PM,Tuesday April 6 2021,Positif
88,88,89,Nanang Eko,"Membalas : Berarti (semoga) balik ke pola symmetrical triangles #target 9 april break 6231 ihsg
Smoga april bullish pak ",POLA,3:23:55 PM,Tuesday April 6 2021,Positif
97,97,98,Fajar Oktavaria,"Membalas : iya pak betul, sejauh ini sih CL terus  
padahal di CENT bisa cuan terus kalau entrynya bener pak",CENT,2:59:17 PM,Tuesday April 6 2021,Positif
101,101,102,Andru,":rocket::rocket::rocket::rocket::rocket::rocket::rocket: Adhi, wege, dll cekidot","ADHI,WEGE",2:52:24 PM,Tuesday April 6 2021,Positif
105,105,106,Muhammad Repi,"PYFA mulai dipantau
",PYFA,2:43:53 PM,Tuesday April 6 2021,Positif
107,107,108,OmJhon,"Abba sdh ara 
Apakah MARI menyusul pak?","ABBA,MARI",2:42:00 PM,Tuesday April 6 2021,Positif
111,111,112,Kevin,ABBA kenapa ya bisa terbang,ABBA,2:32:02 PM,Tuesday April 6 2021,Positif
116,116,117,Jose - Aliran - YPC,"Membalas : BCAP kanan kiri EP
biasa ep akum, ntar tau2 ARA or ARB biasanya gitu, tp seringnya terbang sih",BCAP,2:21:58 PM,Tuesday April 6 2021,Positif
118,118,119,bryan,"Membalas : BCAP kanan kiri EP
BCAP lagi di akum, siap' terbang",BCAP,2:21:42 PM,Tuesday April 6 2021,Positif
120,120,121,Eru Yagami,Masih mending PTBA dong dividennya,PTBA,2:21:06 PM,Tuesday April 6 2021,Positif
123,123,124,Carlo Micelli,"ITMG dividen per lembar Rp.411, dividen interim Rp.307 sisanya dibagikan Rp.104

Cum : 15Apr
ExDate : 16Apr",ITMG,2:16:04 PM,Tuesday April 6 2021,Positif
136,136,137,Arif Goenawan,Wskt boleh mulai serok y?,WSKT,1:02:01 PM,Tuesday April 6 2021,Positif
139,139,140,Vasco,"Membalas : Hallo, klo ADHI gimana ya bang pencerahannya
500 bru serok
",ADHI,12:57:32 PM,Tuesday April 6 2021,Positif
144,144,145,RBTAN59,"Membalas : Gpp klo nurut says selama masih dibawa 300 mash aman pak kecuali jeblok
   ntar dah deket cumdate jd 600 an 
kan spt makin jelas om Patrick msh sdg proses akum yg dr public...  ",AMAN,12:33:14 PM,Tuesday April 6 2021,Positif
148,148,149,Chezy,"deviden bjbr 95,74,, yield 6,1% dari harga skrg,, naik dari taun kemaren,
Ini adalah foto
",BJBR,12:06:04 PM,Tuesday April 6 2021,Positif
149,149,150,Ocha,"Bbni mulai lmyn tinggi, bmri smga selanjutnya","BBNI,BMRI",11:49:12 AM,Tuesday April 6 2021,Positif
165,165,166,Jafar Sim,"Membalas : @wealth88 pak, akhirnya DMMXnya membuahkan hasil :) party doong
Saya jual di 430 makanya dia terbang pak    pegang cash 100% sekarang",CASH,10:33:18 AM,Tuesday April 6 2021,Positif
166,166,167,Andru,Assa udah tp  ,ASSA,10:30:23 AM,Tuesday April 6 2021,Positif
171,171,172,Muhammad Repi,Pyfa dilirik,PYFA,10:20:13 AM,Tuesday April 6 2021,Positif
173,173,174,S farisi,dmmx d lirik  ,DMMX,10:14:24 AM,Tuesday April 6 2021,Positif
175,175,176,Muhammad Repi,PYFA menarik,PYFA,10:10:22 AM,Tuesday April 6 2021,Positif
176,176,177,Novine 90210,ath assa  ,ASSA,10:10:09 AM,Tuesday April 6 2021,Positif
177,177,178,Kevin,mina sebelum ara,MINA,10:09:00 AM,Tuesday April 6 2021,Positif
178,178,179,Jisoo,Welcome assa 2000,ASSA,10:07:55 AM,Tuesday April 6 2021,Positif
179,179,180,Imbran Ibnuazis,Assa dikit lg 2000,ASSA,10:07:42 AM,Tuesday April 6 2021,Positif
180,180,181,Kevin,mina mau ara,MINA,10:02:41 AM,Tuesday April 6 2021,Positif
181,181,182,Dimas Syarif Hidayat,waah klo gitu berarti bisa dimasukkan daftar nih WIKA.. tunggu candle ijo dulu laah .. ini konstruksi masih menyeramkan soalnya  ,WIKA,9:55:38 AM,Tuesday April 6 2021,Positif
188,188,189,Soebianto,"BBRI malah kuat sekali, padahal ex cum ya",BBRI,9:42:58 AM,Tuesday April 6 2021,Positif
194,194,195,Muhammag kuncoro,Wskt ijo yukkkk,WSKT,9:31:32 AM,Tuesday April 6 2021,Positif
199,199,200,Muhammag kuncoro,Wskt ayo araaaaa,WSKT,9:25:41 AM,Tuesday April 6 2021,Positif
203,203,204,Ocha,Serok wsbp lumayan,WSBP,9:09:51 AM,Tuesday April 6 2021,Positif
209,209,210,Ronny,"Membalas : Eh ga boleh bully IHSG terus , semoga semsta mendukung hari ini IHSG rebound keceng
semoga bbri mendukung   ",BBRI,8:55:15 AM,Tuesday April 6 2021,Positif
210,210,211,Angga Bhara,"Akra ath nya masih jauh ternyata
Ini adalah foto
",AKRA,7:46:28 AM,Tuesday April 6 2021,Positif
19,19,20,Andreas Teddy,Ga sekalian nyalahin miss EM yang bilang Agro Agro Agro tapi turun  ,AGRO,9:29:06 PM,Tuesday April 6 2021,Negatif
37,37,38,Wafa,"Membalas : 2-3 ARB lagi lah ya https://www.tradingview.com/x/Ee9c4u2Y/
10 kali arb baru dapet uma,trus akhir maret ada transaksi nambah 9 hari lagi arbnya ",TRUS,8:49:52 PM,Tuesday April 6 2021,Negatif
40,40,41,Kaanz',"Membalas : Amit2. 13x ARB tanpa UMA  
Jelas beda  BNBA ARA juga tanpa konsolidasi , bahaya ",BNBA,8:28:40 PM,Tuesday April 6 2021,Negatif
41,41,42,Faliq H,"Membalas : Iyak pak asal jngan kayak BNBA  , setalh naik pesat dihajar  
Amit2. 13x ARB tanpa UMA  ",BNBA,8:27:57 PM,Tuesday April 6 2021,Negatif
48,48,49,Meneer Greg,BNBA arb 13x,BNBA,8:20:49 PM,Tuesday April 6 2021,Negatif
56,56,57,Kaanz',"Membalas : Semoga kyk arto 4x.lipat 
Iyak pak asal jngan kayak BNBA  , setalh naik pesat dihajar  ","ARTO,BNBA",7:59:22 PM,Tuesday April 6 2021,Negatif
109,109,110,Yudha,Same di haki terus ya bund MS duitnya di bid ga abis2  ,SAME,2:34:39 PM,Tuesday April 6 2021,Negatif
198,198,199,Fajar Suryo,apakah WSKT pulang ke 3 digit?,WSKT,9:25:46 AM,Tuesday April 6 2021,Negatif
200,200,201,A T,Film mau arb pada take propit,FILM,9:17:48 AM,Tuesday April 6 2021,Negatif
202,202,203,Fajar Suryo,Sayonara MPPA  ,MPPA,9:14:01 AM,Tuesday April 6 2021,Negatif
206,206,207,Humam,udah tidur dong wskt.. ,WSKT,9:04:21 AM,Tuesday April 6 2021,Negatif
207,207,208,Satrio Wahyu Prasetyo,WSKT langsung arb,WSKT,9:04:06 AM,Tuesday April 6 2021,Negatif
