,Unnamed: 0,Data,User,Pesan,Jam,Tanggal,Status
34,34,35,Maimunah,"Asing juga tinggal dikit sih kayaknya keluar juga ngak ngefek amat
Yg serem skrg ritel byk eui
Membalas : Photo
Kalau liat berdasarkan makin muda taun kyknya kgk efek ke IHSG alias ijo besok
Kalau copet mau IHSG merah atau ijo yg penting sore cuan dan kosong porto
",7:25:52 PM,Sunday March 28 2021,Positif
38,38,39,Maimunah,"Membalas : Ia om  
Sentimen ijo kuat soalnya dimana mana Dilini masa ijo, tapi hasil akhir yg menang yg guyur ttp follow theoney",7:22:44 PM,Sunday March 28 2021,Positif
54,54,55,Jimmy,"Membalas : Mohon pencerahan om, aturan CL 2% (atau berapapun) ini ..terhadap total modal atau terhadap modal per trade ya?
Idealnya sih dari modal per trade yah. Kan cuan juga targetnya modal per trade. Tapi kalo mau dari overall modal juga boleh aja. Tapi ngincer TP cuannya pastinya dari overall modal juga  ",3:02:55 PM,Sunday March 28 2021,Positif
55,55,56,IHSG MORNING STAR OTW 6500,Haka antm 1jjta lot,2:54:23 PM,Sunday March 28 2021,Positif
56,56,57,Kaanz ,"Membalas : mau tanya, volume dikatakan tinggi itu kalau diatas volume rata"" candle harian atau gmn ya?
Kalo menurut saya volume dikatakan tinggi apabila transaksi hari ini lebih besar dari transaksi hari sebelumnya, baik tekanan jual atau beli, mungkin ada yang ditambah lagi dari teman  correct bila salah",2:48:51 PM,Sunday March 28 2021,Positif
60,60,61,Eko Bawono,"Membalas : Info dari Rm Alfius, Komisi Kepemudaan Keuskupan Makassar:  Mgr dan Para Romo serta teman2 sekalian... kami aman. Tidak ada kor
Syukurlah tdk ada korban jiwa dr umat.
#CENT. stlh sinyal wiseman1 valid ungu justru naik utk sementara orange. Struktur harga dan volume oke. Hmmmm
Ini adalah foto
#ANTM. Sinyal wiseman1 valid. Formasi candle sinyal buy. Hmmmm
Ini adalah foto",11:36:16 AM,Sunday March 28 2021,Positif
99,99,100,Bu Nana,"Membalas : Kalo sudah kenal betul sahamnya sih ada kemungkinan. Cuman memang risky yah. Kecuali capital all-in nya tidak terlalu besar, kat
Ya pak Jimmy kenal pola dr awal ditarik dan biasanya memang sudah uptren dan posisinya 
1. Mantul dr ma 5 or ma 20 
2. Mantul dr support candle",11:33:09 PM,Saturday March 27 2021,Positif
102,102,103,ryanless,"AGRO mantul di 1035
Ini adalah foto",10:53:58 PM,Saturday March 27 2021,Positif
104,104,105,ryanless,"Membalas : Ne ap mksdny?
Kalo jebol mungkin mantulnya di fibo 0.5 om",10:34:53 PM,Saturday March 27 2021,Positif
127,127,128,Avianto,"Yah itu yg sy maksud.. banyak jg retail yg "" gambling""  beli saham di hari LK krn prediksi di LK nya profit. Lalu saat LK keluar dan benar profit, maka  saham naik hr itu, kemudian TP di sore hari. 

Tetap ini masuk kriteria yg di sampaikan WB tadi
Menurut pendapat sy loh. Yg beda pendapat yah monggo
",8:09:46 PM,Saturday March 27 2021,Positif
129,129,130,Avianto,"Yup berarti benar day trading = zero sum game. 

yg cuan dapat uang dari yg boncos. 

Beda bila cuan di karenakan harga saham naik di sebabkan krn keberhasil perusahaan mencetak laba. Ini bukan zero sum game.
Saat org pegang saham bbrp waktu lalu harga naik saat LK keluar profit besar... maka banyak org tertarik saham tsb shg saham naik harganya",8:04:58 PM,Saturday March 27 2021,Positif
142,142,143,Kaanz ,"CENT memang menarik dari chartnya, apalgi kan mau RI juga bisa cuan njedog tuh ",7:28:14 PM,Saturday March 27 2021,Positif
144,144,145,Aho Lie,"Membalas : Iya jg, kadang sdh CL, harga malah naik lagi, kejadiannya di TINS dulu
Saya sekrg di cent  padahal udah komit mau sampai target e...iseng pdhl beli dpt di 226 itu harga plg tinggi lgs haka naik terus sampai 300 e..turun jual dulu 272.  Naik lagi fomo beli 280 trus turun gsk tahan maksd mau cl trus masuk lg malah lebh tinggi tp srkrg udh plus dikit ",7:26:43 PM,Saturday March 27 2021,Positif
146,146,147,Chai Lie,"Membalas : Tp ingat says pernah udah cl masuk kslah cepet malah dpt avg lebh tinggi jadi gak ada yg 100%bener
Iya jg, kadang sdh CL, harga malah naik lagi, kejadiannya di TINS dulu  ",7:23:43 PM,Saturday March 27 2021,Positif
172,172,173,Charles Prop,"Membalas : Krn waktu itu says persis pegsng bbtn begitu berits krluar naik 600%nsik tinggi says cuan lumyn saya udah bilg ama saudara sampa
Betul pasti pullback krn bbtn baru break ath 2020 jan kemarin. Tapi masih akan naik lagi mengikuti kinerjanya. Ini berlaku buat saham2 lain jg yg punya kinerja positif",6:38:18 PM,Saturday March 27 2021,Positif
176,176,177,Kaanz ,CENT nya potensi SSP dong ,6:35:16 PM,Saturday March 27 2021,Positif
184,184,185,Aho Lie,"Membalas : Deviden bagi pun jg ga akan besar. Dan ga ada artinya. Toh bbtn selama ini nyari duit dari kupon obligasi, yg harus dibayar bung
Krn waktu itu says persis pegsng bbtn begitu berits krluar naik 600%nsik tinggi says cuan lumyn saya udah bilg ama saudara sampai target 2000 kits tinggsl bener 2100 lebh lgs amblas bgt gak bagi deviden krn kbr bagus dan gak ngaruh banget ke saham sori ini pribadi bisa beda2 analisa gak kelar2     ",6:30:16 PM,Saturday March 27 2021,Positif
188,188,189,Aho Lie,"Membalas : Contoh yang barusan kejadian adalah BBTN. Dirut ditarik org luar. Investor ngerasa kebijakan bbtn ini uda bagus, tapi berhub org
Klo nurut saya begitu bilg untung nsik 600%lrbh tp deviden gak bagi  ",6:24:39 PM,Saturday March 27 2021,Positif
208,208,209,Fakhri Arsyan,"#JPFA,  potensi bikin HnS
Ini adalah foto",3:48:09 PM,Saturday March 27 2021,Positif
221,221,222,Eko Bawono,"Membalas : Wah terimakasih insightnya Pak... Jadi garis ungu itu batas CL kalau entry skrg di 1005 ya?
Grs ungu sinyal buy dr candle",2:38:49 PM,Saturday March 27 2021,Positif
229,229,230,Billy,"Membalas : Jadi saat break volume tinggi baru masuk buat optimal entry ya? Kalau mau spekulasi cicil2 waktu sudah mulai mendekati MA50W nya
Iya ini waktu posisi nya market baru mau turn bull kang.. Skrg kan beda lg.. Skrg cari pivot entry ketika Saham2 yg lg otw uptrend.. Bisa flat base.. Bisa cnh atau rounding",2:24:46 PM,Saturday March 27 2021,Positif
238,238,239,qodri,"Membalas : Photo
wkwkwkwkwkkwk hasil cuan MPPA d balikin lg k perusahaannya ya pakde",2:04:15 PM,Saturday March 27 2021,Positif
246,246,247,Hendro Masori,Lanjutkan. Pamit dulu waktunya belanja ke MPPA....  ,1:46:05 PM,Saturday March 27 2021,Positif
248,248,249,DEN,ANTM minggu depan ARA wajib pantau beritanya baru di buat media    ,1:44:41 PM,Saturday March 27 2021,Positif
258,258,259,Tommy Daniel,"Membalas : berkat guru-guru disini pak benhan   semenjak para guru disini sharing pengalaman, saya berpendapat tidak perlu waktu lama untu
Kalo udah cuan 10% gak ada salahnya take profit.

Kalo dipraktekkan 10x aja modal udah grow 100%",1:28:40 PM,Saturday March 27 2021,Positif
278,278,279,Fajar Oktavaria,"Membalas : Mantap, set stoploss di berapa skrg DOID
engga cutloss jadinya pak, malahan jadi profit  ",12:44:58 PM,Saturday March 27 2021,Positif
288,288,289,Benhan,"Membalas : Photo
Kalau lewat 1040, saya beli. Sama kayak analisa @sitotom tadi
",12:32:22 PM,Saturday March 27 2021,Positif
295,295,296,Bu Nana,"Saya hbs CL bbrp saham , makanya cari ganti , posisi triangle eh blm bo malah avrg down tapi malah saham tsb naik lagi dgn akumulasi asing hehe kadang kedistract antara akum asing vs support resis",12:17:31 PM,Saturday March 27 2021,Positif
297,297,298,Benhan,"Membalas : Saya lagi ragu pak Rakhmad, krn uda tinggi tapi masi uptren dan topik pagi ini Adalah avrg down
Kalau benar avg Anda 1020, ga perlu ragu Bu. Saya rasa Senin ini ga akan sempat avg down karena harganya dah naik duluan ",12:14:40 PM,Saturday March 27 2021,Positif
308,308,309,Rui :rocket: :speedboat::dancer: ,"Membalas : ini pada case saat terlanjur dalam https://www.tradingview.com/x/bvz254Wp/
Mantap ini!!     

Kalau saya sendiri waktu CENT turun k bawah 250 saya CL krn beli avg up jdnya dpt di 262
Kamis setelah bottom lalu membentuk hammer hijau dg volume bagus baru saya masuk lg, di 250 juga",12:02:02 PM,Saturday March 27 2021,Positif
316,316,317,Bu Nana,Smra masi uptren,11:38:22 AM,Saturday March 27 2021,Positif
323,323,324,Benhan,"Membalas : 1020
Kalau avg nya segitu, harga closing kemarin 1005, kenapa avg down? Mending tunggu dia konfirm naik baru avg up",11:35:36 AM,Saturday March 27 2021,Positif
331,331,332,Bu Nana,"Pagi TT , apa ini saat yg tepat buat avrg down smra ? Di 1000 sd 950?
Ini adalah foto",11:27:30 AM,Saturday March 27 2021,Positif
339,339,340,Benhan,"Tentunya average down saat belum capai toleransi cutloss ya masih OK. Misalnya SAME pas koreksi sebelum RI dan kemarin2 CENT pas koreksi dikit saya avg down masih OK, karena cuma turun sedikit belum reversal trend",11:07:35 AM,Saturday March 27 2021,Positif
362,362,363,Alfian,ISAT :rocket:,10:08:01 AM,Saturday March 27 2021,Positif
374,374,375,Angga Bhara,Yukss mumpung hari libur qt wisata ke taman AGRO agar fress hari senin,9:48:34 AM,Saturday March 27 2021,Positif
399,399,400,Tommy Daniel,"Membalas : Membaca pengalaman suhu2 di sini dan berkaca dari pengalaman pribadi, rule nomor 1 trading itu memang PASANG STOP LOSS! Bahkan G
Setuju kakak... pasang stop loss ditiap posisi. Upgrade to trailing stop buat take profit.

Karena take profit itu juga sama penting nya dengan stop loss. Supaya bisa lihat account kita grow atau tidak.",9:13:13 AM,Saturday March 27 2021,Positif
432,432,433,Andrian,akra pak bisa dilirik,7:46:12 AM,Saturday March 27 2021,Positif
445,445,446,Daniel Bong,"Temen disini waktu covid bulan Maret ada yg potensi loss sampai 70% tapi habis skg sdh berbalik profit hampir 100%..klau ada angkat jempol nya   
Maret 20 ya bukan yg skg",7:20:07 AM,Saturday March 27 2021,Positif
494,494,495,Rui :rocket: :speedboat::dancer: ,"Membalas : CENT nya dipantau bu Saya liat bagus tunggu konfirm Koreksi kalau salah
CENT kebetulan kemarin sudah masuk kak begitu dia ngebentuk mjolnir hijau dengan volume bagus, thank you remindernya   

Eko Bawono Aminnn pak, kalau itu sampai terwujud        cup nya cantik banget soalnya  ",10:29:11 PM,Friday March 26 2021,Positif
495,495,496,Eko Bawono,"Kl sy mau beli same, buy jk tutup di atas angka2 di atas. Kl lancar, sapa tau akan  
Ini adalah foto
Ini adalah foto",10:26:57 PM,Friday March 26 2021,Positif
496,496,497,Yugo Ginanjar,"Membalas : Photo
CENT nya dipantau bu 

Saya liat bagus tunggu konfirm
Koreksi kalau salah",10:26:16 PM,Friday March 26 2021,Positif
499,499,500,Rui :rocket: :speedboat::dancer: ,"Ijin berbagi analisa juga, hari ini SAME menunjukkan buyer kembali memasuki arena namun tertahan dibawah fibo 0.5 atau area sell signal dari Pak Guru Eko
Apakah besok akan berlanjut kenaikannya, atau akan kembali turun untuk mendekati MA20nya, karena selama ini MA20 selalu dicolek dulu sebelum ngegas  

Saya akan menunggu di area MA20 tersebut
Ini adalah foto",10:23:59 PM,Friday March 26 2021,Positif
500,500,501,Rick Andre,"Membalas : Photo
Kl diliat dr history gris hitam sblmnya ad potensi break keatas pak.. dlm weakly lbh cantik candle nya..",10:23:19 PM,Friday March 26 2021,Positif
503,503,504,Fajar Oktavaria,"Membalas : Photo
jika lanjut naik dengan volume menurut saya >458, jika buy on weakness 416 *untuk perjalanan ke 500 harus melewati resistnya di 474 (by body)
",10:00:37 PM,Friday March 26 2021,Positif
505,505,506,Shimano Aditya,"Kalau saya, yakin akan retest ke garis support hijau dulu. Klo berhasil bertahan di atas support, mungkin saya cicil beli, klo dia break garis hitam baru saya avg up",9:58:31 PM,Friday March 26 2021,Positif
518,518,519,Kaanz ,"TT nya udah jebol resistance, menuju ATH nih ",9:30:15 PM,Friday March 26 2021,Positif
519,519,520,Kaanz ,Terimakasih juga pak @JuthaBram  view nya tentang indeks semoga juni bisa cuan njedog  ,9:29:14 PM,Friday March 26 2021,Positif
536,536,537,Shimano Aditya,TT Ara lagi banyak dari grupnya pak jutha hahha,8:51:22 PM,Friday March 26 2021,Positif
540,540,541,Muhammag kuncoro,"Membalas : Kagak tau padahal dah mute kan?
Asix juga dengar masak2 di grub saham mungkin ini kodenya saham icbp ya minggu depan.",8:45:01 PM,Friday March 26 2021,Positif
542,542,543,Dave @propertyimpianmurahsurabaya,Lg goreng Ikan mungkin  ,8:36:38 PM,Friday March 26 2021,Positif
579,579,580,Jutha Bram,"Membalas : Yang haka antm tins inco mcas mukanya beseri2 pasti   
Saya Haka ESSA saja kemarin  
",5:34:23 PM,Friday March 26 2021,Positif
580,580,581,Mic,"Membalas : ANTM TINS INCO MCAS HAKA
Yang haka antm tins inco mcas mukanya beseri2 pasti   
",5:26:14 PM,Friday March 26 2021,Positif
581,581,582,Satimin Sejati,"Membalas : Yup, swing low confirmed. Semoga 1 april akan jadi last chance to buy before start to retest 6550 lagi di april-Mei...
Semoga bisa yiha2 lagi setelah musim tanam kmrn. Aamiin",5:25:53 PM,Friday March 26 2021,Positif
583,583,584,Jutha Bram,"Membalas : Nah sekarang sudah resmi suhu @JuthaBram. Terima kasih bantuan forecast-nya...
Yup, swing low confirmed. Semoga 1 april akan jadi last chance to buy before start to retest 6550 lagi di april-Mei...",5:21:24 PM,Friday March 26 2021,Positif
589,589,590,Paw Paw,cakep ya antm,4:46:50 PM,Friday March 26 2021,Positif
600,600,601,Johny,"Membalas : Mau tp ritail gak ngikut  
lumayan yang serok tadi cuan 3%  ",3:25:01 PM,Friday March 26 2021,Positif
603,603,604,Jafar Sim,"Membalas : Jadi pola htf nya pak ?
Harusnya jadi ya, konfirmasinya senin kalau harga naik tinggi dengan  volume tinggi juga,",3:08:16 PM,Friday March 26 2021,Positif
609,609,610,Mic,Ihsg hijau gini ramai ya giliran merah diam semua   ,2:57:52 PM,Friday March 26 2021,Positif
615,615,616,Hx,Kija mulai gerak,2:16:24 PM,Friday March 26 2021,Positif
616,616,617,Humam,"Membalas : Pastikan lamar jabatan level Management ya Pak...karena itu MSOP bukan ESOP
AGRO MESOP pak, employee dapet juga.. ",2:08:28 PM,Friday March 26 2021,Positif
620,620,621,rigeladitya,"Membalas : saya ga nyadar pak sudah dari maret sudah pasang gtc baru nyadar siang tadi heran kok tiba tiba cash nambah tapi kalo tembu
yes, ihns besar banget... masing2 shoulder 3 bulan bikin base-nya.",1:58:08 PM,Friday March 26 2021,Positif
621,621,622,Fajar Oktavaria,"Membalas : wahaha.. lama bat. say abaru seminggu juga udah mulai gerah nih.
saya ga nyadar pak sudah dari maret sudah pasang gtc baru nyadar siang tadi heran kok tiba tiba cash nambah   
tapi kalo tembus >630 memungkinkan buat ihns itu",1:57:23 PM,Friday March 26 2021,Positif
626,626,627,Erich,ihsg 7000 :rocket::rocket::rocket::rocket::rocket: ,1:48:46 PM,Friday March 26 2021,Positif
630,630,631,as s,"Membalas : Yeay IHSG tembus 6180
   ",1:44:23 PM,Friday March 26 2021,Positif
632,632,633,Andru,Yeay IHSG tembus 6180,1:43:38 PM,Friday March 26 2021,Positif
634,634,635,Erich,"Membalas : Jgn salah yg tumpah piringnya byk  
sold barusan kena tins",1:42:15 PM,Friday March 26 2021,Positif
636,636,637,den,masa2 kejayaan antm is back  ,1:41:10 PM,Friday March 26 2021,Positif
637,637,638,Erich,kenyang dah dari tins antm inco hari ini :airplane::airplane::airplane::airplane:,1:41:01 PM,Friday March 26 2021,Positif
638,638,639,Aho Lie,"Membalas : ampun antm remnya blong  
Semoga ara kasian yg nyangkut byk inget klo udh untung buru2 Tp",1:40:57 PM,Friday March 26 2021,Positif
639,639,640,as s,ampun antm remnya blong  ,1:40:06 PM,Friday March 26 2021,Positif
640,640,641,Rakhmad Nirmawan Nofendi,"Membalas : Sadis ya om, yg related sama pat.wal. :police_car:
iya private equity yah gt kerjaan nya beli perusahaan yg babak belur di benerin ud cantik baru jual   . investasinya yg nyangkut kyknya di DOID waktu akuisisi BUMA di harga 1145 gak salah",1:38:40 PM,Friday March 26 2021,Positif
641,641,642,Charles Prop,Banking uda rally. Sip ihsg ketahab,1:38:19 PM,Friday March 26 2021,Positif
646,646,647,Septianto Francisco,DGNS serok arb ngab :rocket::rocket:,1:30:48 PM,Friday March 26 2021,Positif
647,647,648,Rakhmad Nirmawan Nofendi,"Membalas : Keinget saham MASA om, siapa tau ada cerita yg sama kd go private gitu , dpt durian runtuh kalo sahamnya bener
northstar untung byk abis placement masa ke michelin sejak itu saham""nya northstar pada aktif",1:30:01 PM,Friday March 26 2021,Positif
648,648,649,Aliong,"Membalas : Harus liat produk ny jg si pak kenapa bs mau go private. Sngt minim sekarang prusahaan mau go private apalagi lg pandemi gini BU
Yak betul, cerita kaya saham MASA pasti dijaga ketat juga ga bole bocor alus",1:28:33 PM,Friday March 26 2021,Positif
655,655,656,Aho Lie,Saya sih yakin cent bakal ke 300 lebh ..ya...masalh lebhnya nih kira2 dilebihin 100 200 atau 2000       ,1:16:03 PM,Friday March 26 2021,Positif
660,660,661,Efraim Arya,Udh 5 kali lipat itu gais kalo beli di maret tahun lalu xixixi,1:11:16 PM,Friday March 26 2021,Positif
663,663,664,Erich,"Membalas : Enak kan beli AGRO Rp285 perak harga pasar 11xx   auto chuan gede benar
sm kayak bjtm ini mesop2 ya",1:10:12 PM,Friday March 26 2021,Positif
665,665,666,RBTAN59,"Membalas : Ini sih bukan saya pastinya    Tapi lumayan kan ANTM digoreng dari 700-an ke 2300-2400. 3x lipat dalam waktu setengah tahun
cent mgkn bisa jg 3x lipet yah Om   ",1:08:32 PM,Friday March 26 2021,Positif
666,666,667,Soebianto,Enak kan beli AGRO Rp285 perak harga pasar 11xx   auto chuan gede benar,1:06:43 PM,Friday March 26 2021,Positif
668,668,669,Soebianto,"Membalas : Asing yang beli RI Arto sih pinter, beli nya di harga disc 70%an dari harga pasar, smart....
Ini spt karyawan AGRO dikasih beli harga disc 70%an dari harga pasar ya pasti mau kan chuan lsg, apalagi di dokumen nya gak ada kata2 lock up",1:05:41 PM,Friday March 26 2021,Positif
672,672,673,Soebianto,"Asing yang beli RI Arto sih pinter, beli nya di harga disc 70%an dari harga pasar, smart....",1:04:25 PM,Friday March 26 2021,Positif
677,677,678,Benhan,"Membalas : kmaren"" jg beli antm pada bilangnya sama karna masa depan 
Ini sih bukan saya pastinya   
Tapi lumayan kan ANTM digoreng dari 700-an ke 2300-2400. 3x lipat dalam waktu setengah tahun",1:01:40 PM,Friday March 26 2021,Positif
681,681,682,Taufiq,Nah ini. Ihsg drtd naik terus. Koreksi bentaran. Ntar kl dibawa turun ya lumayan jg.,12:53:46 PM,Friday March 26 2021,Positif
682,682,683,Andru,"Membalas : dari segi mana om saingan bbca? harga saham? atau bisnisnya?
Bisnisnya dong, akuisisi oleh gojek dan kita tau customer / pengguna gojek brp banyak di seluruh Indonesia",12:41:46 PM,Friday March 26 2021,Positif
683,683,684,Andi FX,"Membalas : uda takut. MG aja uda jarang nongol di antm 
Hari ini nongol..makanya naik  ",12:38:14 PM,Friday March 26 2021,Positif
689,689,690,Charles Prop,"Membalas : kmaren"" jg beli antm pada bilangnya sama karna masa depan 
antm sudah masuk msci harga sudah dijaga. ga akan sevolatile dulu lagi",12:31:35 PM,Friday March 26 2021,Positif
691,691,692,Andi FX,"Membalas : Beli ARTO karena masa depan lah. Itu PBV ARTO belum update karena equity nya skrg sekitar 8T setelah right issue. PBV skrg sekit
Saya beli arto karna digoreng...berharap digoreng terus dan terus...dan terus.. ",12:31:14 PM,Friday March 26 2021,Positif
692,692,693,krm nugraha,"Membalas : Beli ARTO karena masa depan lah. Itu PBV ARTO belum update karena equity nya skrg sekitar 8T setelah right issue. PBV skrg sekit
kmaren"" jg beli antm pada bilangnya sama karna masa depan ",12:30:05 PM,Friday March 26 2021,Positif
693,693,694,Charles Prop,"Membalas : Yang seperti ARTO ini jarang2 mungkin setahun cuma ada 3-4 emiten yg growthnya secepat ini. All leading to momennya Gojek IPO. I
kalau ditarik ke belakang chartnya 3-5tahun lalu, anda pasti ngerti kok kenapa ini saham dari 100perak jadi 5000 dibanting ke 100 lagi dengan sangat cepat
Membalas : Setuju, saingan nya BBCA
dari segi mana om saingan bbca? harga saham? atau bisnisnya?",12:23:19 PM,Friday March 26 2021,Positif
694,694,695,Bapakne Naila,"Coba digital bank pake PEG om, PE/EPS growth.
Membalas : Telat taunya klo tau dr dulu org kemarin waktu blm nsik harga 226 saya beli trus jyal tp sempet fomo waktu 280 tp gpp udh avg do
Siap om   ",12:07:02 PM,Friday March 26 2021,Positif
695,695,696,Aho Lie,"Membalas : Waktu 180 ga dilirik om  
Telat taunya klo tau dr dulu org kemarin waktu blm nsik harga 226 saya beli trus jyal tp sempet fomo waktu 280 tp gpp udh avg down jd udh lumyn pas harga 240",12:05:55 PM,Friday March 26 2021,Positif
698,698,699,Vincent,"Saya mantau aja pak,all the best hehehe. Saya jg punya pandangan oke kok ke arto.",11:50:06 AM,Friday March 26 2021,Positif
703,703,704,Benhan,"Yang seperti ARTO ini jarang2 mungkin setahun cuma ada 3-4 emiten yg growthnya secepat ini. All leading to momennya Gojek IPO. Ini blueprintnya sudah jelas dan eksekusi Right Issuenya sempurna. Sayang kalau terlewatkan. 
Di dalamnya ada North Star pula. Banyak boxes ticked!  ",11:44:52 AM,Friday March 26 2021,Positif
705,705,706,Benhan,"Beli ARTO karena masa depan lah. Itu PBV ARTO belum update karena equity nya skrg sekitar 8T setelah right issue. PBV skrg sekitar 16x. Sudah masuk kategori Bank Buku III.
Terus bakal right issue terus sampai equitynya capai 30T masuk Bank Buku IV. Perkiraan 2022 lah tercapai.",11:40:54 AM,Friday March 26 2021,Positif
709,709,710,R,"haka bvic MG mulai masuk, AVG 177. masih harus di kerek naik ke 180-185",11:33:11 AM,Friday March 26 2021,Positif
710,710,711,Maimunah,"Waduh piye toh masih AVG, yg baru msk pagi aja ini udah cuan salah kamar ya",11:32:18 AM,Friday March 26 2021,Positif
711,711,712,Aho Lie,"Membalas : Hehehe ya udah hari ini ada buto ijo jd cerah smg yg nyangkut kmrn bisa keluar
Saya avg down terus pak biar gak ketinggian",11:31:28 AM,Friday March 26 2021,Positif
712,712,713,Benhan,Pas banget ya ANTM dikerek ke atas hari ini karena ada presscon battery holding. Begitulah cara market maker bekerja,11:31:21 AM,Friday March 26 2021,Positif
714,714,715,Aho Lie,Klo cent sampai april kyknya prospektus keluar tp harga udsh diatas 300     ,11:30:27 AM,Friday March 26 2021,Positif
715,715,716,Aho Lie,"Membalas : Ga ngedoain kok pak, cuma nawar ala ibu ibu aja   
Mudah2an dibalik sma malaikat jadi Ara gak usah byk2 5x aja   ",11:24:42 AM,Friday March 26 2021,Positif
720,720,721,Novian Yudha 087,Antm TP selanjutnya 2800,11:21:40 AM,Friday March 26 2021,Positif
725,725,726,Rolando,"Membalas : Suhu master Aho adalah spesialist CENT pak suhu master intel khong guan @Rovipr
sampai2 semua saham yg ijo dilihatnya ticker CENT  

peace ya, salam cuan",11:11:49 AM,Friday March 26 2021,Positif
728,728,729,Aho Lie,"Membalas : Yang nyambung direply itu camp pak   
Kirain orgnya nanys kenaps Cent nsik    maklum efforia",11:09:23 AM,Friday March 26 2021,Positif
734,734,735,Mic,"Membalas : ANTM TINS INCO MCAS HAKA
Ya haka congrats udh cuan ya",11:06:50 AM,Friday March 26 2021,Positif
740,740,741,Efraim Arya,"Membalas : kenapa naik tinggi om? ada isu apa?
Dia itu dulu isunya mau ikut distribusi salah satu vaksin kalo gk salah, makanya naik kenceng",11:04:01 AM,Friday March 26 2021,Positif
741,741,742,Aho Lie,"Membalas : kenapa naik tinggi om? ada isu apa?
Waduh gak tau bakal Ri tp jadwsl brlum keluar klo prediksi sih bisa diatas 300  
Membalas : kenapa naik tinggi om? ada isu apa?
Catet hr ini klo tutupnaik bisa diatas 7 % senin selasa siap2 Ara    ",11:01:49 AM,Friday March 26 2021,Positif
743,743,744,Aho Lie,"Membalas : AK nyerok Cent
Prospek",11:00:10 AM,Friday March 26 2021,Positif
744,744,745,Johny,AK nyerok Cent,10:58:28 AM,Friday March 26 2021,Positif
745,745,746,Aho Lie,"Membalas : Photo
Ini yg saham salah satu diprediksi pak HS akan nsik tinggi   ",10:58:07 AM,Friday March 26 2021,Positif
748,748,749,Yoga Dharmawan,"Membalas : @RuiAuxilia Mb klo BBYB itu cumdate nya kapan to...kq di rti ma stockbit beda
Di rti belom update kayaknya, cumdate bbyb uda tgl 24 kemaren",10:52:19 AM,Friday March 26 2021,Positif
752,752,753,Aho Lie,"Membalas : merasa berdosa jual d 3400 dulu
Waduh beruntung d ong hr ini udh terbg mash 2300 an mau pakai jet pribadi ke 3400   
Membalas : bahagia nyerok smalem sore om wkwk
Nyeroknya hrs jelas dulu    ",10:46:16 AM,Friday March 26 2021,Positif
754,754,755,Aho Lie,"Mana suara Brms    
Membalas : banyak yg bahagia yah kalau antam naik
Ia byk yg nyangkut",10:41:03 AM,Friday March 26 2021,Positif
757,757,758,Faizal S Rahman,"Membalas : https://www.tradingview.com/x/4w4bOHjN/ Biar teknikal yg mnjawab hha
mantepp,, dah jebol resist kah ?? otw 2600 kah ???",10:37:48 AM,Friday March 26 2021,Positif
760,760,761,Septio Hanifa,PKPK ara gak nih,10:29:11 AM,Friday March 26 2021,Positif
763,763,764,muriz,Antm nyangkut 8% terbayar lunas dgn hati yg tenang..gak minus lagi....trmksh pak sopir,10:28:02 AM,Friday March 26 2021,Positif
764,764,765,Deny Hermawan,ANTM :rocket:,10:26:17 AM,Friday March 26 2021,Positif
767,767,768,Fadli,antm kalo bertahan di atas 2350 sesi satu strong,10:20:17 AM,Friday March 26 2021,Positif
768,768,769,Erich,harga nikel timah biasa aja..antm tins ijo tebel  ,10:19:28 AM,Friday March 26 2021,Positif
776,776,777,Jafar Sim,"Membalas : Target 300 hbs itu gby my love   
36/264 = 13,6% cuan kotozz kotoozz!",10:12:47 AM,Friday March 26 2021,Positif
777,777,778,Aho Lie,"Membalas : Naaah kalau bapak Aho ini spesialist CENT, mohon banyak banyak kasih masukan tentang CENT yaa
Target 300 hbs itu gby my love   
",10:11:55 AM,Friday March 26 2021,Positif
778,778,779,rahmad,IHSG semoga menuju 6200 dan bertahan disana,10:11:30 AM,Friday March 26 2021,Positif
780,780,781,Ardiyan Bagas,MIKA masih bisa bikin higher high gak ya? Masih sangkut d 2900,10:09:46 AM,Friday March 26 2021,Positif
783,783,784,Aho Lie,"Membalas : ARA kan CENT :rocket:
Udah 2x tik tok mas   ",10:05:25 AM,Friday March 26 2021,Positif
784,784,785,Ardiyan Bagas,ARA kan CENT :rocket:,10:04:34 AM,Friday March 26 2021,Positif
785,785,786,R,"bvic mantap. yok masuk, sblm ketnggalan",10:02:21 AM,Friday March 26 2021,Positif
786,786,787,Jafar Sim,"Membalas : bisa juga 6-7-8-9  
Tulisan suhu master Billy     agak mencurigakan kalau ada tulisan wiim nya spti orang kalau baru pertama kali ketemu cici guru @RuiAuxilia grogi salfok    agro aja agro ajaaa skrg 1055",10:01:20 AM,Friday March 26 2021,Positif
792,792,793,Virgaust,"Membalas : jgn disebut2    nanti rame, khusus orang sabar wkwkw
koh Billy muncul di komen WIIM ini udah menjadi selling point tertentu. nilai Plus  ",9:52:47 AM,Friday March 26 2021,Positif
794,794,795,Kaanz ,CENT nya kek nya juga potensi HTF?,9:50:58 AM,Friday March 26 2021,Positif
796,796,797,Rui :rocket: :speedboat::dancer: ,"Membalas : WIIM nya masih ada 
@wealth88 nih kak ada calon HTF lagi kalau tertarik    tp kalau mau entry saran saya ya memang nunggu hTFnya confirm dulu",9:49:34 AM,Friday March 26 2021,Positif
798,798,799,R,ARA kan BVIC,9:48:58 AM,Friday March 26 2021,Positif
801,801,802,Rui :rocket: :speedboat::dancer: ,"Membalas : it's ok lah gak HTF juga. asal base nya kuat, apapun bisa terjadi kyk waktu itu IMAS gagal confirm pattern, tpi volume masih
Iya, ga HTF bukan berarti ga naik ... saya komen kak @wealth88 karena dari kemarin semangat sekali biar HTF di DMMX   ",9:46:30 AM,Friday March 26 2021,Positif
807,807,808,JK Vm,Haka WMUU,9:32:53 AM,Friday March 26 2021,Positif
809,809,810,Rui :rocket: :speedboat::dancer: ,"Membalas : Photo
Tapi kayanya kudu ARA ini biar jebol resisten 496nya biar HTF kak  ",9:28:48 AM,Friday March 26 2021,Positif
810,810,811,Jafar Sim,"Membalas : Volumenya juga mesti besar bukannya pak ?
Nope, tudei masih masa konsolidasi volume harus rendah, senin baru meroket dengan volume besar, saya pasang buy 408 all in ga dapat  nih stress saya  ",9:28:22 AM,Friday March 26 2021,Positif
811,811,812,Jafar Sim,"Membalas : pak, biarkan saja senyap  
Oh iya ya    woke deh agro aja ayok ayok agro skrg 1060 feeling saya hari ini agro closing di 1030 
1030-1134-1208-1290 siapa mau serokk 1060 1060 ayok ayok",9:26:16 AM,Friday March 26 2021,Positif
815,815,816,Bu Nana,Same uda 450,9:15:32 AM,Friday March 26 2021,Positif
816,816,817,as s,antm dorong ihsg  ,9:15:24 AM,Friday March 26 2021,Positif
819,819,820,Vivian,Mantoelll nih same,9:11:15 AM,Friday March 26 2021,Positif
834,834,835,Kirana L,"Membalas : Jd ingat film Capt Phillips :ship:
Kaya insight sahamnya bakal naik ya pak",8:57:27 AM,Friday March 26 2021,Positif
840,840,841,rigeladitya,"Membalas : Should be wise at the current condition of the market? I mean Mark meenermini just wrote a single notice that it may be only a s
cek lagi twitternya minervini bu... dia bilang dia stupid, sering CL tapi habis itu sahamnya terbang. sekelas minervini yang gain portonya sudah 57% YTD aja ngalamin kok  ",8:53:27 AM,Friday March 26 2021,Positif
869,869,870,Benhan,"Membalas : berita 2 hari lalu 
Ketika berita positif dikeluarkan untuk salah satu emiten, itu pertanda akumulasi sudah cukup dan insider siap TP. Ngundang retail buat beli",8:24:58 AM,Friday March 26 2021,Positif
880,880,881,Jafar Sim,"Reminder aja ya, hari ini ijo bukan berarti ihsg meroket to the moon, hari ini ijo berarti mgkn senin merah lagi   supaya hati hati aja jgn terlalu euforia   bagaimana pendapat pak @JuthaBram  ",6:34:53 AM,Friday March 26 2021,Positif
888,888,889,Gue Keren,"Membalas : Photo
Msh ada peluang ijo kok om, coba backtest ke crash 2008. 2 hari yg lalu yaitu kemaren dan lusa lalu pas ultah bottom IHSG, candlenya sama persis kyk 2009 pas ultah bottom thn 2008. Klo history repeat itself, besok berarti ijo.",2:31:21 AM,Friday March 26 2021,Positif
891,891,892,Charles Prop,"Membalas : [BREAKING] BBRI memutuskan untuk membagikan Rp12 triliun atau sekitar 65% dari laba bersih tahun 2020. Dengan demikian, dividen
Di newsnya bukannya 160an ya?",1:08:57 AM,Friday March 26 2021,Positif
6,6,7,IHSG MORNING STAR OTW 6500,"Membalas : Ada yg main binary option binomo di grup ini? Mau tahu mrk benar atau nggak cara kerjanya terutama chart, sistem deposit / with
Binomo illegal",9:55:42 PM,Sunday March 28 2021,Negatif
7,7,8,Dharma Djiauw  ,"Membalas : Ada yg main binary option binomo di grup ini? Mau tahu mrk benar atau nggak cara kerjanya terutama chart, sistem deposit / with
Traffic data di chart bisa dimainkan pak
 kalo profit 80% trader, 20% buat pihak sana, loss ya 100% trader 
Blm trmasuk permainan slippage dan requote",9:38:58 PM,Sunday March 28 2021,Negatif
8,8,9,Taupik Rahmat,"Membalas : Ada yg main binary option binomo di grup ini? Mau tahu mrk benar atau nggak cara kerjanya terutama chart, sistem deposit / with
Kalo mau cepet miskin bisa main itu om  ",9:37:21 PM,Sunday March 28 2021,Negatif
9,9,10,Melvin E. S.,"Ok mksh..
Ada yg main binary option binomo di grup ini? Mau tahu mrk benar atau nggak cara kerjanya terutama chart,  sistem deposit / withdraw dan web nya. Kabarnya sering di blokir situsnya sama kominfo. Mksh..",9:32:29 PM,Sunday March 28 2021,Negatif
36,36,37,Toni Lie,"Membalas : Fix besok merah dullu ihsg kak
Bukan di jkt, klo di jkt kemungkinan besar merah...",7:24:23 PM,Sunday March 28 2021,Negatif
41,41,42,Muhammag kuncoro,"Membalas : https://amp.kompas.com/nasional/read/2021/03/28/10385551/ledakan-di-depan-gereja-katedral-makassar-polisi-sebut-bom-bunuh-diri
Fix besok merah dullu ihsg kak",7:10:54 PM,Sunday March 28 2021,Negatif
49,49,50,Bapakne Naila,"Membalas : Intinya sih risiko loss = risiko cuan Om. Sebelum siap cuan 2%, maka harus siap loss 2% juga
cari yg RPTnya minim 2 kali dong om, cuan dikit amat hehe
",3:21:14 PM,Sunday March 28 2021,Negatif
52,52,53,INDF 3000,"Membalas : Idealnya sih dari modal per trade yah. Kan cuan juga targetnya modal per trade. Tapi kalo mau dari overall modal juga boleh aja.
Kayaknya Ngeri klo 2%dari total om..loss 5x aja udah down banget tuh mental..apalagi kata buku itu loss 10x dulu sebelum bener",3:10:12 PM,Sunday March 28 2021,Negatif
77,77,78,Steven,"Membalas : Mohon pendapat dari teman2 yang sudah senior di sini. Pertanyaan dari pemula. Mengenai saham DOID. Apa perlu diavg down ketik
Tergantung plannya bapak, kalo uda kecemplung porsi gede dan jebol support bagusan SL tapi kalo masih dikit bisa avg down di support selanjutnya",5:39:07 AM,Sunday March 28 2021,Negatif
86,86,87,Jimmy,"Membalas : Iya betul pak. Nah itu tadi pak Jimmy bilang kalau salah satu kunci trading itu  hindari keramaian . Tapi kenapa ada jg yg bilan
Saya bukan Suhu ya Pak. Masih belajar juga, sedikit di atas niubi lah.

Mungkin pake contoh aja ya yang gampang, ANTM. 

Sampai Kamis minggu lalu. Pasar masih pesimis dengan ANTM. Ada yang bilang harga bandar di 1700. Ada yang bilang mau ke 1000, dsb. Keramaian jelas berada di sisi pesimis.

Nah Jumat lalu, secara chart terlihat kalo tutupan Kamis bisa jadi titik reversal. 

Dan kalo yang mengamati aliran akumulasi, terlihat big player konsisten masuk bertahap di 4-5 hari terakhir.

Dan kita tahu akhir bulan ada rencana pengumuman IBH, tapi kita ga tau akhir bulannya kapan, bisa tanggal 25, 26, dsb sampai tgl 30.

Disini terlihat, ""keramaian"" berada di sisi ""pesimis"", sementara market sudah menunjukkan ada ""pembalikan arah"".

Jadi kita mau tes ikut ""market"" atau ikut ""keramaian""?  

Semoga bisa dipahami ya. Memang tipis bedanya, tapi ya itulah kurang lebih benang merahnya. Mirip kaya liat divergen trend. Kadang selip mata  ",1:30:08 AM,Sunday March 28 2021,Negatif
97,97,98,Bu Nana,"Ikut rules nya pak Billy berarti antm magnetnya ke bawah?
Ini adalah foto",11:50:56 PM,Saturday March 27 2021,Negatif
106,106,107,Ronny,"Membalas : betul, mau gimanapun retail tetaplah retail. selalu ada istilah cuan jual ini yg bikin retail ga akan pernah bisa ngalahin banda
Memang betul hedgefundnya rugi gede2an. Namum selalu dalam peperangan pasti banyak retail kena sembelih   ",9:22:41 PM,Saturday March 27 2021,Negatif
115,115,116,IHSG MORNING STAR OTW 6500,"Membalas : Photo
Iy senin tkt jebol krn rilis lap keu kelek",8:48:56 PM,Saturday March 27 2021,Negatif
125,125,126,Hatsuko,"Membalas : Sependek amatan saya avg down itu boleh dg pertimbangan2: 1. Sahamnya memang liquid 2. Mengenali S&R dg cermat 3. Penggunaan dan
Lebih tepat sebenarnya konsep avg down adalah beli mencicil di satu emiten yg sama. Setelah selesai (mencicil sistem piramida, cicil 2,3,4 kali, dengan alokasi misal 20% total porto) tapi harganya lalu tetap turun 6% dari avg, cutloss. Kalau yg pembelian sekaligus (juga alokasi 20% porto) dan harganya turun juga 6% cutloss. Jadi konsepnya tetap disiplin cutloss saja dari alokasi 20% porto kalau harga turun 6%. Incar lagi saham yg sama setelah trend nya jadi bullish atau cari saham lain.  ",8:13:26 PM,Saturday March 27 2021,Negatif
147,147,148,Charles Prop,"Membalas : Mungkin WB belom pernah menikmati cuan dari scalping Karena buat apa dia sudah kaya raya, hehe
Kalau lihat perjalanan WB. Dia loss bnyk tu di awal. Bahkan berkshire nya itu adalah salah satu kegagalan dia",7:23:09 PM,Saturday March 27 2021,Negatif
157,157,158,Avianto,"Makanya sy koq merasa, banyak teman2 sy yg masih baru di market belum sadar kalo day trading itu zero sum game. 

Jadi kalo dia boncos, pasti ada org lain yg cuan. 

Beda kalo dia beli saham hari ini melihat prospek bagus , akan bagi deviden gede. Eh ternyata 2 minggu kemudian, gak bagi deviden (spt kasus BBTN), wajar kalo dia out dr saham itu krn kebijakan manajemen tdk sesuai yg di harapkan. 

Tapi kalo day trading, dia masuk pagi, sore dia jual... (krn apa dia jual), pasti krn udh cuan kecil (TP) atau krn rugi kecil (CL).",7:17:08 PM,Saturday March 27 2021,Negatif
177,177,178,Fajar Oktavaria,"Tapi yang arb masih 7% aja sudah banyak yang sensi, ga kebayang kalo arb sudah 25% lagi akan seperti apa   ",6:34:17 PM,Saturday March 27 2021,Negatif
178,178,179,Billy,"Membalas : Tim nawar harga ala emak emak saat itu akan senang hu  
Beli di ara lalu dibanting ke arb pake margin pula.. Duh saya pernah bgt dlu kaya gini. Haka saham ga jelas di running trade, selesai market senggol bacok   ",6:33:58 PM,Saturday March 27 2021,Negatif
180,180,181,Taufiq,"Kl balil arb normal, biasanya masnya pasang ts brp persen mas?",6:33:05 PM,Saturday March 27 2021,Negatif
185,185,186,Billy,Ideal nya emang balik lg ke arb normal  .. Tp ya... Siap2 aja yg ga biasa arb 6% goyang nya mantap,6:29:49 PM,Saturday March 27 2021,Negatif
190,190,191,Puspita Wardani,"Membalas : Ci Rui maksdnya ARB simetris apa ya? Noted tadi bahas tapi tidak mengerti mksdnya? 
ARB simetris itu turun 25%",6:22:22 PM,Saturday March 27 2021,Negatif
195,195,196,Denny Wang,"Pak @JuthaBram 

Berarti.  Ini ihsg sdh swing low ya?

Nda turun ke 5800 atau 6000 lg?


Senin pasti org2 pada haka kyk nya..

Apa kita sdh. Mulai masuk fase Party sampe juni?",6:12:21 PM,Saturday March 27 2021,Negatif
197,197,198,Charles Prop,"Contoh yang barusan kejadian adalah BBTN. Dirut ditarik org luar. Investor ngerasa kebijakan bbtn ini uda bagus, tapi berhub org luar masuk maka bakal ada rubah kebijakan lagi dan belum tentu sinergis. Makanya itu saham lsng drop sampe lumayan dalam",6:07:04 PM,Saturday March 27 2021,Negatif
202,202,203,Rui :rocket: :speedboat::dancer: ,"Membalas : Mumpung belum ilang, segera cari opsi pengganti nya
Nah ini sangat setuju hu Ferry ...  Saya sih lebih serem nanti kl ARnya dibuat simetris lagi, ga bisa nyantai2 lagi ah ARB cuma 7%   CL harud super ketat dan money management juga",5:53:13 PM,Saturday March 27 2021,Negatif
273,273,274,Fajar Oktavaria,"Membalas : Ini nih yg namanya cut your loss and protect your profit  
berkat guru-guru disini pak benhan  
semenjak para guru disini sharing pengalaman, saya berpendapat tidak perlu waktu lama untuk bisa ""cut your loss and protect your profit"" atau sederhanakan saja menjaga modal
cukup akui kesalahan dan belajar dari kesalahan   
*notes jika ada yang bertanya saat itu kesalahan terbesar saya dimana, itu saat asri dan dkft htf (disini saya tidak mempersiapkan TS ataupun SL)",12:59:50 PM,Saturday March 27 2021,Negatif
277,277,278,Benhan,"Membalas : engga cutloss jadinya pak, malahan jadi profit  
Benar, maksudnya dah pasang stoploss buat Senin? Kemungkinan bisa turun lagi nih",12:48:26 PM,Saturday March 27 2021,Negatif
287,287,288,DenmasBams,"Membalas : Saya lagi mau coba ini di next trade: never average down. Kalau loss artinya kita salah masuk, ya cepat keluar. Cari opportunit
Minervini itu juga ga pernah average down ternyata...just cut if you make wrong decision.",12:34:05 PM,Saturday March 27 2021,Negatif
296,296,297,Bu Nana,"Membalas : Kalau benar avg Anda 1020, ga perlu ragu Bu. Saya rasa Senin ini ga akan sempat avg down karena harganya dah naik duluan
Tadi pagi saya diskusi ama tmn via pm di bantah ama dia, jelek itu smra , makanya saya cari second opinion",12:15:42 PM,Saturday March 27 2021,Negatif
299,299,300,Bu Nana,"Saya lagi ragu pak Rakhmad, krn uda tinggi tapi masi uptren dan topik pagi ini   Adalah avrg down",12:12:00 PM,Saturday March 27 2021,Negatif
309,309,310,Hatsuko,"Membalas : Average down saya selama ini cuma berhasil untuk keluar di break even modal. Dan itu butuh berminggu2 nunggu reversalnya... Di
Avg down di saham sebenarnya sama saja membeli lagi saham (tapi code sahamnya sama) di harga yang lebih rendah berharap akan naik ke harga breakevennya atau lebih. Sama saja dengan cutloss saham tadi terus membeli saham lain yang diharapkan akan naik juga (cuma kode saham nya pasti berbeda). Karena sudah salah posisi harusnya jangan avg down. Pindah ke lain saham.",11:56:54 AM,Saturday March 27 2021,Negatif
325,325,326,Supriyanto,"Kalo turun, kita average down 2x di bottom",11:34:58 AM,Saturday March 27 2021,Negatif
356,356,357,Hendro Masori,Sudah paham sebenernya resiko loss di saham itu ada. Tapi pada saat itu terjadi susah sekali untuk mengambil keputusan cut loss...,10:46:31 AM,Saturday March 27 2021,Negatif
385,385,386,Billy,Saya ga akan putus assa lg ampe pinjem KTA .. Itu same aja balik lg ke lubang hitam.. Mending natural aja.. Wish me luck....  ,9:43:49 AM,Saturday March 27 2021,Negatif
389,389,390,AAN,"Membalas : Cut lost dulu aja pak senen. Beli yang ASIIk biar bisa join ngobrol disini
Saya ijin KBAG keuangan dulu pak kalau mau cutloss....  ",9:33:07 AM,Saturday March 27 2021,Negatif
391,391,392,Ronny,"Membalas : Sahamku LPPF bingung dirangkai jadi kata apa ya   
Cut lost dulu aja pak senen. Beli yang ASIIk biar bisa join ngobrol disini",9:31:05 AM,Saturday March 27 2021,Negatif
443,443,444,Billy,"Membalas : Masih mending sih pinjem bank buat trading ketimbang margin. Kalau margin kan ada margin call dan harus force sell kalau pinjem
Loh saya pinjem ke bank nya terus dipake trading pake margin.. Kurang apa   ",7:27:52 AM,Saturday March 27 2021,Negatif
448,448,449,Jaidie,"Membalas : Saham mana yg arb berhari2
IKAN mungkin wkwk",7:12:40 AM,Saturday March 27 2021,Negatif
462,462,463,Charles Prop,"Membalas : anak forex TA nya kuat nih  
Loss di forex pahit pak. Lossnya sampe ambles2 ga bersisa krn leveragenya lebih dashyat puluhan sampe ratusan kali lipat dr margin ihsg",1:11:54 AM,Saturday March 27 2021,Negatif
463,463,464,hery,"Membalas : Back Test kenaikanorpenurunan Ex date SS.pptx
wah, BRPT kemarin tidak menyenangkan yah",1:11:45 AM,Saturday March 27 2021,Negatif
506,506,507,Eko Bawono,"#SAME. Sy ga pnya, dan ga pnya intensi apa pun. Grs hitam mnrt sy sinyal jual by candle. Hebatnya GPL lgsung naik lg. Sinyal sell terbaru muncul Rabu. Kamis muncul hammer. When to buy?
Ini adalah foto
",9:53:24 PM,Friday March 26 2021,Negatif
510,510,511,Benhan,"Membalas : Td pas pak HM bahas passion, sy trtarik hehe.. krn gini, ini kan arb msh 7%, dsaat arb 7% market koreksi trader2 yg bru join di
Pasang stoploss 5% aja dijamin aman dari ARB mau berapa persenpun. Asal bukan di saham yg ga liquid",9:45:22 PM,Friday March 26 2021,Negatif
561,561,562,Eko Bawono,"#CMNP ascending base. Struktur harga - volume kurang bagus. Hr ini ditarik gila2an. Sy pnya tapi saya khawatir .
Ini adalah foto
Ini adalah foto",7:07:24 PM,Friday March 26 2021,Negatif
568,568,569,Denny Wang,"Membalas : Yup, swing low confirmed. Semoga 1 april akan jadi last chance to buy before start to retest 6550 lagi di april-Mei...
Untuk ihsg?  6050an itu sdh bottom nya pak jutha?  @JuthaBram 

Btw. Wskt cm turun sedikit meskipun lap keu jelek.. dijagain bandar?",6:51:53 PM,Friday March 26 2021,Negatif
590,590,591,Dave @propertyimpianmurahsurabaya,Waduh CLRA arb da berhari hari,4:34:48 PM,Friday March 26 2021,Negatif
614,614,615,Jimi Yang,Essa ngamuk,2:32:02 PM,Friday March 26 2021,Negatif
624,624,625,as s,bmri kemungkinan bid palsu dr tadi ga kuat2 nanjak  ,1:51:05 PM,Friday March 26 2021,Negatif
631,631,632,Aho Lie,"Membalas : Langsung drop LPPF karena ga boleh mudik
Ini mksdnya pak kadg udh kita analisa dgn berbagai mcm ilmu e kena prank lgs koit   ",1:43:46 PM,Friday March 26 2021,Negatif
633,633,634,Benhan,Langsung drop LPPF karena ga boleh mudik,1:42:49 PM,Friday March 26 2021,Negatif
643,643,644,hery,"Membalas : Keinget saham MASA om, siapa tau ada cerita yg sama kd go private gitu , dpt durian runtuh kalo sahamnya bener
masa dah beberapa kali gagal go private nya. harganya kurang seru  ",1:35:34 PM,Friday March 26 2021,Negatif
649,649,650,Charles Prop,"Membalas : Keinget saham MASA om, siapa tau ada cerita yg sama kd go private gitu , dpt durian runtuh kalo sahamnya bener
Harus liat produk ny jg si pak kenapa bs mau go private. Sngt minim sekarang prusahaan mau go private apalagi lg pandemi gini BU semua",1:26:38 PM,Friday March 26 2021,Negatif
651,651,652,Aliong,"Membalas : Ya kalau kita uda tau mending menjauh saja pak.
Keinget saham MASA om, siapa tau ada cerita yg sama kd go private gitu  , dpt durian runtuh kalo sahamnya bener",1:24:16 PM,Friday March 26 2021,Negatif
670,670,671,Charles Prop,"Membalas : BBKP akan gitu2 aja selama masih ada Bosowa di dalamnya. Jangan disamakan lah
bosowa sudah tersangka tuh. dan mereka uda mulai lepas sahamnya pelan2. kemarin uda ilang 1% porsi bosowa",1:04:47 PM,Friday March 26 2021,Negatif
673,673,674,Aho Lie,Ccsi kejam mau right issue bert 2 hr yglalu mau masuk kemrn lgs Ara sekrg lgs Arb sungguh....   ,1:03:57 PM,Friday March 26 2021,Negatif
674,674,675,Charles Prop,"Membalas : Bakal lbh miris kalau lihat nya BDMN   Harga sisa 1/3
betul bdmn apalagi ya.. Jepang masuk di angka 9000an dibanting sampe 1000an kemarin corona wkwkwk",1:03:44 PM,Friday March 26 2021,Negatif
675,675,676,Soebianto,"Membalas : harus lihat supirnya sih pak siapa gampangnya, kalau cuma liat siapa yg invest, tak kasih contoh saja. KB BUKOPIN pengendalinya
Bakal lbh miris kalau lihat nya BDMN  

Harga sisa 1/3",1:03:21 PM,Friday March 26 2021,Negatif
676,676,677,Benhan,"Membalas : harus lihat supirnya sih pak siapa gampangnya, kalau cuma liat siapa yg invest, tak kasih contoh saja. KB BUKOPIN pengendalinya
BBKP akan gitu2 aja selama masih ada Bosowa di dalamnya. Jangan disamakan lah",1:03:10 PM,Friday March 26 2021,Negatif
687,687,688,Charles Prop,"Membalas : Kalo udah masuk msci kenapa jadi kalem y ? Bandar yg ugal2an dulu pada ke mana? Takut ada satpamnya gitu sekrg y?
uda takut. MG aja uda jarang nongol di antm ",12:33:55 PM,Friday March 26 2021,Negatif
702,702,703,Vincent,"Membalas : Yang seperti ARTO ini jarang2 mungkin setahun cuma ada 3-4 emiten yg growthnya secepat ini. All leading to momennya Gojek IPO. I
Tp pergerankannya udh curam pak. Sesuatu yg naik cepet turunnya cepet juga  ",11:46:03 AM,Friday March 26 2021,Negatif
719,719,720,Aho Lie,"Membalas : Kalo misal sekarang arb pun belum masuk ke harga yang saya pengen
     jgn lagi dong arb jantung saya takut gak kuat  ",11:22:20 AM,Friday March 26 2021,Negatif
721,721,722,Fajar Oktavaria,Kalo misal sekarang arb pun belum masuk ke harga yang saya pengen   ,11:21:01 AM,Friday March 26 2021,Negatif
753,753,754,S farisi,"Membalas : Ia byk yg nyangkut
merasa berdosa jual d 3400 dulu",10:43:38 AM,Friday March 26 2021,Negatif
802,802,803,Virgaust,"Membalas : Tapi kayanya kudu ARA ini biar jebol resisten 496nya biar HTF kak  
it's ok lah gak HTF juga.
asal base nya kuat, apapun bisa terjadi  
kyk waktu itu IMAS gagal confirm pattern, tpi volume masih kecil. cuma delay 1 minggu sebelum :rocket::rocket::rocket:",9:45:12 AM,Friday March 26 2021,Negatif
820,820,821,Eddie,"Baru 10 menit open, BBCA udh dijual asing 50M, awalan yg buruk bagi IHSG   ",9:10:44 AM,Friday March 26 2021,Negatif
822,822,823,Mini Me,"Ada apa dengan IHSG sih, sedih. Rasanya kayak di ghosting  ",9:10:17 AM,Friday March 26 2021,Negatif
823,823,824,Virgaust,"Membalas : tapiii...bursa lain merah ihsg pasti merah   
seengganya, IHSG tampil apa adanya koh. merah ya merah   tidak membuat tersenyum diawal untuk disakiti kemudian  ",9:10:09 AM,Friday March 26 2021,Negatif
826,826,827,Fajar Oktavaria,"Membalas : tapiii...bursa lain merah ihsg pasti merah   
begitu ihsg merah, aplikasi Protrader saya langsung bug ga bisa liat indeks   ",9:08:45 AM,Friday March 26 2021,Negatif
829,829,830,Billy,"Membalas : bursa lain bole ijo...ihsg harus merahhhhhh
tapiii...bursa lain merah ihsg pasti merah   ",9:05:57 AM,Friday March 26 2021,Negatif
850,850,851,Rolando,"Membalas : Arb pak
bukan ARB, belum tentu itu.

@C4lcio belum tentu juga pak.

harga sahamnya dibagi pak, jika SS dengan rasio 1:3 misalnya, harga sahamnya jadinya dibagi 3,
tapi lot yang dimiliki juga dikali 3,
semua terjadi ketika exdate, tidak ada proses lagi setelahnya.
hitungan2 bapak diatas itu ndak valid.",8:46:56 AM,Friday March 26 2021,Negatif
852,852,853,Fajri Yusuf,"Membalas : tahu ndak apa yang terjadi di exdate ketika SS?
Arb pak",8:44:28 AM,Friday March 26 2021,Negatif
859,859,860,Erich,"Membalas : https://www.cnbcindonesia.com/market/20210326073918-17-232977/catat-erick-umumkan-indonesia-battery-corporation-sore-ini
sell on news?? makin ancur dunk si TIA itu  ",8:38:57 AM,Friday March 26 2021,Negatif
860,860,861,Bapakne Naila,"Membalas : Karena masih distribusi. Ini sama dengan SAME juga
Kalo saya sih ngira masih reakum lagi, bikin flag. Belum ada selling climaxnya, volume turun kmaren juga rendah",8:38:57 AM,Friday March 26 2021,Negatif
872,872,873,Erich,"Membalas : dah seperti ada truk melintang di jalan tol. gak bisa ke mana2. mau muterin tanjung harapan? berapa ribu km tuh.
lagian ga ikutan tren digital2 sih kayak ihsg   stuck kan..coba kapal digital, ga akan stuck lama gitu     ",8:16:00 AM,Friday March 26 2021,Negatif
876,876,877,Lord [IHSG] - REBOUND IS REAL,"Membalas : https://www.cnbcindonesia.com/market/20210324141434-17-232525/diskon-gede-karyawan-bisa-beli-saham-bank-agro-murah-meriah
Lanjutkan turunnya  ",7:55:59 AM,Friday March 26 2021,Negatif
11,11,12,rigeladitya,"INCO area demand, ada yang lagi ngumpul in banyak banget.
Ini adalah foto",10:48:22 PM,Monday March 29 2021,Positif
16,16,17,Melvin E. S.,"Membalas : Photo
Tentu ada alasan naik tinggi. Yg sy ingat inkp tkim brpt dan tpia naik multibagger krn fundamentalnya bagus. Lompatan laba ratusan persen didukung penjualan yg juga naik dst..",9:54:45 PM,Monday March 29 2021,Positif
20,20,21,Sales ERAA,"Membalas : Sales eraa ini beneran hehe
ERAA road to 3000
semoga semesta mendukung  ",9:15:08 PM,Monday March 29 2021,Positif
22,22,23,Kaanz ,"Seperti nya CENT jg potensi membentuk cup and handle juga pak guru Eko Bawono , jika pola SSP gagal minggu ini, kalo dilihat dari volume jg mendukung, bagaimana dengan pendapat pak guru  time frame 4h
Ini adalah foto",9:06:59 PM,Monday March 29 2021,Positif
24,24,25,ando,Hrum knp kuat sendiri ya?,8:44:45 PM,Monday March 29 2021,Positif
38,38,39,Rui :rocket: :speedboat::dancer: ,"Membalas : Ada yang bisa jelaskan kenapa bank mayapada arb berjilid2 pasca 3 hari cum date RI? Padahal pas sentimen bank mini terbang, may
Market tidak ada yang tahu pak, tidak semua RI bakalan sukses dan bagus, harusnya tetap berjaga2 ... saya lihat dari awal Maret sampai RI itu MAYA sempet digoreng kencang lho ... dari 3000an k 7000... itu juga diterbangkan kak",7:52:02 PM,Monday March 29 2021,Positif
39,39,40,Rui :rocket: :speedboat::dancer: ,"Membalas : Biasa ada tuh yg beli? Kirain kondisi gini arb ngetem aja ahaha
Ya ngetem berhari2 waktu itu saya, untungnya ada yang ngegoreng lagi jadinya bisa keluar",7:49:04 PM,Monday March 29 2021,Positif
46,46,47,Del,"Membalas : Itu volume gede waktu ngangkat bandar atau retail ya?  Apa bukan bandar yg angkat ARA berjilid2 gitu? Kalo gitu bandar + retail
Good question, yg keluarin duit gede buat naikin harga dgn volum setinggi itu masih pada di dalem, suhu2 apa ada yg bs kasih pemcerahan?",7:22:05 PM,Monday March 29 2021,Positif
48,48,49,Ikke,"takut ke 5.800 beneran gak sih tuh? kemrn udh gila2an, masa hr ini juga",7:15:26 PM,Monday March 29 2021,Positif
53,53,54,Fajar Oktavaria,"Membalas : mungkin member sini ada yg nyangkut di BNBA om, makanya dibahas
Kalo diliat pas naiknya itu banyak yang ngomongin sih disini, mungkin iya ada yang nyangkut",7:09:36 PM,Monday March 29 2021,Positif
62,62,63,Fajar Oktavaria,"Membalas : Pak kl misal kita terjebak di saham ARB berhari2 gmn cara keluar terbaik? Mksdnya kita bs mendahului antrian bandar untuk keluar
jauh sebelum opening pasang jualnya dari malam, sisanya berdoa aja semoga ada yang beli  ",7:04:15 PM,Monday March 29 2021,Positif
93,93,94,Liem Peter,TT langsung ARa,4:04:02 PM,Monday March 29 2021,Positif
107,107,108,Jay Jay,"Membalas : Photo
buset jantungnya kuat? dari arb jd ara",3:06:08 PM,Monday March 29 2021,Positif
111,111,112,Billy,"Congrats yg punya era... ARA hari ini
Ini adalah foto",2:58:11 PM,Monday March 29 2021,Positif
123,123,124,Rendi Setiawan,Ikan sesi 2 ara   ,2:50:54 PM,Monday March 29 2021,Positif
139,139,140,Liem Peter,"candle volume W2 Cent  lebih tinggi dari candle pertama, candle Volume W3 nya harus lebih tinggi ya untuk SSP nya??",2:36:58 PM,Monday March 29 2021,Positif
140,140,141,Septianto Francisco,ERAA jgn ketinggalan kereta :rocket::rocket:,2:36:53 PM,Monday March 29 2021,Positif
141,141,142,Kaanz ,"Membalas : saya baru sadar hari ini volumenya lumayan besar juga ya
Tanda"" pak, harganya turun tapi volume beli naik ",2:26:12 PM,Monday March 29 2021,Positif
145,145,146,den,"Membalas : Deviden BBCA Final: Rp 530 / lembar Adjustment: Dikurang deviden interim Rp 98 di 22 Desember 2020 Sisa: Rp 432 / lembar Cum d
wow naik 2x dr thn lalu ya",2:18:37 PM,Monday March 29 2021,Positif
149,149,150,Chezy,"Deviden BBCA
Final: Rp 530 / lembar 
Adjustment: Dikurang deviden interim Rp 98 di 22 Desember 2020
Sisa: Rp 432 / lembar

Cum date: 5 April 2021
Ex Date: 6 April 2021
Rec Date: 7 April 2021
Payment Date: 28 April 2021",2:17:29 PM,Monday March 29 2021,Positif
152,152,153,Kaanz ,"Membalas : Betul pak , pas di fibonacci 0,618 
Perusahaan clover beli diharga 262 pak, jadi kalo jebol di 260 udah ga menarik lagi ",2:15:36 PM,Monday March 29 2021,Positif
154,154,155,Puspita Wardani,"Membalas : CENT ke 250 aja lbh menarik
170 lg boleh tak  ",2:14:11 PM,Monday March 29 2021,Positif
155,155,156,WA,CENT ke 250 aja lbh menarik,2:13:12 PM,Monday March 29 2021,Positif
158,158,159,Tama,"Membalas : beli di 302 ya?
buy if break 300 nya pas market jalan  ",2:12:42 PM,Monday March 29 2021,Positif
160,160,161,Aho Lie,"Membalas : CENT kira kira masih bisa naik ga ya
Semua bisa naik atau turun says yg didlm ngarepin naik sebaliknya ",2:09:34 PM,Monday March 29 2021,Positif
164,164,165,Muhammag kuncoro,Poly yuk gaes entry 72 jual besok 80,2:07:03 PM,Monday March 29 2021,Positif
166,166,167,Faliq H,"Membalas : CENT kira kira masih bisa naik ga ya
beli di 302 ya?",2:06:39 PM,Monday March 29 2021,Positif
167,167,168,Tommy Hermes,CENT kira kira masih bisa naik ga ya,2:06:26 PM,Monday March 29 2021,Positif
173,173,174,Puspita Wardani,"Membalas : *CENT* *Clover Universal Tambah Kepemilikan di Centratama (CENT) Jadi 47,95 Persen* *_Entitas anak dari Northstar Advisors Pte
Ayo haka2 lg  ",1:57:26 PM,Monday March 29 2021,Positif
175,175,176,Septio Hanifa,BKSL Gassss,1:55:50 PM,Monday March 29 2021,Positif
182,182,183,Aho Lie,"Membalas : pasti happy dong minggu lalu aja pembahasan saham lain dikiranya cent  
Kli untung pasti hepi  ",1:51:47 PM,Monday March 29 2021,Positif
204,204,205,Johny,"Membalas : CENT break 300 minggu ini confirm SSP
Wah CENT yang haka member the traders disini ini  ",1:36:53 PM,Monday March 29 2021,Positif
228,228,229,Fajar Oktavaria,"Membalas : Kata pakde HM kalo break 300 confirm ssp apa nunggu break ya buat avg up
""CENT break 300 minggu ini confirm SSP"", minggu ininya jangan lupa dibaca juga ya pak
missleading nanti jadinya  ",12:45:28 PM,Monday March 29 2021,Positif
230,230,231,Kaanz ,"Membalas : Makin ramai = biaya yg harus dikeluarkan bandar makin besar maka bisa merusak pola,
Betul  mngkanya jangan diomongin terus 

Ardiyan kalo break bisa cicil jngan all in, tunggu candle konfirm hari jum'at karna hitungan weekly, berhubung jum'at tanggal merah jadi hari kamis ",12:41:15 PM,Monday March 29 2021,Positif
231,231,232,Hendro Masori,"Membalas : Cent masi boleh avg up gak ya?
Boleh asal tau aturan avg up",12:41:08 PM,Monday March 29 2021,Positif
232,232,233,Fajar Oktavaria,"Membalas : Kata pakde HM kalo break 300 confirm ssp apa nunggu break ya buat avg up
Minggu ini bukan hari ini, SSP weekly bukan daily
jadi confirmnya ya nanti kamis
jika mau avg up ya lebih baik saat confirm *jika alasannya pola, jika RI lain urusan",12:40:32 PM,Monday March 29 2021,Positif
237,237,238,Jafar Sim,"Cent jadi rame, bukan saya yg rame in yaa   Aho    ",12:37:24 PM,Monday March 29 2021,Positif
245,245,246,Novra,"Membalas : CENT break 300 minggu ini confirm SSP
Sy udh curi start duluan pak    ",12:13:48 PM,Monday March 29 2021,Positif
248,248,249,Rui :rocket: :speedboat::dancer: ,"Membalas : SAME gmana ci? Masih boleh masuk?
Saya masi nawar ala emak2 di 420an kak   ",12:03:26 PM,Monday March 29 2021,Positif
254,254,255,Kaanz ,"Membalas : CENT break 300 minggu ini confirm SSP
Mantap pak de masih fullcash nunggu SSP , udah nunggu dari kemarin ",11:51:27 AM,Monday March 29 2021,Positif
257,257,258,Hendro Masori,CENT break 300 minggu ini confirm SSP,11:49:17 AM,Monday March 29 2021,Positif
258,258,259,M Rodi,"Membalas : Gd luck
siyap haka LUCK.  ",11:48:57 AM,Monday March 29 2021,Positif
267,267,268,Bu Nana,Wah cent ada repo,11:41:14 AM,Monday March 29 2021,Positif
269,269,270,Ferri Sutanto,"Meneer #ASRI sepertinya ini valid buy y pak  
Ini adalah foto",11:38:02 AM,Monday March 29 2021,Positif
276,276,277,Nyangkuter Teh Pucuk,serem antm dipagerin 559K lot   ,11:29:42 AM,Monday March 29 2021,Positif
277,277,278,Aho Lie,"Membalas : Hr ini CENT nya ngegas trs  
Saya gasss...in    ",11:25:57 AM,Monday March 29 2021,Positif
278,278,279,Puspita Wardani,Hr ini CENT nya ngegas trs  ,11:23:33 AM,Monday March 29 2021,Positif
286,286,287,Dane Fernando,"Ga da plan trading, ya beli PLAN aja ",10:45:22 AM,Monday March 29 2021,Positif
287,287,288,Johny,"Membalas : https://www.cnbcindonesia.com/market/20210316115228-17-230456/lunasi-repo-trimegah-sekuritas-lepas-saham-cent-rp-398-m
Cent ini rumournya dibeli Digital colony",10:43:07 AM,Monday March 29 2021,Positif
290,290,291,Jafar Sim,"Bbri deviden rp. 98.9 eeuuyyy
Ini adalah foto",10:12:37 AM,Monday March 29 2021,Positif
298,298,299,Johny,"Membalas : CENT RI kapan ya? Udah ada tanggal nya kah?
Belom ada tanggalnya, lagi dikerek tu, paling sebentar lagi keluar tanggal RI nya  ",9:56:45 AM,Monday March 29 2021,Positif
303,303,304,Liem Peter,WIIM ciamik tenan,9:55:29 AM,Monday March 29 2021,Positif
310,310,311,Johny,"Caution! 
CENT is the buyer for ISAT 4k tower, heard buying at around USD740mn. This is a very good pricing as we are expecting at around USD570-600mn tower sales value.

+ Positive for ISAT as it strengthens the balance sheet and ample of capital for future spectrum acquisition/capex

+ CENT announced their plan for RI, targeting to issue 34bn shares",9:47:59 AM,Monday March 29 2021,Positif
318,318,319,Mamba Mentallity,"Membalas : CENT nya jgn lupa  
BO kayaknya",9:35:41 AM,Monday March 29 2021,Positif
319,319,320,Go Jiu,"Berusaha mengakhiri fase downtrend, hr ini BRPT mencoba menembus level psikologis 1.000.

Recommendation: Spec BUY
Target Price I: 1.120
Target Price II: 1.225
Stop Loss: < 930

Disclaimer


Credit: @quantumresearch_idx
Ini adalah foto",9:34:47 AM,Monday March 29 2021,Positif
322,322,323,Puspita Wardani,ASSA terbang lg yuk  ,9:32:34 AM,Monday March 29 2021,Positif
324,324,325,Mic,Wood jpfa main haka,9:25:50 AM,Monday March 29 2021,Positif
325,325,326,Puspita Wardani,"Membalas : Essa ada isu apa
Harga amonia naik trs makanya ESSA ngegas tiap hr",9:14:39 AM,Monday March 29 2021,Positif
329,329,330,Jafar Sim,"Dmmx naik tapi tidak dengan volume besar, berarti pola htf nya gagal ya?     ",9:10:43 AM,Monday March 29 2021,Positif
346,346,347,Eds,"Membalas : BBTN rebound ga si hrusnya gais?
Kemungkinan iya",8:21:57 AM,Monday March 29 2021,Positif
359,359,360,M,"Membalas : https://ekonomi.bisnis.com/read/20210327/257/1373282/cukai-batal-naik-produsen-rokok-kretek-tangan-bernapas-lega#.YF63BZSm09Q.wh
Hmsp bagus ya pak billy karna cukai dibatalkan?",6:55:41 AM,Monday March 29 2021,Positif
4,4,5,Al Blenk,"Membalas : besok ijo tebel
Bukan masalh ijonya.,tpi trnsaksinya ,.ihsg ijo tpi emiten bluechip dll pda kebakar   ",11:32:44 PM,Monday March 29 2021,Negatif
5,5,6,Faliq H,"Membalas : IHSG ijo kok transaksi miskin sekali ya.,,apakah bandar lgi rombongan ziarah religi ???
bandarnya dikrangkeng, ga bisa goreng POSA, MYRX, TRAM, JGLE",11:30:43 PM,Monday March 29 2021,Negatif
6,6,7,Al Blenk,"IHSG ijo kok transaksi miskin sekali ya.,,apakah bandar lgi rombongan ziarah religi ???  ",11:26:12 PM,Monday March 29 2021,Negatif
19,19,20,Mbah Bedjo,"Membalas : ERAA road to 3000 semoga semesta mendukung  
Sayangnya semesta gak mendukung   ",9:39:54 PM,Monday March 29 2021,Negatif
28,28,29,shendy,"Membalas : Bnba dikunci ARB yg kunci bandar?
dibalik aja... liat harga kaya gitu ritel berani masuk kah?",8:19:54 PM,Monday March 29 2021,Negatif
29,29,30,cuaners,"Membalas : Photo
Bnba dikunci ARB yg kunci bandar?",8:18:53 PM,Monday March 29 2021,Negatif
31,31,32,shendy,"Membalas : pernah coba tapi gagal,krna di setiap jam buka langgsung d ARB, jadinya nyangkut terus
pasangnya harga arb juga... nanti ketika ga dikunci langsung lepas sendiri...
sementara ketika masih dikunci sih ya pasti belon bisa wong ga ada yang buyernya",8:09:36 PM,Monday March 29 2021,Negatif
33,33,34,Nixon Maia,"Membalas : yes
pernah coba tapi  gagal,krna di setiap jam buka langgsung d ARB, jadinya nyangkut terus",8:06:45 PM,Monday March 29 2021,Negatif
34,34,35,Hendro Masori,Gak terlalu meyakinkan buat saya sih,8:05:55 PM,Monday March 29 2021,Negatif
36,36,37,Fauzan Tarmizi,"Membalas : Market tidak ada yang tahu pak, tidak semua RI bakalan sukses dan bagus, harusnya tetap berjaga2 ... saya lihat dari awal Maret
Kacau, memang sedikit sekali maya ini total lot harian perdagangannya,

Liat arto RI kemaren, saat ex date, kencengnya bukan main",7:57:22 PM,Monday March 29 2021,Negatif
40,40,41,Fauzan Tarmizi,"Ada yang bisa jelaskan kenapa bank mayapada arb berjilid2 pasca 3 hari cum date RI?

Padahal pas sentimen bank mini terbang, mayapada saya liat kalem2 aja ga ikutan terbang, tetap kisaran 7000'an, lalu tujuan RI juga untuk ekspansi bisnis, tapi kenapa ARB berjilid2 ga berkesudahan ya, sudah FL hampir 53% saya   ",7:48:46 PM,Monday March 29 2021,Negatif
41,41,42,Noval Najib,"Membalas : Begitu tutup bursa, lsg masukkan order sell di harga ARB besok harinya dan berdoa bin berharap ada yang berbaik hati mau jemput
Biasa ada tuh yg beli? Kirain kondisi gini arb ngetem aja ahaha",7:47:51 PM,Monday March 29 2021,Negatif
50,50,51,Vincent,"Membalas : mungkin member sini ada yg nyangkut di BNBA om, makanya dibahas
Saya nyangkut pak, avg 2550 dr untung jd buntung (small portion) thanks buat bei    kalo gada acara suspend suspenan mungkin masih sempet exit sblm dibantai",7:13:12 PM,Monday March 29 2021,Negatif
51,51,52,An Aan,"Membalas : Olt apa yg bisa order sehari sebelumnya pak?
Sesama korban ARB, mau ikut antri  ",7:12:37 PM,Monday March 29 2021,Negatif
63,63,64,Kambing Trader,"Membalas : Photo
Cuman sebatas ARA 3X pak... apa kabar yg ambil dari bawah terus jual di pucuk?",7:03:57 PM,Monday March 29 2021,Negatif
67,67,68,Herni,Pak kl misal kita terjebak di saham ARB berhari2 gmn cara keluar terbaik? Mksdnya kita bs mendahului antrian bandar untuk keluar?,7:01:44 PM,Monday March 29 2021,Negatif
70,70,71,Hendro Masori,"Membalas : ARB berjilid2 bgni apa nggak di suspend y? Maaf, newbie bertanya.
BEI mah cuek aja",7:00:57 PM,Monday March 29 2021,Negatif
76,76,77,Nixon Maia,"Membalas : Photo
Salah Langkah, Bandarnya sadis, mau d ARB kan brp kali supaya dia puas ",6:54:29 PM,Monday March 29 2021,Negatif
77,77,78,Panji Wirawan,Sy kena di BBSI itu...hr trkhir sblum drop udah pasang sell di jam 15.05...ga bisa pasang...besoknya smpai hr ini ada kira2 40an % loss...untung MM nya msh aman...kalau ga amsiong itu...,6:54:00 PM,Monday March 29 2021,Negatif
83,83,84,Fadli,"Membalas : Supirnya mengerikan ini pak guru, sekali dihantem ga dikasih ampun
Pernah dari +10% tiba2 arb wkwk",6:33:25 PM,Monday March 29 2021,Negatif
89,89,90,ARAKAN IHSG 30MAR - 01 APRIL THE LAST SEROK,"Membalas : Photo
Domestik yg mst di tindak.. mreka yg td kompak mengarb kan saham hingga ihsg lemah.. tktny ad broker domestik yg jd akun asing",5:23:35 PM,Monday March 29 2021,Negatif
92,92,93,Novagus VP,"Rombongan KCL,, Korban Cut Loss  ",4:07:46 PM,Monday March 29 2021,Negatif
110,110,111,ARAKAN IHSG 30MAR - 01 APRIL THE LAST SEROK,"Membalas : Pakde @hmasori ada 3 sektor yg bisa dijadiin pantauan utk next week. 1. Banking 2. Properti dan konstruksi BUMN yg rata2 besok d
Sangkut brp wskt sy jg sangkut santuy itu bandar sdh habis distribusi.. tgl menunggu wkt diangkat jgn dibahas trs pak biar diam2 dinaikin saham kalau trs dibahas diarb kan bandar nnt.. bandar bertebaran di grup mana2 hati2",2:58:16 PM,Monday March 29 2021,Negatif
117,117,118,apieth,Sayang amat cent nya ga close d 300 ya pak,2:52:31 PM,Monday March 29 2021,Negatif
119,119,120,Muhammag kuncoro,Ngapain beli antam 3 bulan sekali cuma orofit  11% beli ikan sehari bisa dapat 25% makasih bandar ngehayal terus    ,2:52:21 PM,Monday March 29 2021,Negatif
130,130,131,Yudha,Antm arb,2:41:18 PM,Monday March 29 2021,Negatif
135,135,136,as s,akhirnya antim arb wkwk,2:39:19 PM,Monday March 29 2021,Negatif
148,148,149,Kaanz ,"Membalas : Dpt harga 278 hr ini udh bagus menurut saya 
Hahaha cicil dulu 1 lot pak  rugi pun ga seberapa kalo turun di 268 ",2:17:50 PM,Monday March 29 2021,Negatif
150,150,151,Puspita Wardani,IHSG merah saatnya gorengan cryspy  ,2:17:22 PM,Monday March 29 2021,Negatif
157,157,158,rahmad,ikan tuh yg bosen liat ihsg lesu ,2:13:04 PM,Monday March 29 2021,Negatif
168,168,169,Dharma,Sepi amat ihsg cuma 6T  ,2:04:46 PM,Monday March 29 2021,Negatif
169,169,170,Aho Lie,"Membalas : Sdh diem yuk biar senyap dulu,biar turun dulu, nanti beli lg  
Gak bkln kash turun dibawah 278 klo pegamatan saya",2:02:07 PM,Monday March 29 2021,Negatif
171,171,172,Puspita Wardani,"Membalas : Betul disitu ada area suportnya , cmiww
Sdh diem yuk biar senyap dulu,biar turun dulu, nanti beli lg  ",2:01:23 PM,Monday March 29 2021,Negatif
172,172,173,Yudha,"Antm kemarin terbangin indeks, skrg jd beban indeks  ",2:01:12 PM,Monday March 29 2021,Negatif
176,176,177,Puspita Wardani,"Membalas : 224 lagi plis
ARB brp kali ini  ",1:55:35 PM,Monday March 29 2021,Negatif
190,190,191,Aal,"Membalas : Photo
Hampir aja nyesel jual di 298",1:44:13 PM,Monday March 29 2021,Negatif
192,192,193,Hendra,Hk closing aja biar aman  ,1:43:34 PM,Monday March 29 2021,Negatif
195,195,196,rahmad,ihsg mulai nyungsep ,1:42:24 PM,Monday March 29 2021,Negatif
198,198,199,Erich,gmana brani jalanin swf kl masi sering bom sana sini?    ,1:39:38 PM,Monday March 29 2021,Negatif
200,200,201,Faliq H,"Membalas : Dalem banget wskt nya , untung sempet keluar dari kmrn kmrn
Saya baru keluar td di atas, skrng liat ambles dalam rasanya ingin jadi ironmen wkwkwk",1:38:04 PM,Monday March 29 2021,Negatif
202,202,203,Alzie Al Fachri,"Dalem banget wskt nya , untung sempet keluar dari kmrn kmrn  ",1:37:14 PM,Monday March 29 2021,Negatif
203,203,204,Jay Jay,wskt rugi 9T. lg dibenahi kok. tadi uda ada berita restrukturisasi. apa nanti ada berita jualan tol? restrukturisasi himbara?,1:36:58 PM,Monday March 29 2021,Negatif
205,205,206,Tommy Hermes,"Membalas : .... Ya mmg saya salah sih. Beli di pucuk Ga cutloss Rugi 9t wskt And swf ga ngaruh tnyt..
Cutloss wskt 9t ?",1:34:24 PM,Monday March 29 2021,Negatif
213,213,214,Denny Wang,"....  Ya mmg saya salah sih. Beli di pucuk

Ga cutloss

Rugi 9t wskt
And swf ga ngaruh tnyt..",1:31:54 PM,Monday March 29 2021,Negatif
225,225,226,Denny Wang,"Pakde @hmasori ada 3 sektor yg bisa dijadiin pantauan utk next week.
1. Banking
2. Properti dan konstruksi BUMN yg rata2 besok dapag dukungan momentum pembalik
3. Coal mining yg masih bullish...


Pak @JuthaBram 


Konstruksi  wskt break 1300 pak jutha..

Turun trus ga ada abise..

Apa ak jual saja kah

Loss gila2an.. 30% an",1:17:10 PM,Monday March 29 2021,Negatif
280,280,281,Muhammad Fajar,"Ihsg ijoo, kok sepi yaaa, lemah lesuu",11:19:16 AM,Monday March 29 2021,Negatif
283,283,284,Johny,"Membalas : Pantau KPAL
TP?",11:11:03 AM,Monday March 29 2021,Negatif
288,288,289,Al Blenk,"Membalas : ANTM saham pertama yg saya latihan untuk trading.. itu saham cocoknya 200 poin TP sekali 200 poin TP sekali.. jgn krn mau TP byk
Wkwk bner om.,ANTM dan TINS satu family.,xlo abis rally 150-200 point loyo dah
Emg pas buat celap celup  ",10:13:26 AM,Monday March 29 2021,Negatif
289,289,290,Fajar Oktavaria,"permintaan saya mudah, jangan mampir ke cent ataupun wiim ya udah gitu aja",10:13:23 AM,Monday March 29 2021,Negatif
309,309,310,ARAKAN IHSG 30MAR - 01 APRIL THE LAST SEROK,"Membalas : Ga punya pasangan om, sendirian dari dulu 
sudah TP gjtl ckkckckck",9:48:31 AM,Monday March 29 2021,Negatif
328,328,329,Kaanz ,"Membalas : Dmmx naik tapi tidak dengan volume besar, berarti pola htf nya gagal ya?     
Minggu ini harus breakout kalo tidak bisa berarti pola HTF gaga  ",9:11:36 AM,Monday March 29 2021,Negatif
352,352,353,Eriant Yosua,Ada yg tau kenapa bbca downtrend ? Kira2 suport terdekat dmn ya?,7:33:05 AM,Monday March 29 2021,Negatif
363,363,364,Rocky Thohir,"Membalas : Wah sabotase ?
Pure bencana",2:28:40 AM,Monday March 29 2021,Negatif
366,366,367,Bu Nana,"Membalas : Lha kan kemarin sudah janji sama bu Nana  
Trimakasi Meneer saya baru sampe rmh, besok pagi baru bisa baca lbh detail, 

slamat malam dan beristirahat",11:30:18 PM,Sunday March 28 2021,Negatif
11,11,12,rigeladitya,"INCO area demand, ada yang lagi ngumpul in banyak banget.
Ini adalah foto",10:48:22 PM,Monday March 29 2021,Positif
16,16,17,Melvin E. S.,"Membalas : Photo
Tentu ada alasan naik tinggi. Yg sy ingat inkp tkim brpt dan tpia naik multibagger krn fundamentalnya bagus. Lompatan laba ratusan persen didukung penjualan yg juga naik dst..",9:54:45 PM,Monday March 29 2021,Positif
20,20,21,Sales ERAA,"Membalas : Sales eraa ini beneran hehe
ERAA road to 3000
semoga semesta mendukung  ",9:15:08 PM,Monday March 29 2021,Positif
22,22,23,Kaanz ,"Seperti nya CENT jg potensi membentuk cup and handle juga pak guru Eko Bawono , jika pola SSP gagal minggu ini, kalo dilihat dari volume jg mendukung, bagaimana dengan pendapat pak guru  time frame 4h
Ini adalah foto",9:06:59 PM,Monday March 29 2021,Positif
24,24,25,ando,Hrum knp kuat sendiri ya?,8:44:45 PM,Monday March 29 2021,Positif
38,38,39,Rui :rocket: :speedboat::dancer: ,"Membalas : Ada yang bisa jelaskan kenapa bank mayapada arb berjilid2 pasca 3 hari cum date RI? Padahal pas sentimen bank mini terbang, may
Market tidak ada yang tahu pak, tidak semua RI bakalan sukses dan bagus, harusnya tetap berjaga2 ... saya lihat dari awal Maret sampai RI itu MAYA sempet digoreng kencang lho ... dari 3000an k 7000... itu juga diterbangkan kak",7:52:02 PM,Monday March 29 2021,Positif
39,39,40,Rui :rocket: :speedboat::dancer: ,"Membalas : Biasa ada tuh yg beli? Kirain kondisi gini arb ngetem aja ahaha
Ya ngetem berhari2 waktu itu saya, untungnya ada yang ngegoreng lagi jadinya bisa keluar",7:49:04 PM,Monday March 29 2021,Positif
46,46,47,Del,"Membalas : Itu volume gede waktu ngangkat bandar atau retail ya?  Apa bukan bandar yg angkat ARA berjilid2 gitu? Kalo gitu bandar + retail
Good question, yg keluarin duit gede buat naikin harga dgn volum setinggi itu masih pada di dalem, suhu2 apa ada yg bs kasih pemcerahan?",7:22:05 PM,Monday March 29 2021,Positif
48,48,49,Ikke,"takut ke 5.800 beneran gak sih tuh? kemrn udh gila2an, masa hr ini juga",7:15:26 PM,Monday March 29 2021,Positif
53,53,54,Fajar Oktavaria,"Membalas : mungkin member sini ada yg nyangkut di BNBA om, makanya dibahas
Kalo diliat pas naiknya itu banyak yang ngomongin sih disini, mungkin iya ada yang nyangkut",7:09:36 PM,Monday March 29 2021,Positif
62,62,63,Fajar Oktavaria,"Membalas : Pak kl misal kita terjebak di saham ARB berhari2 gmn cara keluar terbaik? Mksdnya kita bs mendahului antrian bandar untuk keluar
jauh sebelum opening pasang jualnya dari malam, sisanya berdoa aja semoga ada yang beli  ",7:04:15 PM,Monday March 29 2021,Positif
93,93,94,Liem Peter,TT langsung ARa,4:04:02 PM,Monday March 29 2021,Positif
107,107,108,Jay Jay,"Membalas : Photo
buset jantungnya kuat? dari arb jd ara",3:06:08 PM,Monday March 29 2021,Positif
111,111,112,Billy,"Congrats yg punya era... ARA hari ini
Ini adalah foto",2:58:11 PM,Monday March 29 2021,Positif
123,123,124,Rendi Setiawan,Ikan sesi 2 ara   ,2:50:54 PM,Monday March 29 2021,Positif
139,139,140,Liem Peter,"candle volume W2 Cent  lebih tinggi dari candle pertama, candle Volume W3 nya harus lebih tinggi ya untuk SSP nya??",2:36:58 PM,Monday March 29 2021,Positif
140,140,141,Septianto Francisco,ERAA jgn ketinggalan kereta :rocket::rocket:,2:36:53 PM,Monday March 29 2021,Positif
141,141,142,Kaanz ,"Membalas : saya baru sadar hari ini volumenya lumayan besar juga ya
Tanda"" pak, harganya turun tapi volume beli naik ",2:26:12 PM,Monday March 29 2021,Positif
145,145,146,den,"Membalas : Deviden BBCA Final: Rp 530 / lembar Adjustment: Dikurang deviden interim Rp 98 di 22 Desember 2020 Sisa: Rp 432 / lembar Cum d
wow naik 2x dr thn lalu ya",2:18:37 PM,Monday March 29 2021,Positif
149,149,150,Chezy,"Deviden BBCA
Final: Rp 530 / lembar 
Adjustment: Dikurang deviden interim Rp 98 di 22 Desember 2020
Sisa: Rp 432 / lembar

Cum date: 5 April 2021
Ex Date: 6 April 2021
Rec Date: 7 April 2021
Payment Date: 28 April 2021",2:17:29 PM,Monday March 29 2021,Positif
152,152,153,Kaanz ,"Membalas : Betul pak , pas di fibonacci 0,618 
Perusahaan clover beli diharga 262 pak, jadi kalo jebol di 260 udah ga menarik lagi ",2:15:36 PM,Monday March 29 2021,Positif
154,154,155,Puspita Wardani,"Membalas : CENT ke 250 aja lbh menarik
170 lg boleh tak  ",2:14:11 PM,Monday March 29 2021,Positif
155,155,156,WA,CENT ke 250 aja lbh menarik,2:13:12 PM,Monday March 29 2021,Positif
158,158,159,Tama,"Membalas : beli di 302 ya?
buy if break 300 nya pas market jalan  ",2:12:42 PM,Monday March 29 2021,Positif
160,160,161,Aho Lie,"Membalas : CENT kira kira masih bisa naik ga ya
Semua bisa naik atau turun says yg didlm ngarepin naik sebaliknya ",2:09:34 PM,Monday March 29 2021,Positif
164,164,165,Muhammag kuncoro,Poly yuk gaes entry 72 jual besok 80,2:07:03 PM,Monday March 29 2021,Positif
166,166,167,Faliq H,"Membalas : CENT kira kira masih bisa naik ga ya
beli di 302 ya?",2:06:39 PM,Monday March 29 2021,Positif
167,167,168,Tommy Hermes,CENT kira kira masih bisa naik ga ya,2:06:26 PM,Monday March 29 2021,Positif
173,173,174,Puspita Wardani,"Membalas : *CENT* *Clover Universal Tambah Kepemilikan di Centratama (CENT) Jadi 47,95 Persen* *_Entitas anak dari Northstar Advisors Pte
Ayo haka2 lg  ",1:57:26 PM,Monday March 29 2021,Positif
175,175,176,Septio Hanifa,BKSL Gassss,1:55:50 PM,Monday March 29 2021,Positif
182,182,183,Aho Lie,"Membalas : pasti happy dong minggu lalu aja pembahasan saham lain dikiranya cent  
Kli untung pasti hepi  ",1:51:47 PM,Monday March 29 2021,Positif
204,204,205,Johny,"Membalas : CENT break 300 minggu ini confirm SSP
Wah CENT yang haka member the traders disini ini  ",1:36:53 PM,Monday March 29 2021,Positif
228,228,229,Fajar Oktavaria,"Membalas : Kata pakde HM kalo break 300 confirm ssp apa nunggu break ya buat avg up
""CENT break 300 minggu ini confirm SSP"", minggu ininya jangan lupa dibaca juga ya pak
missleading nanti jadinya  ",12:45:28 PM,Monday March 29 2021,Positif
230,230,231,Kaanz ,"Membalas : Makin ramai = biaya yg harus dikeluarkan bandar makin besar maka bisa merusak pola,
Betul  mngkanya jangan diomongin terus 

Ardiyan kalo break bisa cicil jngan all in, tunggu candle konfirm hari jum'at karna hitungan weekly, berhubung jum'at tanggal merah jadi hari kamis ",12:41:15 PM,Monday March 29 2021,Positif
231,231,232,Hendro Masori,"Membalas : Cent masi boleh avg up gak ya?
Boleh asal tau aturan avg up",12:41:08 PM,Monday March 29 2021,Positif
232,232,233,Fajar Oktavaria,"Membalas : Kata pakde HM kalo break 300 confirm ssp apa nunggu break ya buat avg up
Minggu ini bukan hari ini, SSP weekly bukan daily
jadi confirmnya ya nanti kamis
jika mau avg up ya lebih baik saat confirm *jika alasannya pola, jika RI lain urusan",12:40:32 PM,Monday March 29 2021,Positif
237,237,238,Jafar Sim,"Cent jadi rame, bukan saya yg rame in yaa   Aho    ",12:37:24 PM,Monday March 29 2021,Positif
245,245,246,Novra,"Membalas : CENT break 300 minggu ini confirm SSP
Sy udh curi start duluan pak    ",12:13:48 PM,Monday March 29 2021,Positif
248,248,249,Rui :rocket: :speedboat::dancer: ,"Membalas : SAME gmana ci? Masih boleh masuk?
Saya masi nawar ala emak2 di 420an kak   ",12:03:26 PM,Monday March 29 2021,Positif
254,254,255,Kaanz ,"Membalas : CENT break 300 minggu ini confirm SSP
Mantap pak de masih fullcash nunggu SSP , udah nunggu dari kemarin ",11:51:27 AM,Monday March 29 2021,Positif
257,257,258,Hendro Masori,CENT break 300 minggu ini confirm SSP,11:49:17 AM,Monday March 29 2021,Positif
258,258,259,M Rodi,"Membalas : Gd luck
siyap haka LUCK.  ",11:48:57 AM,Monday March 29 2021,Positif
267,267,268,Bu Nana,Wah cent ada repo,11:41:14 AM,Monday March 29 2021,Positif
269,269,270,Ferri Sutanto,"Meneer #ASRI sepertinya ini valid buy y pak  
Ini adalah foto",11:38:02 AM,Monday March 29 2021,Positif
276,276,277,Nyangkuter Teh Pucuk,serem antm dipagerin 559K lot   ,11:29:42 AM,Monday March 29 2021,Positif
277,277,278,Aho Lie,"Membalas : Hr ini CENT nya ngegas trs  
Saya gasss...in    ",11:25:57 AM,Monday March 29 2021,Positif
278,278,279,Puspita Wardani,Hr ini CENT nya ngegas trs  ,11:23:33 AM,Monday March 29 2021,Positif
286,286,287,Dane Fernando,"Ga da plan trading, ya beli PLAN aja ",10:45:22 AM,Monday March 29 2021,Positif
287,287,288,Johny,"Membalas : https://www.cnbcindonesia.com/market/20210316115228-17-230456/lunasi-repo-trimegah-sekuritas-lepas-saham-cent-rp-398-m
Cent ini rumournya dibeli Digital colony",10:43:07 AM,Monday March 29 2021,Positif
290,290,291,Jafar Sim,"Bbri deviden rp. 98.9 eeuuyyy
Ini adalah foto",10:12:37 AM,Monday March 29 2021,Positif
298,298,299,Johny,"Membalas : CENT RI kapan ya? Udah ada tanggal nya kah?
Belom ada tanggalnya, lagi dikerek tu, paling sebentar lagi keluar tanggal RI nya  ",9:56:45 AM,Monday March 29 2021,Positif
303,303,304,Liem Peter,WIIM ciamik tenan,9:55:29 AM,Monday March 29 2021,Positif
310,310,311,Johny,"Caution! 
CENT is the buyer for ISAT 4k tower, heard buying at around USD740mn. This is a very good pricing as we are expecting at around USD570-600mn tower sales value.

+ Positive for ISAT as it strengthens the balance sheet and ample of capital for future spectrum acquisition/capex

+ CENT announced their plan for RI, targeting to issue 34bn shares",9:47:59 AM,Monday March 29 2021,Positif
318,318,319,Mamba Mentallity,"Membalas : CENT nya jgn lupa  
BO kayaknya",9:35:41 AM,Monday March 29 2021,Positif
319,319,320,Go Jiu,"Berusaha mengakhiri fase downtrend, hr ini BRPT mencoba menembus level psikologis 1.000.

Recommendation: Spec BUY
Target Price I: 1.120
Target Price II: 1.225
Stop Loss: < 930

Disclaimer


Credit: @quantumresearch_idx
Ini adalah foto",9:34:47 AM,Monday March 29 2021,Positif
322,322,323,Puspita Wardani,ASSA terbang lg yuk  ,9:32:34 AM,Monday March 29 2021,Positif
324,324,325,Mic,Wood jpfa main haka,9:25:50 AM,Monday March 29 2021,Positif
325,325,326,Puspita Wardani,"Membalas : Essa ada isu apa
Harga amonia naik trs makanya ESSA ngegas tiap hr",9:14:39 AM,Monday March 29 2021,Positif
329,329,330,Jafar Sim,"Dmmx naik tapi tidak dengan volume besar, berarti pola htf nya gagal ya?     ",9:10:43 AM,Monday March 29 2021,Positif
346,346,347,Eds,"Membalas : BBTN rebound ga si hrusnya gais?
Kemungkinan iya",8:21:57 AM,Monday March 29 2021,Positif
359,359,360,M,"Membalas : https://ekonomi.bisnis.com/read/20210327/257/1373282/cukai-batal-naik-produsen-rokok-kretek-tangan-bernapas-lega#.YF63BZSm09Q.wh
Hmsp bagus ya pak billy karna cukai dibatalkan?",6:55:41 AM,Monday March 29 2021,Positif
4,4,5,Al Blenk,"Membalas : besok ijo tebel
Bukan masalh ijonya.,tpi trnsaksinya ,.ihsg ijo tpi emiten bluechip dll pda kebakar   ",11:32:44 PM,Monday March 29 2021,Negatif
5,5,6,Faliq H,"Membalas : IHSG ijo kok transaksi miskin sekali ya.,,apakah bandar lgi rombongan ziarah religi ???
bandarnya dikrangkeng, ga bisa goreng POSA, MYRX, TRAM, JGLE",11:30:43 PM,Monday March 29 2021,Negatif
6,6,7,Al Blenk,"IHSG ijo kok transaksi miskin sekali ya.,,apakah bandar lgi rombongan ziarah religi ???  ",11:26:12 PM,Monday March 29 2021,Negatif
19,19,20,Mbah Bedjo,"Membalas : ERAA road to 3000 semoga semesta mendukung  
Sayangnya semesta gak mendukung   ",9:39:54 PM,Monday March 29 2021,Negatif
28,28,29,shendy,"Membalas : Bnba dikunci ARB yg kunci bandar?
dibalik aja... liat harga kaya gitu ritel berani masuk kah?",8:19:54 PM,Monday March 29 2021,Negatif
29,29,30,cuaners,"Membalas : Photo
Bnba dikunci ARB yg kunci bandar?",8:18:53 PM,Monday March 29 2021,Negatif
31,31,32,shendy,"Membalas : pernah coba tapi gagal,krna di setiap jam buka langgsung d ARB, jadinya nyangkut terus
pasangnya harga arb juga... nanti ketika ga dikunci langsung lepas sendiri...
sementara ketika masih dikunci sih ya pasti belon bisa wong ga ada yang buyernya",8:09:36 PM,Monday March 29 2021,Negatif
33,33,34,Nixon Maia,"Membalas : yes
pernah coba tapi  gagal,krna di setiap jam buka langgsung d ARB, jadinya nyangkut terus",8:06:45 PM,Monday March 29 2021,Negatif
34,34,35,Hendro Masori,Gak terlalu meyakinkan buat saya sih,8:05:55 PM,Monday March 29 2021,Negatif
36,36,37,Fauzan Tarmizi,"Membalas : Market tidak ada yang tahu pak, tidak semua RI bakalan sukses dan bagus, harusnya tetap berjaga2 ... saya lihat dari awal Maret
Kacau, memang sedikit sekali maya ini total lot harian perdagangannya,

Liat arto RI kemaren, saat ex date, kencengnya bukan main",7:57:22 PM,Monday March 29 2021,Negatif
40,40,41,Fauzan Tarmizi,"Ada yang bisa jelaskan kenapa bank mayapada arb berjilid2 pasca 3 hari cum date RI?

Padahal pas sentimen bank mini terbang, mayapada saya liat kalem2 aja ga ikutan terbang, tetap kisaran 7000'an, lalu tujuan RI juga untuk ekspansi bisnis, tapi kenapa ARB berjilid2 ga berkesudahan ya, sudah FL hampir 53% saya   ",7:48:46 PM,Monday March 29 2021,Negatif
41,41,42,Noval Najib,"Membalas : Begitu tutup bursa, lsg masukkan order sell di harga ARB besok harinya dan berdoa bin berharap ada yang berbaik hati mau jemput
Biasa ada tuh yg beli? Kirain kondisi gini arb ngetem aja ahaha",7:47:51 PM,Monday March 29 2021,Negatif
50,50,51,Vincent,"Membalas : mungkin member sini ada yg nyangkut di BNBA om, makanya dibahas
Saya nyangkut pak, avg 2550 dr untung jd buntung (small portion) thanks buat bei    kalo gada acara suspend suspenan mungkin masih sempet exit sblm dibantai",7:13:12 PM,Monday March 29 2021,Negatif
51,51,52,An Aan,"Membalas : Olt apa yg bisa order sehari sebelumnya pak?
Sesama korban ARB, mau ikut antri  ",7:12:37 PM,Monday March 29 2021,Negatif
63,63,64,Kambing Trader,"Membalas : Photo
Cuman sebatas ARA 3X pak... apa kabar yg ambil dari bawah terus jual di pucuk?",7:03:57 PM,Monday March 29 2021,Negatif
67,67,68,Herni,Pak kl misal kita terjebak di saham ARB berhari2 gmn cara keluar terbaik? Mksdnya kita bs mendahului antrian bandar untuk keluar?,7:01:44 PM,Monday March 29 2021,Negatif
70,70,71,Hendro Masori,"Membalas : ARB berjilid2 bgni apa nggak di suspend y? Maaf, newbie bertanya.
BEI mah cuek aja",7:00:57 PM,Monday March 29 2021,Negatif
76,76,77,Nixon Maia,"Membalas : Photo
Salah Langkah, Bandarnya sadis, mau d ARB kan brp kali supaya dia puas ",6:54:29 PM,Monday March 29 2021,Negatif
77,77,78,Panji Wirawan,Sy kena di BBSI itu...hr trkhir sblum drop udah pasang sell di jam 15.05...ga bisa pasang...besoknya smpai hr ini ada kira2 40an % loss...untung MM nya msh aman...kalau ga amsiong itu...,6:54:00 PM,Monday March 29 2021,Negatif
83,83,84,Fadli,"Membalas : Supirnya mengerikan ini pak guru, sekali dihantem ga dikasih ampun
Pernah dari +10% tiba2 arb wkwk",6:33:25 PM,Monday March 29 2021,Negatif
89,89,90,ARAKAN IHSG 30MAR - 01 APRIL THE LAST SEROK,"Membalas : Photo
Domestik yg mst di tindak.. mreka yg td kompak mengarb kan saham hingga ihsg lemah.. tktny ad broker domestik yg jd akun asing",5:23:35 PM,Monday March 29 2021,Negatif
92,92,93,Novagus VP,"Rombongan KCL,, Korban Cut Loss  ",4:07:46 PM,Monday March 29 2021,Negatif
110,110,111,ARAKAN IHSG 30MAR - 01 APRIL THE LAST SEROK,"Membalas : Pakde @hmasori ada 3 sektor yg bisa dijadiin pantauan utk next week. 1. Banking 2. Properti dan konstruksi BUMN yg rata2 besok d
Sangkut brp wskt sy jg sangkut santuy itu bandar sdh habis distribusi.. tgl menunggu wkt diangkat jgn dibahas trs pak biar diam2 dinaikin saham kalau trs dibahas diarb kan bandar nnt.. bandar bertebaran di grup mana2 hati2",2:58:16 PM,Monday March 29 2021,Negatif
117,117,118,apieth,Sayang amat cent nya ga close d 300 ya pak,2:52:31 PM,Monday March 29 2021,Negatif
119,119,120,Muhammag kuncoro,Ngapain beli antam 3 bulan sekali cuma orofit  11% beli ikan sehari bisa dapat 25% makasih bandar ngehayal terus    ,2:52:21 PM,Monday March 29 2021,Negatif
130,130,131,Yudha,Antm arb,2:41:18 PM,Monday March 29 2021,Negatif
135,135,136,as s,akhirnya antim arb wkwk,2:39:19 PM,Monday March 29 2021,Negatif
148,148,149,Kaanz ,"Membalas : Dpt harga 278 hr ini udh bagus menurut saya 
Hahaha cicil dulu 1 lot pak  rugi pun ga seberapa kalo turun di 268 ",2:17:50 PM,Monday March 29 2021,Negatif
150,150,151,Puspita Wardani,IHSG merah saatnya gorengan cryspy  ,2:17:22 PM,Monday March 29 2021,Negatif
157,157,158,rahmad,ikan tuh yg bosen liat ihsg lesu ,2:13:04 PM,Monday March 29 2021,Negatif
168,168,169,Dharma,Sepi amat ihsg cuma 6T  ,2:04:46 PM,Monday March 29 2021,Negatif
169,169,170,Aho Lie,"Membalas : Sdh diem yuk biar senyap dulu,biar turun dulu, nanti beli lg  
Gak bkln kash turun dibawah 278 klo pegamatan saya",2:02:07 PM,Monday March 29 2021,Negatif
171,171,172,Puspita Wardani,"Membalas : Betul disitu ada area suportnya , cmiww
Sdh diem yuk biar senyap dulu,biar turun dulu, nanti beli lg  ",2:01:23 PM,Monday March 29 2021,Negatif
172,172,173,Yudha,"Antm kemarin terbangin indeks, skrg jd beban indeks  ",2:01:12 PM,Monday March 29 2021,Negatif
176,176,177,Puspita Wardani,"Membalas : 224 lagi plis
ARB brp kali ini  ",1:55:35 PM,Monday March 29 2021,Negatif
190,190,191,Aal,"Membalas : Photo
Hampir aja nyesel jual di 298",1:44:13 PM,Monday March 29 2021,Negatif
192,192,193,Hendra,Hk closing aja biar aman  ,1:43:34 PM,Monday March 29 2021,Negatif
195,195,196,rahmad,ihsg mulai nyungsep ,1:42:24 PM,Monday March 29 2021,Negatif
198,198,199,Erich,gmana brani jalanin swf kl masi sering bom sana sini?    ,1:39:38 PM,Monday March 29 2021,Negatif
200,200,201,Faliq H,"Membalas : Dalem banget wskt nya , untung sempet keluar dari kmrn kmrn
Saya baru keluar td di atas, skrng liat ambles dalam rasanya ingin jadi ironmen wkwkwk",1:38:04 PM,Monday March 29 2021,Negatif
202,202,203,Alzie Al Fachri,"Dalem banget wskt nya , untung sempet keluar dari kmrn kmrn  ",1:37:14 PM,Monday March 29 2021,Negatif
203,203,204,Jay Jay,wskt rugi 9T. lg dibenahi kok. tadi uda ada berita restrukturisasi. apa nanti ada berita jualan tol? restrukturisasi himbara?,1:36:58 PM,Monday March 29 2021,Negatif
205,205,206,Tommy Hermes,"Membalas : .... Ya mmg saya salah sih. Beli di pucuk Ga cutloss Rugi 9t wskt And swf ga ngaruh tnyt..
Cutloss wskt 9t ?",1:34:24 PM,Monday March 29 2021,Negatif
213,213,214,Denny Wang,"....  Ya mmg saya salah sih. Beli di pucuk

Ga cutloss

Rugi 9t wskt
And swf ga ngaruh tnyt..",1:31:54 PM,Monday March 29 2021,Negatif
225,225,226,Denny Wang,"Pakde @hmasori ada 3 sektor yg bisa dijadiin pantauan utk next week.
1. Banking
2. Properti dan konstruksi BUMN yg rata2 besok dapag dukungan momentum pembalik
3. Coal mining yg masih bullish...


Pak @JuthaBram 


Konstruksi  wskt break 1300 pak jutha..

Turun trus ga ada abise..

Apa ak jual saja kah

Loss gila2an.. 30% an",1:17:10 PM,Monday March 29 2021,Negatif
280,280,281,Muhammad Fajar,"Ihsg ijoo, kok sepi yaaa, lemah lesuu",11:19:16 AM,Monday March 29 2021,Negatif
283,283,284,Johny,"Membalas : Pantau KPAL
TP?",11:11:03 AM,Monday March 29 2021,Negatif
288,288,289,Al Blenk,"Membalas : ANTM saham pertama yg saya latihan untuk trading.. itu saham cocoknya 200 poin TP sekali 200 poin TP sekali.. jgn krn mau TP byk
Wkwk bner om.,ANTM dan TINS satu family.,xlo abis rally 150-200 point loyo dah
Emg pas buat celap celup  ",10:13:26 AM,Monday March 29 2021,Negatif
289,289,290,Fajar Oktavaria,"permintaan saya mudah, jangan mampir ke cent ataupun wiim ya udah gitu aja",10:13:23 AM,Monday March 29 2021,Negatif
309,309,310,ARAKAN IHSG 30MAR - 01 APRIL THE LAST SEROK,"Membalas : Ga punya pasangan om, sendirian dari dulu 
sudah TP gjtl ckkckckck",9:48:31 AM,Monday March 29 2021,Negatif
328,328,329,Kaanz ,"Membalas : Dmmx naik tapi tidak dengan volume besar, berarti pola htf nya gagal ya?     
Minggu ini harus breakout kalo tidak bisa berarti pola HTF gaga  ",9:11:36 AM,Monday March 29 2021,Negatif
352,352,353,Eriant Yosua,Ada yg tau kenapa bbca downtrend ? Kira2 suport terdekat dmn ya?,7:33:05 AM,Monday March 29 2021,Negatif
363,363,364,Rocky Thohir,"Membalas : Wah sabotase ?
Pure bencana",2:28:40 AM,Monday March 29 2021,Negatif
366,366,367,Bu Nana,"Membalas : Lha kan kemarin sudah janji sama bu Nana  
Trimakasi Meneer saya baru sampe rmh, besok pagi baru bisa baca lbh detail, 

slamat malam dan beristirahat",11:30:18 PM,Sunday March 28 2021,Negatif
